Date,Open,High,Low,Close,Next_Day_Return,Target,Daily_Return,SMA_5,SMA_10,SMA_20,SMA_50,Momentum_10,RSI_14,MACD,MACD_Signal,Volatility_20
2021-12-01,17104.4,17213.05,17064.25,17166.9,0.0136745714135924,1,0.0108165716708277,17153.35,17376.515,17680.754999999997,17821.28,-832.2999999999993,30.32077393075363,-220.3611551672948,-130.54517758135393,0.0098492192682767
2021-12-02,17183.2,17420.35,17149.3,17401.65,-0.0117776187890229,0,0.0136745714135924,17126.43,17326.815000000002,17656.390000000003,17821.375,-497.0,39.51944216206622,-204.07439607999183,-145.2510212810815,0.0104630248749612
2021-12-03,17424.9,17489.8,17180.8,17196.7,-0.0165409642547698,0,-0.0117776187890229,17160.480000000003,17270.004999999997,17624.765000000003,17814.069,-568.0999999999985,29.66080768626398,-205.3377683497092,-157.26837069480706,0.0107154995375295
2021-12-06,17209.05,17216.75,16891.7,16912.25,0.015636594775976,1,-0.0165409642547698,17132.14,17219.575,17574.5375,17801.380999999998,-504.2999999999993,26.10474631751228,-226.67872647157128,-171.15044185015992,0.0110810393122702
2021-12-07,17044.1,17251.65,16987.75,17176.7,0.017060902268771,1,0.015636594775976,17170.840000000004,17186.91,17529.945,17788.456000000002,-326.6499999999978,34.53540405369836,-219.7198905103905,-180.8643315822061,0.0115704943937866
2021-12-08,17315.25,17484.6,17308.95,17469.75,0.0026960889537628,1,0.0170609022687711,17231.410000000003,17192.38,17501.219999999998,17780.787,54.70000000000073,42.48018795146923,-188.38667270023143,-182.36879980581116,0.0123686244305175
2021-12-09,17524.4,17543.25,17379.6,17516.85,-0.0003168377876158,0,0.0026960889537628,17254.45,17190.440000000002,17476.2025,17774.022,-19.40000000000145,45.51635594293049,-157.9337337013858,-177.48178658492608,0.0124049373668232
2021-12-10,17476.05,17534.35,17405.25,17511.3,-0.0081690108672685,0,-0.0003168377876159,17317.370000000003,17238.925,17458.0875,17769.275999999998,484.84999999999854,51.95574545379487,-132.7175138737839,-168.52893204269765,0.0123071026703569
2021-12-13,17619.1,17639.5,17355.95,17368.25,-0.0024959336720739,0,-0.0081690108672685,17408.57,17270.355000000003,17421.3625,17762.415,314.2999999999993,47.2746711853466,-122.86016199889856,-159.39517803393784,0.0119609921812576
2021-12-14,17283.2,17376.2,17225.8,17324.9,-0.0059740604563374,0,-0.002495933672074,17438.21,17304.525,17382.135000000002,17756.55,341.7000000000007,48.14784377375552,-117.19516936758735,-150.95517630066774,0.0119482564622286
2021-12-15,17323.65,17351.2,17192.2,17221.4,0.0015678167860917,1,-0.0059740604563374,17388.54,17309.975,17343.245,17750.337,54.5,43.48392971708854,-119.67763759812806,-144.6996685601598,0.0119463042380346
2021-12-16,17373.0,17379.35,17184.95,17248.4,-0.0152593863778669,0,0.0015678167860917,17334.85,17294.65,17310.732500000002,17741.48,-153.25,55.7406305770375,-118.10489746424356,-139.38071434097657,0.0119447302212544
2021-12-17,17276.0,17298.15,16966.45,16985.2,-0.0218425452747097,0,-0.0152593863778669,17229.629999999997,17273.5,17271.752500000002,17724.738,-211.5,48.41505867164626,-136.52278029422814,-138.8091275316269,0.0122625754378662
2021-12-20,16824.25,16840.1,16410.2,16614.2,0.0094286814893282,1,-0.0218425452747097,17078.82,17243.695,17231.635,17704.102000000003,-298.0499999999993,42.52764165080393,-178.99237190980784,-146.8457764072631,0.0124390773928589
2021-12-21,16773.15,16936.4,16688.25,16770.85,0.0110071940301178,1,0.0094286814893282,16968.010000000002,17203.11,17195.010000000002,17683.712,-405.8500000000022,41.89103417210942,-197.730173068343,-157.0226557394791,0.012614191409409
2021-12-22,16865.55,16971.0,16819.5,16955.45,0.0069092828559547,1,0.0110071940301179,16914.82,17151.68,17172.030000000002,17664.917,-514.2999999999993,40.67268698524184,-195.4315252800916,-164.7044296476016,0.0129211663912768
2021-12-23,17066.8,17118.65,17015.55,17072.6,-0.004032777667139,0,0.0069092828559547,16879.66,17107.255,17148.8475,17647.45,-444.25,47.30697452367513,-182.0581513687248,-168.17517399182628,0.0129194906357206
2021-12-24,17149.5,17155.6,16909.6,17003.75,0.0048518709108284,1,-0.004032777667139,16883.370000000003,17056.5,17147.7125,17627.686,-507.5499999999993,52.190567392865695,-174.99800769037392,-169.53974073153583,0.0111784297540151
2021-12-27,16937.75,17112.05,16833.2,17086.25,0.0086034091740434,1,0.0048518709108285,16977.78,17028.3,17149.3275,17606.176,-282.0,47.62791429545511,-160.89108021941138,-167.81000862911097,0.0112264809418519
2021-12-28,17177.6,17250.25,17161.15,17233.25,-0.0011402376220388,0,0.0086034091740434,17070.260000000002,17019.135000000002,17161.829999999998,17584.07,-91.65000000000146,43.28315819369495,-136.27863185646856,-161.5037332745825,0.0113308567621516
2021-12-29,17220.1,17285.95,17176.65,17213.6,-0.0005606032439465,0,-0.0011402376220388,17121.890000000003,17018.355000000003,17164.165,17558.801,-7.80000000000291,41.25097371685754,-117.0098631179062,-152.6049592432473,0.01108691933705
2021-12-30,17201.45,17264.05,17146.35,17203.95,0.0087247405392365,1,-0.0005606032439464,17148.16,17013.909999999996,17154.28,17534.505,-44.45000000000073,41.15361367757536,-101.34960427011174,-142.35388824862017,0.0106232056299973
2021-12-31,17244.5,17400.8,17238.5,17354.05,0.0156534065535135,1,0.0087247405392365,17218.22,17050.795000000002,17162.1475,17516.254,368.84999999999854,49.59293658984059,-75.9514002808719,-129.0733906550705,0.0104675061958978
2022-01-03,17387.15,17646.65,17383.3,17625.7,0.0101868294592554,1,0.0156534065535134,17326.11,17151.945,17197.82,17505.206000000002,1011.5,57.62484157160963,-33.51689401829208,-109.96209132771484,0.0101792252544875
2022-01-04,17681.4,17827.6,17593.55,17805.25,0.006739585234692,1,0.0101868294592555,17440.510000000002,17255.385,17229.2475,17499.013,1034.4000000000017,64.25032339947768,14.434549851459453,-85.08276309187997,0.009866419124909
2022-01-05,17820.1,17944.7,17748.85,17925.25,-0.0100054392546825,0,0.006739585234692,17582.840000000004,17352.364999999998,17252.0225,17495.01,969.7999999999992,65.80280637855759,61.41149818415215,-55.78391083667354,0.0092812314761948
2022-01-06,17768.5,17797.95,17655.55,17745.9,0.0037642497703694,1,-0.0100054392546825,17691.23,17419.695,17263.475,17484.56,673.3000000000029,68.48422996549553,83.20983094413532,-27.98516248051177,0.0096114374788887
2022-01-07,17797.6,17905.0,17704.55,17812.7,0.0107002307342513,1,0.0037642497703693,17782.960000000003,17500.59,17278.545000000002,17476.595,808.9500000000007,84.17450812660408,104.66881152880524,-1.4543676786483672,0.0096321511869374
2022-01-10,17913.3,18017.45,17879.15,18003.3,0.002913354773847,1,0.0107002307342514,17858.48,17592.295000000002,17310.2975,17479.516,917.0499999999992,84.47509021231377,135.49315459053832,25.935136775188973,0.0096214249542708
2022-01-11,17997.75,18081.25,17964.4,18055.75,0.0086731373662129,1,0.0029133547738471,17908.579999999998,17674.545000000002,17346.84,17487.198,822.5,83.23566725064957,162.28324497120775,53.204758414392735,0.009568971402857
2022-01-12,18170.4,18227.95,18128.8,18212.35,0.0024955593319917,1,0.008673137366213,17966.0,17774.42,17396.3875,17492.852,998.75,83.62590352559388,193.91555800482456,81.3469183324791,0.0094776263720833
2022-01-13,18257.0,18272.25,18163.8,18257.8,-0.000112280778626,0,0.0024955593319917,18068.38,17879.805,17446.8575,17500.229000000003,1053.8499999999983,87.51607981571793,220.11448635873967,109.10043193773124,0.0094733201636283
2022-01-14,18185.0,18286.95,18119.65,18255.75,0.0028675896635305,1,-0.0001122807786261,18156.99,17969.975,17510.385,17508.76,901.7000000000008,86.75592431956767,237.9687523185457,134.87409601389413,0.008501572169909
2022-01-17,18235.65,18321.55,18228.75,18308.1,-0.0106537543491678,0,0.0028675896635306,18217.95,18038.215000000004,17595.08,17516.586,682.3999999999978,85.91812865497089,253.4213110925375,158.5835390296228,0.0060418508500022
2022-01-18,18337.2,18350.95,18085.9,18113.05,-0.0096422192838863,0,-0.0106537543491678,18229.41,18068.995000000003,17662.19,17517.476,307.7999999999993,76.90305985104555,247.0804803759529,176.28292729888884,0.0068600798178083
2022-01-19,18129.2,18129.2,17884.9,17938.4,-0.010112384605093,0,-0.0096422192838863,18174.62,18070.31,17711.3375,17515.359,13.150000000001455,69.99428306971944,225.3646673600997,186.099275311131,0.0072723577460557
2022-01-20,17921.0,17943.7,17648.45,17757.0,-0.0078757673030353,0,-0.0101123846050931,18074.46,18071.42,17745.557500000003,17510.155,11.099999999998545,60.78588827324077,191.31194015554135,187.1418082800131,0.007752100852792
2022-01-21,17613.7,17707.6,17485.85,17617.15,-0.0265678614304812,0,-0.0078757673030352,17946.739999999998,18051.865,17776.2275,17505.026,-195.54999999999927,49.75376551565247,151.29613462313137,179.97267354863675,0.0079543807287002
2022-01-24,17575.15,17599.4,16997.85,17149.1,0.0075135138287141,1,-0.0265678614304812,17714.94,17966.445,17779.370000000003,17485.953,-854.2000000000007,33.79596473464541,80.88322562055328,160.1547839630201,0.0101267153205301
2022-01-25,17001.55,17309.15,16836.8,17277.95,-0.0097118003003828,0,0.0075135138287141,17547.920000000002,17888.665,17781.605,17469.323,-777.7999999999993,34.08409146791246,35.07330289066522,135.1384877485491,0.010082133016846
2022-01-27,17062.0,17182.5,16866.75,17110.15,-0.0004792476980038,0,-0.0097118003003827,17382.27,17778.445,17776.432500000003,17451.542,-1102.199999999997,34.27879027671305,-14.603112956294352,105.1901676075804,0.0103204879174092
2022-01-28,17208.3,17373.5,17077.1,17101.95,0.0139106943944987,1,-0.0004792476980038,17251.260000000002,17662.86,17771.3325,17435.608,-1155.8499999999983,31.899559426490427,-54.01109559472388,73.34991496711956,0.0103203752891274
2022-01-31,17301.05,17410.0,17264.15,17339.85,0.0136679383039645,1,0.0139106943944986,17195.8,17571.269999999997,17770.6225,17427.109,-915.9000000000016,33.50160395891872,-65.2930068288806,45.62133060791953,0.0106184802127834
2022-02-01,17529.45,17622.4,17244.55,17576.85,0.0115578161047059,1,0.0136679383039646,17281.35,17498.144999999997,17768.18,17430.315,-731.25,39.09211005830899,-54.48204831628027,25.60065482307957,0.0104728413685338
2022-02-02,17706.2,17794.6,17674.8,17780.0,-0.0123622047244094,0,0.011557816104706,17381.76,17464.84,17766.917500000003,17435.848,-333.0499999999993,40.356864057098285,-29.18534807630931,14.643454243201791,0.0105478415729701
2022-02-03,17767.75,17781.15,17511.15,17560.2,-0.0024999715265202,0,-0.0123622047244094,17471.77,17427.02,17748.665,17438.751,-378.2000000000007,35.56351144406277,-26.56730261107441,6.4013028723465535,0.0107663177388806
2022-02-04,17590.2,17617.8,17462.55,17516.3,-0.0172810467964125,0,-0.0024999715265202,17554.64,17402.95,17737.185,17438.352,-240.70000000000076,34.95799344982606,-27.71536040770297,-0.4220297836633522,0.0105638100988218
2022-02-07,17456.3,17536.75,17119.4,17213.6,0.0030876748617373,1,-0.0172810467964125,17529.39,17362.595,17707.23,17442.095,-403.5500000000029,29.793597459661058,-52.44599987334732,-10.826823801600144,0.0111389574015595
2022-02-08,17279.85,17306.45,17043.65,17266.75,0.0114121070844252,1,0.0030876748617372,17467.370000000003,17374.36,17670.4025,17446.351,117.65000000000146,33.51192331670828,-66.98429575243426,-22.05831819176697,0.0108202341345551
2022-02-09,17370.1,17477.15,17339.0,17463.8,0.0081339685520905,1,0.0114121070844253,17404.129999999997,17392.945,17640.805,17455.963,185.84999999999852,40.8335908529048,-61.892256389866816,-30.025105831386945,0.0111853369345514
2022-02-10,17554.1,17639.45,17427.15,17605.85,-0.0131263188088049,0,0.0081339685520904,17413.26,17442.515,17610.48,17464.742,495.6999999999971,47.03563513699032,-45.86581807002585,-33.19324827911473,0.0111598803890357
2022-02-11,17451.0,17454.75,17303.0,17374.75,-0.0306162678599692,0,-0.0131263188088049,17384.95,17469.795,17566.327500000003,17464.203999999998,272.7999999999993,45.41030787291246,-51.22213200097394,-36.79902502348657,0.0113998566461647
2022-02-14,17076.15,17099.5,16809.65,16842.8,0.0302592205571521,1,-0.0306162678599692,17310.79,17420.09,17495.68,17457.126,-497.0499999999993,44.33742512756047,-97.26970408931084,-48.89316083665143,0.0130035276581784
2022-02-15,16933.25,17375.0,16839.25,17352.45,-0.0017432696823791,0,0.0302592205571521,17327.93,17397.65,17447.8975,17465.93,-224.39999999999785,51.207298891553776,-91.5825345962512,-57.43103558857139,0.0150410136148906
2022-02-16,17408.45,17490.6,17257.7,17322.2,-0.0010160372239093,0,-0.0017432696823791,17299.61,17351.870000000003,17408.355,17468.84,-457.7999999999993,53.596689112403936,-88.49620482708997,-63.64406943627512,0.0149204270584268
2022-02-17,17396.55,17442.9,17235.85,17304.6,-0.0016354033031679,0,-0.0010160372239093,17239.36,17326.309999999998,17376.665,17465.537,-255.60000000000215,53.42632513314731,-86.47362503840486,-68.20998055670107,0.014815964349749
2022-02-18,17236.05,17380.8,17219.2,17276.3,-0.0040315345299628,0,-0.0016354033031679,17219.670000000002,17302.31,17352.629999999997,17460.726,-240.0,48.843557221625765,-86.16107819497847,-71.80020008435655,0.0146830700839052
2022-02-21,17192.25,17351.05,17070.7,17206.65,-0.0066514981126483,0,-0.0040315345299628,17292.44,17301.614999999998,17332.105,17454.633,-6.94999999999709,42.826415533077615,-90.49043803907624,-75.53824767530048,0.0146170389703364
2022-02-22,16847.95,17148.55,16843.8,17092.2,-0.0016937550461614,0,-0.0066514981126483,17240.39,17284.16,17329.26,17449.112,-174.54999999999927,36.197624016696125,-101.98107110167255,-80.8268123605749,0.0134182374593637
2022-02-23,17194.5,17220.7,17027.85,17063.25,-0.0477810499172197,0,-0.0016937550461614,17188.6,17244.105000000003,17318.525,17443.879,-400.5499999999993,39.20026078452679,-112.13092810396849,-87.08763550925363,0.0133014169305923
2022-02-24,16548.9,16705.25,16203.25,16247.95,0.0252616483925664,1,-0.0477810499172197,16977.27,17108.315,17275.415,17424.41,-1357.8999999999978,29.357290496883323,-183.84342657466917,-106.43879372233673,0.0169157129633088
2022-02-25,16515.65,16748.8,16478.3,16658.4,0.0081340344811026,1,0.0252616483925665,16853.690000000002,17036.68,17253.2375,17412.61,-716.3499999999985,41.27016572848208,-205.19090057223,-126.1892150923154,0.0180165415815424
2022-02-28,16481.6,16815.9,16356.3,16793.9,-0.0111915636034512,0,0.0081340344811027,16771.140000000003,17031.79,17225.94,17408.784,-48.89999999999782,42.7527013564258,-208.76865483730217,-142.70510304131275,0.0178073533705888
2022-03-02,16593.1,16678.5,16478.65,16605.95,-0.0064976710155095,0,-0.0111915636034513,16673.890000000003,16957.14,17177.394999999997,17408.619,-746.5,36.815086915758606,-224.1857710867189,-159.001236650394,0.0175627748779761
2022-03-03,16723.2,16768.95,16442.95,16498.05,-0.0153169617015343,0,-0.0064976710155095,16560.85,16874.725,17113.297499999997,17403.163,-824.1500000000015,32.792792792792824,-242.3172921244477,-175.66444774520474,0.0172532195481691
2022-03-04,16339.45,16456.0,16133.8,16245.35,-0.023526732264925,0,-0.0153169617015344,16560.329999999998,16768.800000000003,17047.555,17388.961,-1059.2499999999982,32.57421465160775,-273.9198537109951,-195.3155289383628,0.0173446793465431
2022-03-07,15867.95,15944.6,15711.45,15863.15,0.0094747890551372,1,-0.023526732264925,16401.28,16627.485,16964.8975,17364.772,-1413.1499999999996,34.15241761974863,-326.0469905242608,-221.4618212555424,0.0178941393783728
2022-03-08,15747.75,16028.75,15671.45,16013.45,0.0207263269314232,1,0.0094747890551372,16245.19,16508.165,16904.89,17344.966,-1193.2000000000007,25.489657697235984,-351.1819610699931,-247.4058492184326,0.0179113654133506
2022-03-09,16078.0,16418.05,15990.0,16345.35,0.0152673390291429,1,0.0207263269314232,16193.070000000002,16433.48,16858.82,17330.148,-746.8500000000004,33.89710367110101,-340.39617490417004,-266.0039143555801,0.0186686264802415
2022-03-10,16757.1,16757.3,16447.9,16594.9,0.0021422244183453,1,0.0152673390291429,16212.440000000002,16386.645,16815.375,17317.380999999998,-468.34999999999854,39.13203270956484,-308.1594914420057,-274.4350297728652,0.0188397297084225
2022-03-11,16528.8,16694.4,16470.9,16630.45,0.0144824704081969,1,0.0021422244183453,16289.46,16424.895,16766.605000000003,17305.718,382.5,40.13170962763766,-276.5551440976669,-274.8590526378256,0.0187109626711283
2022-03-14,16633.7,16887.95,16606.5,16871.3,-0.0123464107685832,0,0.0144824704081969,16491.09,16446.184999999998,16741.4325,17299.065,212.89999999999785,45.13075169519824,-229.42917231395404,-265.7730765730513,0.0189168698335229
2022-03-15,16900.65,16927.75,16555.0,16663.0,0.0187451239272639,1,-0.0123464107685833,16621.0,16433.095,16732.442499999997,17285.244,-130.90000000000146,43.9333974105275,-206.50906140291045,-253.92027353902316,0.0178368585880191
2022-03-16,16876.65,16987.9,16837.85,16975.35,0.0183619189000521,1,0.018745123927264,16747.0,16470.035,16713.5875,17272.237,369.3999999999978,48.8497173366834,-161.28152081559165,-235.39252299433684,0.0169600152714612
2022-03-17,17202.9,17344.6,17175.75,17287.05,-0.0098021351242693,0,0.0183619189000521,16885.43,16548.935,16711.83,17261.873,789.0,65.66230555890508,-99.14391470512057,-208.1428013364936,0.0174984332977313
2022-03-21,17329.5,17353.35,17096.4,17117.6,0.0115612001682479,1,-0.0098021351242694,16982.86,16636.159999999996,16702.48,17245.72,872.2499999999982,57.46375398218577,-62.84813880996444,-179.08386883118777,0.0176362292499461
2022-03-22,17120.4,17334.4,17006.3,17315.5,-0.0040339580144955,0,0.0115612001682479,17071.7,16781.394999999997,16704.44,17237.112,1452.3500000000004,58.30943732874527,-17.90816466065371,-146.84872799708094,0.0178331030769473
2022-03-23,17405.05,17442.4,17199.6,17245.65,-0.001327871086332,0,-0.0040339580144955,17188.23,16904.615,16706.390000000003,17225.771,1232.2000000000007,60.58930640622415,11.933218671834766,-115.0923386632978,0.0178331338226024
2022-03-24,17094.95,17291.75,17091.15,17222.75,-0.0040498758909001,0,-0.001327871086332,17237.71,16992.355000000003,16712.917500000003,17210.16,877.3999999999996,62.34372338613525,33.35044813550121,-85.40378130353801,0.0177640480393789
2022-03-25,17289.0,17294.9,17076.55,17153.0,0.0040226199498629,1,-0.0040498758909001,17210.9,17048.165,16717.405000000002,17192.105,558.0999999999985,66.48743892027392,44.186164118309534,-59.4857922191685,0.0177873823474258
2022-03-28,17181.85,17235.1,17003.9,17222.0,0.0059981419115084,1,0.0040226199498629,17231.78,17107.32,16766.107500000002,17172.298,591.5499999999993,77.8527066636604,57.67641266189821,-36.05335124295516,0.0137026543539389
2022-03-29,17297.2,17343.65,17235.7,17325.3,0.0099825111253485,1,0.0059981419115084,17233.739999999998,17152.72,16799.4525,17153.647999999997,454.0,77.41760193951552,75.8288704933475,-13.67690689569463,0.0126958600436648
2022-03-30,17468.15,17522.5,17387.2,17498.25,-0.0019144771620019,0,0.0099825111253484,17284.260000000002,17236.245000000003,16834.670000000002,17138.498,835.25,75.81042356944569,102.98331613914706,9.655137711273708,0.0127491661499285
2022-03-31,17519.2,17559.8,17435.2,17464.75,0.0117780099915544,1,-0.0019144771620018,17332.66,17285.185,16877.61,17121.631,489.4000000000015,71.55922373410661,120.41220299965426,31.80655076894982,0.0124029022842346
2022-04-01,17436.9,17703.7,17422.7,17670.45,0.0216717740634789,1,0.0117780099915545,17436.15,17323.525,16936.230000000003,17112.779000000002,383.4000000000015,73.77142857142857,149.10421175931697,55.26608296702325,0.0123707420676364
2022-04-04,17809.1,18114.65,17791.4,18053.4,-0.0053175579115291,0,0.0216717740634788,17602.43,17417.105000000003,17026.6325,17115.079,935.8000000000028,75.3713083791209,200.4332304540985,84.29951246443831,0.0121710775299731
2022-04-05,18080.6,18095.45,17921.55,17957.4,-0.0083391805049728,0,-0.0053175579115291,17728.85,17481.295000000002,17131.345,17119.087000000003,641.9000000000015,79.18865286609841,230.706014554522,113.58081288245504,0.0104567581373501
2022-04-06,17842.75,17901.0,17779.85,17807.65,-0.0094397632478177,0,-0.0083391805049728,17790.730000000003,17537.495,17221.055,17122.897,562.0,70.25356499732324,239.8490104787379,138.83445240171164,0.0109180249645988
2022-04-07,17723.3,17787.5,17623.7,17639.55,0.0082088261888766,1,-0.0094397632478178,17825.690000000002,17579.175,17285.765,17132.706000000002,416.7999999999993,59.22243733975195,230.869317707351,157.24142546283952,0.0107691147444633
2022-04-08,17698.15,17842.75,17600.55,17784.35,-0.0061514758762618,0,0.0082088261888766,17848.47,17642.309999999998,17345.2375,17142.834,631.3499999999985,67.67208248297061,232.7539536533332,172.34393110093825,0.0104880068852505
2022-04-11,17740.9,17779.05,17650.95,17674.95,-0.0081838986814673,0,-0.0061514758762618,17772.78,17687.605,17397.4625,17154.13,452.9500000000007,59.99610667704888,222.85098804231168,182.44534248921292,0.0107069917591257
2022-04-12,17584.85,17595.3,17442.35,17530.3,-0.0031174594844353,0,-0.0081838986814674,17687.36,17708.105,17430.4125,17162.697,205.0,57.59978641035903,201.01361056311,186.1589961039924,0.0106386461616669
2022-04-13,17599.9,17663.65,17457.4,17475.65,-0.0172811883964258,0,-0.0031174594844354,17620.96,17705.845,17471.045000000002,17165.413,-22.599999999998545,56.639537936466304,177.25425657726373,184.37804819864664,0.0101749881474922
2022-04-18,17183.45,17237.75,17067.85,17173.65,-0.012519179091224,0,-0.0172811883964258,17527.780000000002,17676.735,17480.96,17157.349000000002,-291.09999999999854,50.48321048321051,132.5282184792086,174.00808225475902,0.0103229923605033
2022-04-19,17258.95,17275.65,16824.7,16958.65,0.0104902218042118,1,-0.012519179091224,17362.640000000003,17605.555,17464.54,17140.922000000002,-711.7999999999993,44.23173803526451,78.82516049948754,154.97149790370472,0.0098290597458176
2022-04-20,17045.25,17186.9,16978.95,17136.55,0.0149417473178673,1,0.0104902218042117,17254.96,17513.870000000003,17465.4875,17132.449,-916.8500000000022,45.99656393832057,50.04327563789048,133.98585345054187,0.0099101632498939
2022-04-21,17234.6,17414.7,17215.5,17392.6,-0.0126864298609752,0,0.0149417473178672,17227.420000000002,17457.39,17469.342500000002,17129.975,-564.8000000000029,47.83544018521171,47.34871313221447,116.6584253868764,0.0101420170224565
2022-04-22,17242.75,17315.3,17149.2,17171.95,-0.0126951219867283,0,-0.0126864298609752,17166.68,17393.82,17465.6575,17129.142000000003,-635.7000000000007,44.42837570406454,27.096292785805417,98.7459988666622,0.0105130670045266
2022-04-25,17009.05,17054.3,16888.7,16953.95,0.0145600287838526,1,-0.0126951219867283,17122.739999999998,17325.260000000002,17452.2175,17122.886000000002,-685.5999999999985,36.42941020493197,-6.470091164064797,77.70278086051681,0.0108802873345588
2022-04-26,17121.3,17223.85,17064.45,17200.8,-0.0094414213292403,0,0.0145600287838525,17171.17,17266.905,17454.607500000002,17117.626,-583.5499999999993,32.97387970285156,-13.003069003261771,59.5616108877611,0.0113663460806285
2022-04-27,17073.35,17110.7,16958.45,17038.4,0.0121284862428395,1,-0.0094414213292404,17151.54,17203.25,17445.427499999998,17106.277000000002,-636.5499999999993,32.12201385106211,-30.928301566698792,41.46362839686912,0.0115256559914072
2022-04-28,17189.5,17322.5,17071.05,17245.05,-0.008263240756043,0,0.0121284862428394,17122.03,17174.725000000002,17441.415,17103.683,-285.25,39.29237562331079,-28.13492763130853,27.54391719123359,0.0117853932303563
2022-04-29,17329.25,17377.65,17053.25,17102.55,-0.0019558486892305,0,-0.008263240756043,17108.15,17137.415,17421.629999999997,17108.878,-373.1000000000022,39.67903132807989,-36.99328221034739,14.636477310917396,0.0116640065162965
2022-05-02,16924.45,17092.25,16917.25,17069.1,-0.0229361829270436,0,-0.0019558486892305,17131.18,17126.96,17401.8475,17103.211,-104.55000000000292,35.63841535650455,-46.18038870719829,2.47310410729426,0.0116641662327088
2022-05-04,17096.6,17132.85,16623.95,16677.6,0.0003028013623065,1,-0.0229361829270435,17026.54,17098.855,17352.204999999998,17090.319,-281.0500000000029,32.011903688339686,-84.08276116248089,-14.838068946660773,0.0122196331843783
2022-05-05,16854.75,16945.7,16651.85,16682.65,-0.0162683986057371,0,0.0003028013623065,16955.389999999996,17053.465,17283.667500000003,17077.88,-453.8999999999978,33.90120221070022,-112.41729501021108,-34.35391415937084,0.0108198131934904
2022-05-06,16415.55,16484.2,16340.9,16411.25,-0.0066661588849112,0,-0.0162683986057371,16788.629999999997,16955.33,17206.36,17060.579,-981.3499999999984,31.32238365971777,-154.98574979108162,-58.480281285713,0.0111676309633765
2022-05-09,16227.7,16403.7,16142.1,16301.85,-0.0037909807782552,0,-0.0066661588849112,16628.489999999998,16868.32,17131.07,17042.483,-870.1000000000004,33.59304426377591,-195.29794940810095,-85.8438149101906,0.0111430653887628
2022-05-10,16248.9,16404.55,16197.3,16240.05,-0.0044919812439,0,-0.0037909807782553,16462.68,16796.93,17061.094999999998,17025.44,-713.9000000000015,35.64866592107359,-229.5858784595221,-114.5922276200569,0.0110786345188017
2022-05-11,16270.05,16318.75,15992.6,16167.1,-0.0222117757668351,0,-0.0044919812439,16360.579999999998,16693.56,16980.232500000002,17007.517,-1033.699999999999,29.79175786379838,-259.6526504689318,-143.6043121898319,0.0106953632350827
2022-05-12,16021.1,16041.95,15735.75,15808.0,-0.0016352479757085,0,-0.022211775766835,16185.65,16570.52,16886.885000000002,16998.718,-1230.4000000000017,18.329535915577395,-308.89638750799713,-176.66272725346494,0.0113903068253823
2022-05-13,15977.0,16083.6,15740.85,15782.15,0.0038112677930446,1,-0.0016352479757085,16059.829999999998,16424.23,16799.4775,16981.193,-1462.8999999999996,19.877324548094805,-346.0195844758309,-210.53409869793813,0.0114033415293366
2022-05-16,15845.1,15977.95,15739.65,15842.3,0.026321935577536,1,0.0038112677930446,15967.920000000002,16298.204999999998,16717.81,16962.161,-1260.25,24.13624624834225,-366.3631765791142,-241.69991427417332,0.0115731831598402
2022-05-17,15912.6,16284.25,15900.8,16259.3,-0.0011685619922136,0,0.0263219355775361,15971.77,16217.225,16672.092500000002,16955.228,-809.7999999999993,29.70205243187307,-344.861852140617,-262.3323018474621,0.0131092970003373
2022-05-18,16318.15,16399.8,16211.2,16240.3,-0.0265327610943147,0,-0.0011685619922137,15986.41,16173.495,16636.175,16950.073,-437.2999999999993,31.65961945031711,-325.6017050490191,-274.9861824877735,0.0129036470675767
2022-05-19,15917.4,15984.75,15775.2,15809.4,0.0288910395081407,1,-0.0265327610943147,15986.69,16086.169999999998,16569.8175,16941.354,-873.2500000000018,20.091248098997998,-341.1750746490616,-288.2239609200311,0.0136396614324891
2022-05-20,16043.8,16283.05,16003.85,16266.15,-0.003163010300532,0,0.0288910395081407,16083.49,16071.659999999998,16513.495,16949.414,-145.10000000000036,34.59271266993335,-313.0525001231799,-293.1896687606609,0.0149494308179026
2022-05-23,16290.95,16414.7,16185.75,16214.7,-0.0055227663786564,0,-0.003163010300532,16157.97,16062.944999999998,16465.6325,16953.439000000002,-87.14999999999964,34.36482084690559,-291.5558676584769,-292.8629085402241,0.0147833338341041
2022-05-24,16225.55,16262.8,16078.6,16125.15,-0.0061611829967473,0,-0.0055227663786564,16131.14,16051.454999999998,16424.1925,16949.035,-114.89999999999964,38.63435307671738,-278.5347924492853,-289.9972853220364,0.0146156909235814
2022-05-25,16196.35,16223.35,16006.95,16025.8,0.0090073506470816,1,-0.0061611829967473,16088.24,16037.325,16365.4425,16937.653000000002,-141.3000000000011,36.99126611609526,-273.08426580448395,-286.6146814185259,0.0140744590879406
2022-05-26,16105.0,16204.45,15903.7,16170.15,0.0112738595498496,1,0.0090073506470815,16160.39,16073.54,16322.03,16928.447,362.1499999999997,44.97205538872205,-254.1867390508141,-280.12909294498354,0.0142635610640366
2022-05-27,16296.6,16370.6,16221.95,16352.45,0.0188931933746931,1,0.0112738595498496,16177.65,16130.569999999998,16277.4,16918.07,570.3000000000011,51.02408419348311,-221.9418193543388,-268.4916382268546,0.0142185910610085
2022-05-30,16527.9,16695.5,16506.15,16661.4,-0.0046124575365816,0,0.0188931933746931,16266.990000000002,16212.48,16255.3425,16918.038,819.1000000000022,57.75210199988964,-169.5038700838304,-248.6940845982498,0.014924244156216
2022-05-31,16578.45,16690.75,16521.9,16584.55,-0.0037263597746094,0,-0.0046124575365816,16358.87,16245.005,16231.115,16910.222,325.25,57.66934283772112,-132.61882299059653,-225.47903227671915,0.014943134286646
2022-06-01,16594.4,16649.2,16438.85,16522.75,0.0063700049931155,1,-0.0037263597746094,16458.260000000002,16273.25,16223.3725,16894.936,282.4500000000007,64.74167268227285,-107.13887073247132,-201.8109999678696,0.0140735433253553
2022-06-02,16481.65,16646.4,16443.05,16628.0,-0.0026280971854703,0,0.0063700049931154,16549.83,16355.11,16220.64,16885.144,818.6000000000004,66.89233718770593,-77.55897798627848,-176.96059557155138,0.014154026254714
2022-06-03,16761.65,16793.85,16567.9,16584.3,-0.0008893953920273,0,-0.0026280971854703,16596.2,16386.925,16229.2925,16870.52,318.14999999999964,64.9163718237375,-56.98602523087175,-152.96568150341545,0.0136521106489666
2022-06-06,16530.7,16610.95,16444.55,16569.55,-0.0092458757178077,0,-0.0008893953920273,16577.829999999998,16422.41,16242.6775,16856.998,354.84999999999854,57.44022638432575,-41.39483973611277,-130.65151314995492,0.013550735890871
2022-06-07,16469.6,16487.25,16347.1,16416.35,-0.0036609843235553,0,-0.0092458757178076,16544.19,16451.530000000002,16251.492500000002,16840.87,291.1999999999989,53.96660883671674,-40.92887002100542,-112.70698452416502,0.0137041881928125
2022-06-08,16474.95,16514.3,16293.35,16356.25,0.0074497516239968,1,-0.0036609843235554,16510.89,16484.575,16260.95,16824.935,330.4500000000007,64.79292341818376,-44.89167015850399,-99.14392165103284,0.0136890962439741
2022-06-09,16263.85,16492.8,16243.85,16478.1,-0.016767709869463,0,0.0074497516239968,16480.909999999996,16515.37,16294.454999999998,16810.057,307.9499999999989,57.00221348574444,-37.76461419604311,-86.86806016003489,0.01264662351945
2022-06-10,16283.95,16324.7,16172.6,16201.8,-0.0263797849621646,0,-0.016767709869463,16404.41,16500.305,16315.4375,16787.587000000003,-150.65000000000146,49.62894782258524,-53.79139810926426,-80.25272774988076,0.0133199794928582
2022-06-13,15877.55,15886.15,15684.0,15774.4,-0.0026815599959427,0,-0.0263797849621646,16245.38,16411.605,16312.0425,16753.11,-887.0000000000018,41.55287431062303,-99.82957470099792,-84.1680971401042,0.0146739278953014
2022-06-14,15674.25,15858.0,15659.45,15732.1,-0.0025393939779178,0,-0.0026815599959427,16108.53,16326.36,16285.6825,16718.457000000002,-852.4499999999989,42.72695755534647,-138.13607117940774,-94.96169194796492,0.013292091690534
2022-06-15,15729.25,15783.65,15678.9,15692.15,-0.0211283985942015,0,-0.0025393939779178,15975.709999999995,16243.3,16258.275,16678.891,-830.6000000000004,37.51762678226355,-169.76097786557875,-109.9215491314877,0.0132934862892791
2022-06-16,15832.25,15863.15,15335.1,15360.6,-0.0043683189458745,0,-0.0211283985942014,15752.21,16116.56,16235.834999999995,16625.035,-1267.3999999999996,25.9720438964122,-219.0521614189529,-131.74767158898075,0.0128066853112334
2022-06-17,15272.65,15400.4,15183.4,15293.5,0.0037041880537483,1,-0.0043683189458745,15570.55,15987.48,16187.2025,16571.756999999998,-1290.7999999999993,12.463640853959646,-260.5269956967368,-157.50353641053198,0.0106493278758622
2022-06-20,15334.5,15382.5,15191.1,15350.15,0.0188043765044641,1,0.0037041880537482,15485.7,15865.54,16143.975,16522.607,-1219.3999999999996,15.74726677396076,-285.5334670460343,-183.10952253763244,0.0107547970933333
2022-06-21,15455.95,15707.25,15419.85,15638.8,-0.0144192649052356,0,0.018804376504464,15467.04,15787.784999999998,16119.657499999998,16482.592,-777.5499999999993,28.21441774491676,-278.84527830777915,-202.25667369166175,0.0117464173141581
2022-06-22,15545.65,15565.4,15385.95,15413.3,0.0093004093866985,1,-0.0144192649052357,15411.27,15693.49,16089.032499999998,16435.171000000002,-942.9500000000008,21.73801768264302,-288.41612441532743,-219.4885638363949,0.0120611338135384
2022-06-23,15451.55,15628.45,15367.5,15556.65,0.0091664979285386,1,0.0093004093866986,15450.48,15601.345,16058.357500000002,16392.804999999997,-921.4499999999988,27.149623107197613,-281.19252949200563,-231.82935696751707,0.012075223151081
2022-06-24,15657.4,15749.25,15619.45,15699.25,0.0084590028186059,1,0.0091664979285386,15531.63,15551.09,16025.6975,16356.184,-502.5499999999993,31.689459288870182,-260.9530459538819,-237.65409476479005,0.0119632368665982
2022-06-27,15926.2,15927.45,15815.5,15832.05,0.0011464087089164,1,0.008459002818606,15628.009999999998,15556.855,15984.23,16323.312,57.64999999999964,37.60027163532956,-231.52834465245724,-236.4289447423235,0.0112093756074123
2022-06-28,15757.45,15892.1,15710.15,15850.2,-0.0032239340828507,0,0.0011464087089165,15670.29,15568.665,15947.5125,16296.843,118.10000000000036,39.06617980684053,-204.38844084476116,-230.02084396281103,0.0112259298659111
2022-06-29,15701.7,15861.6,15687.8,15799.1,-0.0011931059364141,0,-0.0032239340828507,15747.45,15579.36,15911.329999999998,16273.652,106.95000000000071,34.866720156904734,-184.8721237208429,-220.99109991441745,0.0112229002362633
2022-06-30,15774.5,15890.0,15728.85,15780.25,-0.0017870439314966,0,-0.001193105936414,15792.170000000002,15621.325,15868.9425,16246.526000000002,419.6499999999997,39.38669150784262,-168.97846074659356,-210.58857208085263,0.0110457875202906
2022-07-01,15703.7,15793.95,15511.05,15752.05,0.0052882005834161,1,-0.0017870439314966,15802.73,15667.179999999998,15827.330000000002,16213.715,458.5499999999993,49.29573026626752,-156.850052880769,-199.840868240836,0.0110470945384281
2022-07-04,15710.5,15852.35,15661.8,15835.35,-0.0015471713602793,0,0.0052882005834162,15803.39,15715.7,15790.62,16186.982999999998,485.2000000000007,53.17155582859775,-138.91525979067046,-187.6557465508029,0.0111804305969075
2022-07-05,15909.15,16025.75,15785.45,15810.85,0.0113181770746037,1,-0.0015471713602793,15795.52,15732.905000000002,15760.344999999998,16164.121,172.0500000000011,53.6810767226943,-125.2351197936896,-175.1716211993802,0.0110570667616917
2022-07-06,15818.2,16011.35,15800.9,15989.8,0.0089494552777395,1,0.0113181770746038,15833.66,15790.554999999998,15742.0225,16139.900999999998,576.5,71.55237377543324,-98.81466686393289,-159.90023033229073,0.0114268527023338
2022-07-07,16113.75,16150.5,16045.95,16132.9,0.0054360964240775,1,0.0089494552777396,15904.19,15848.179999999998,15724.7625,16121.791,576.25,77.3295565540144,-65.57340411994664,-141.03486508982192,0.0114904467249343
2022-07-08,16273.65,16275.5,16157.9,16220.6,-0.0002835900028359,0,0.0054360964240776,15997.9,15900.315,15725.702500000005,16101.302,521.3500000000004,77.7788415509813,-31.786393091240825,-119.1851706901057,0.0109460515357288
2022-07-11,16136.15,16248.55,16115.5,16216.0,-0.0097249629995067,0,-0.0002835900028359,16074.03,15938.71,15747.7825,16083.570999999998,383.9500000000007,72.49941529586025,-5.319801623267267,-96.41209687673802,0.0090047557439814
2022-07-12,16126.2,16158.75,16031.15,16058.3,-0.0057073289202468,0,-0.0097249629995067,16123.52,15959.52,15764.092500000002,16063.355,208.09999999999852,76.54539468268982,2.896699402903323,-76.55033762080976,0.0093062925794933
2022-07-13,16128.2,16140.0,15950.15,15966.65,-0.0017536552752142,0,-0.0057073289202468,16118.89,15976.275,15777.8175,16049.136,167.54999999999927,67.6237964236588,1.990007051292196,-60.84226868638937,0.0093974346963656
2022-07-14,16018.85,16070.85,15858.2,15938.65,0.0069359701103921,1,-0.0017536552752143,16080.04,15992.115,15806.72,16034.256,158.39999999999964,61.41522029372491,-0.976660825908766,-48.86914711429325,0.0078826217281082
2022-07-15,16010.8,16066.95,15927.3,16049.2,0.014287316501757,1,0.0069359701103921,16045.76,16021.829999999998,15844.505,16027.015,297.15000000000146,60.57874993910461,5.528960191393708,-37.98952565315586,0.0078161471850041
2022-07-18,16151.4,16287.95,16142.2,16278.5,0.0038117762693122,1,0.0142873165017569,16058.26,16066.145,15890.9225,16026.548,443.1499999999997,67.30505050505042,28.8546865133103,-24.62068321986263,0.008252077419374
2022-07-19,16187.05,16359.5,16187.05,16340.55,0.0110339003277123,1,0.0038117762693121,16114.71,16119.115,15926.01,16028.557999999995,529.6999999999989,71.68488926268564,51.75085743203999,-9.346375089482107,0.0073722766617504
2022-07-20,16562.8,16588.0,16490.95,16520.85,0.005108695981139,1,0.0110339003277122,16225.55,16172.22,15981.3875,16035.633,531.0499999999993,76.26427406199014,83.4826055030444,9.219421029023197,0.0064926456468134
2022-07-21,16523.55,16626.95,16483.9,16605.25,0.0068773430089881,1,0.005108695981139,16358.87,16219.454999999998,16033.8175,16051.578,472.3500000000004,79.09760589318599,114.12505649311242,30.20054812184104,0.0063617376869906
2022-07-22,16661.25,16752.25,16610.9,16719.45,-0.0052902457915781,0,0.0068773430089881,16492.920000000002,16269.34,16084.8275,16070.324,498.8500000000004,79.52905811623245,145.94207585577897,53.34885366862864,0.0062703062137561
2022-07-25,16662.55,16706.05,16564.25,16631.0,-0.0088479345800012,0,-0.0052902457915781,16563.420000000002,16310.84,16124.775,16086.098,415.0,76.2708606938082,162.15094201335887,75.10927133757468,0.0064122069282218
2022-07-26,16632.9,16636.1,16463.3,16483.85,0.0095821061220528,1,-0.0088479345800013,16592.079999999998,16353.395,16156.4575,16090.589,425.5499999999993,66.15439950299178,161.2638606039036,92.34018919084048,0.0068933343194578
2022-07-27,16475.35,16653.45,16438.75,16641.8,0.0172938023531107,1,0.0095821061220529,16616.269999999997,16420.909999999996,16198.592500000002,16098.619,675.1499999999996,66.47992227979267,171.33108900841762,108.13836915435591,0.0069783191189218
2022-07-28,16774.85,16947.65,16746.25,16929.6,0.0135059304413572,1,0.0172938023531108,16681.140000000003,16520.004999999997,16256.06,16121.023,990.9499999999988,70.32566939969028,200.22443218564692,126.55558176061412,0.0076390976720566
2022-07-29,17079.5,17172.8,17018.15,17158.25,0.0105954861364066,1,0.0135059304413571,16768.9,16630.91,16326.37,16138.865,1109.0499999999993,73.9374539542209,238.8197929975995,149.00842400801122,0.007839617371169
2022-08-01,17243.2,17356.25,17154.8,17340.05,0.000311417787146,1,0.0105954861364065,16910.71,16737.065,16401.605,16161.372,1061.5499999999993,82.16840255991963,280.83929456824626,175.37459812005824,0.00796318930602
2022-08-02,17310.15,17390.15,17215.85,17345.45,0.002461740687039,1,0.0003114177871459,17083.03,16837.555,16478.335,16185.778,1004.9000000000016,86.16998950682049,310.9908779119942,202.49785407844544,0.0078985163242285
2022-08-03,17349.25,17407.5,17225.85,17388.15,-0.0003536891503697,0,0.002461740687039,17232.3,16924.285,16548.2525,16213.025,867.3000000000029,87.73363877752895,334.476125512796,228.89350836531557,0.0077532206541551
2022-08-04,17463.1,17490.7,17161.25,17382.0,0.0008917270739845,1,-0.0003536891503697,17322.78,17001.96,16610.7075,16237.262,776.75,86.68997412321738,348.57395624832134,252.82959794191672,0.0077341695204437
2022-08-05,17423.65,17474.4,17348.75,17397.5,0.0073343871245867,1,0.0008917270739845,17370.629999999997,17069.765,16669.552499999998,16258.163,678.0499999999993,84.91419656786256,356.8833796878571,273.6403542911048,0.0077491994345122
2022-08-08,17401.5,17548.8,17359.75,17525.1,0.0005506387980668,1,0.0073343871245867,17407.640000000003,17159.175,16735.0075,16275.437,894.0999999999985,85.50702916579223,369.5054820443256,292.813379841749,0.0077387490583962
2022-08-10,17566.1,17566.1,17442.8,17534.75,0.0070859293688247,1,0.0005506387980669,17445.5,17264.265,16808.829999999998,16294.441,1050.9000000000017,83.85534927207144,375.95350546270856,309.44140496594093,0.0071000821839529
2022-08-11,17711.65,17719.3,17631.95,17659.0,0.002216999830115,1,0.0070859293688247,17499.670000000002,17365.985,16893.447500000002,16317.166,1017.2000000000008,84.27386566921435,386.63268614135086,324.87966120102294,0.0067038077579462
2022-08-12,17659.65,17724.65,17597.85,17698.15,0.0071815415735542,1,0.0022169998301151,17562.9,17442.84,16981.4225,16338.569,768.5500000000029,83.46669402270535,393.7165720161684,338.647043364052,0.0065480401782327
2022-08-16,17797.2,17839.1,17764.05,17825.25,0.0066759231988331,1,0.0071815415735541,17648.45,17509.54,17070.225,16363.388,667.0,89.78578805343624,404.91885784953047,351.9014062611477,0.0065515585025041
2022-08-17,17868.15,17965.95,17833.35,17944.25,0.0006826699360519,1,0.0066759231988331,17732.28,17569.96,17153.5125,16390.881999999998,604.2000000000007,99.58239967406794,418.5739950939096,365.23592402770015,0.0062132508162976
2022-08-18,17898.65,17968.45,17852.05,17956.5,-0.011029432239022,0,0.000682669936052,17816.629999999997,17631.065,17234.31,16421.685,611.0499999999993,99.5365486058778,425.4795984039629,377.2846589029527,0.0062811577158829
2022-08-19,17966.55,17992.2,17710.75,17758.45,-0.0150773293840397,0,-0.011029432239022,17836.519999999997,17668.095,17296.19,16449.729,370.2999999999993,83.49565568801778,410.2423406166381,383.87619524568976,0.0070133152303911
2022-08-22,17682.9,17690.05,17467.35,17490.7,0.004962637287244,1,-0.0150773293840397,17795.03,17678.965000000004,17340.4625,16469.981,108.70000000000071,63.0234653504133,372.2702173859216,381.5549996737361,0.0081512786126157
2022-08-23,17357.35,17625.55,17345.2,17577.5,0.0015616555255298,1,0.0049626372872439,17745.48,17696.965000000004,17383.364999999998,16497.495,180.0,60.04994286197995,345.2017992719884,374.2843595933866,0.0081099382533155
2022-08-24,17525.45,17623.65,17499.25,17604.95,-0.0046861820113093,0,0.0015616555255297,17677.620000000003,17704.95,17432.0625,16534.106,79.85000000000218,60.78195113844107,322.25016913404033,363.8775215015174,0.0079040058619135
2022-08-25,17679.0,17726.5,17487.45,17522.45,0.0020801885581069,1,-0.0046861820113093,17590.81,17703.72,17483.9925,16569.912999999997,-12.299999999999272,55.40138352638349,294.01455954865014,349.90492911094395,0.0076290140635883
2022-08-26,17619.3,17685.85,17519.35,17558.9,-0.0140099892362277,0,0.0020801885581069,17550.9,17693.71,17529.847499999996,16607.248,-100.09999999999854,56.94542599136244,271.44974224330144,334.2138917374155,0.0074757663058113
2022-08-29,17188.65,17380.15,17166.2,17312.9,0.0257842418081313,1,-0.0140099892362277,17515.34,17655.185,17549.0125,16646.293999999998,-385.25,47.18750000000005,231.05337834602688,313.5817890591378,0.0075389272852523
2022-08-30,17414.95,17777.65,17401.5,17759.3,-0.0121907958083933,0,0.0257842418081313,17551.700000000004,17648.590000000004,17579.065,16695.61,-65.95000000000073,56.42418257625633,232.380974969572,297.3416262412247,0.0089636193910593
2022-09-01,17485.7,17695.6,17468.45,17542.8,-0.0001909615340765,0,-0.0121907958083933,17539.27,17608.445,17589.202500000003,16739.463,-401.4500000000007,50.19831005345747,213.50224326472016,280.5737496459238,0.0092259017246663
2022-09-02,17598.4,17643.85,17476.45,17539.45,0.0072037606652431,1,-0.0001909615340766,17542.670000000002,17566.74,17598.9025,16777.476000000002,-417.0499999999993,46.86836935166996,196.01090368667792,263.6611804540746,0.009227474788861
2022-09-05,17546.45,17683.15,17540.35,17665.8,-0.0005773868152022,0,0.007203760665243,17564.05,17557.475,17612.784999999996,16822.525999999998,-92.65000000000146,49.18960895814018,190.1523224937773,248.95940886201515,0.0093381815539486
2022-09-06,17695.7,17764.65,17587.65,17655.6,-0.001767144701964,0,-0.0005773868152022,17632.59,17573.965,17626.465,16864.505,164.89999999999782,45.48575077831878,182.5816127558246,235.68384964077703,0.0093398124323846
2022-09-07,17519.4,17650.75,17484.3,17624.4,0.009892535348721,1,-0.001767144701964,17605.609999999997,17578.655000000002,17637.809999999998,16903.008,46.900000000001455,41.07187718073971,172.08055398385477,222.96319050939263,0.0093576815504507
2022-09-08,17748.15,17807.65,17691.95,17798.75,0.0019439567385349,1,0.0098925353487209,17656.8,17598.035,17651.4925,16942.342,193.79999999999927,45.96206517009239,175.80045888918903,213.53064418535192,0.0094700960334162
2022-09-09,17923.35,17925.95,17786.0,17833.35,0.0057756955367331,1,0.0019439567385348,17715.579999999998,17629.125,17666.4225,16982.005,310.8999999999978,52.09229565897532,179.4716042265427,206.7188361935901,0.009473154178051
2022-09-12,17890.85,17980.55,17889.15,17936.35,0.0074541364324403,1,0.0057756955367331,17769.690000000002,17666.870000000003,17680.29,17024.75,377.4499999999971,63.71104205765623,188.51912146547693,203.07889324796747,0.0094324733148617
2022-09-13,18044.45,18088.3,18015.45,18070.05,-0.0036690545958643,0,0.0074541364324403,17852.579999999998,17742.585,17698.885,17070.546,757.1499999999978,64.72892557040764,204.12479313169752,203.2880732247135,0.0095452694724569
2022-09-14,17771.15,18091.55,17771.15,18003.75,-0.007017982364785,0,-0.0036690545958644,17928.45,17767.03,17707.809999999998,17115.58,244.45000000000076,61.65468466888776,208.73636160943352,204.3777309016575,0.0094886214576468
2022-09-15,18046.35,18096.15,17861.5,17877.4,-0.0193848098716817,0,-0.007017982364785,17944.18,17800.489999999998,17704.4675,17156.421000000002,334.6000000000022,60.11397634990748,199.89144960071644,203.48047464146927,0.0095166568289652
2022-09-16,17796.8,17820.05,17497.25,17530.85,0.0052136661941663,1,-0.0193848098716816,17883.68,17799.629999999997,17683.184999999998,17190.821,-8.600000000002183,49.3207739060948,163.03869575227873,195.3921188636312,0.0104382118209446
2022-09-19,17540.65,17667.2,17429.7,17622.25,0.0110088098852303,1,0.0052136661941664,17820.859999999997,17795.275,17676.375,17223.47,-43.54999999999927,58.09710770841512,139.59863281402068,184.2334216537091,0.0102592100381068
2022-09-20,17770.4,17919.3,17744.4,17816.25,-0.0054949835122431,0,0.0110088098852303,17770.1,17811.34,17692.6525,17257.137,160.65000000000146,51.71758603009925,135.11882700411297,174.41050272378988,0.0099395426402189
2022-09-21,17766.35,17838.7,17663.6,17718.35,-0.0049976436857833,0,-0.005494983512243,17713.02,17820.735,17699.695,17287.092,93.94999999999708,55.70245249309728,122.25950533533614,163.98030324609914,0.0099933367242155
2022-09-22,17609.65,17722.75,17532.45,17629.8,-0.0171556115214013,0,-0.0049976436857833,17663.5,17803.84,17700.9375,17315.368000000002,-168.95000000000073,52.78094124165098,103.7274498360348,151.9297325640863,0.0100622072624171
2022-09-23,17593.85,17642.15,17291.65,17327.35,-0.0179513889890836,0,-0.0171556115214013,17622.8,17753.239999999998,17691.1825,17340.749,-506.0,40.60148288023102,63.89888840682397,134.32356373263383,0.0107391266477368
2022-09-26,17156.3,17196.4,16978.3,17016.3,-0.000523027920288,0,-0.0179513889890836,17501.61,17661.234999999997,17664.0525,17361.742,-920.0499999999992,34.788712287046735,7.152877162781806,108.88942641866343,0.0113991673816749
2022-09-27,17110.9,17176.45,16942.35,17007.4,-0.0087491327304586,0,-0.000523027920288,17339.84,17554.969999999998,17648.7775,17383.117000000002,-1062.6499999999978,35.16184887691789,-38.09773423540537,79.49199428784968,0.0110129485324418
2022-09-28,16870.55,17037.6,16820.4,16858.6,-0.00240233471344,0,-0.0087491327304586,17167.89,17440.454999999998,17603.7425,17399.305,-1145.1500000000017,27.109152443329847,-84.98641570993641,46.59631228829247,0.0091738497418955
2022-09-29,16993.6,17026.05,16788.6,16818.1,0.0164257555847569,1,-0.0024023347134399,17005.549999999996,17334.525,17567.5075,17410.096999999998,-1059.300000000003,25.35142877952857,-123.98482523317216,12.480084783999544,0.008889646954879
2022-09-30,16798.05,17187.1,16747.7,17094.35,-0.0121092641720802,0,0.0164257555847568,16958.95,17290.875,17545.2525,17425.173,-436.5,31.14390648094239,-131.08916517037142,-16.23376520687465,0.0098039428706137
2022-10-03,17102.1,17114.65,16855.55,16887.35,0.0229136010090393,1,-0.0121092641720802,16933.159999999996,17217.385,17506.33,17432.502999999997,-734.9000000000015,24.356027753686064,-151.6741703613916,-43.32184623777804,0.0098794750088396
2022-10-04,17147.45,17287.3,17117.3,17274.3,0.0033286442865991,1,0.0229136010090393,16986.54,17163.19,17487.265,17445.884,-541.9500000000007,36.11444235052254,-135.20573658955618,-61.69862430813368,0.011367417485751
2022-10-06,17379.25,17428.8,17315.65,17331.8,-0.0009895106105538,0,0.0033286442865991,17081.18,17124.534999999996,17472.635000000002,17458.131,-386.5499999999993,39.33458440847601,-116.17541683567106,-72.59398281364115,0.0114070581237297
2022-10-07,17287.2,17337.35,17216.95,17314.65,-0.0042536233767359,0,-0.0009895106105538,17180.489999999998,17093.019999999997,17448.43,17471.804,-315.1499999999978,45.14898581942207,-101.30977695059482,-78.33714164103189,0.0111275594076575
2022-10-10,17094.35,17280.15,17064.7,17241.0,-0.0149324285134273,0,-0.0042536233767359,17209.82,17084.385,17418.8125,17486.947,-86.34999999999854,41.376970574265485,-94.38359439732449,-81.54643219229041,0.0111182006303862
2022-10-11,17256.05,17261.8,16950.3,16983.55,0.0082462147195373,1,-0.0149324285134273,17229.06,17081.11,17371.1725,17493.782,-32.75,31.691658238424,-108.41882351487948,-86.92091045680823,0.0113540804471242
2022-10-12,17025.55,17142.35,16960.05,17123.6,-0.0063800836272746,0,0.0082462147195374,17198.920000000002,17092.73,17323.85,17497.662,116.19999999999708,37.16135995682677,-107.0074637236212,-90.93822111017084,0.0113925481968018
2022-10-13,17087.35,17112.35,16956.95,17014.35,0.0100709107312358,1,-0.0063800836272746,17135.43,17108.305,17274.38,17494.784,155.75,36.83219581077899,-113.39733894444362,-95.4300446770254,0.0114217190410937
2022-10-14,17322.3,17348.55,17169.75,17185.7,0.0073374957086414,1,0.0100709107312357,17109.64,17145.065,17239.795,17491.697,367.6000000000022,46.78921957522049,-103.44242820355794,-97.03252138233192,0.0117217000014361
2022-10-17,17144.8,17328.55,17098.55,17311.8,0.0101173765870678,1,0.0073374957086413,17123.8,17166.809999999998,17228.842500000002,17491.023999999998,217.45000000000076,57.31109901529022,-84.40490636150935,-94.5069983781674,0.0111326595389657
2022-10-18,17438.75,17527.8,17434.05,17486.95,0.001446793180057,1,0.0101173765870679,17224.48,17226.77,17222.0775,17493.0,599.6000000000022,60.96289692065013,-54.55550997401952,-86.51670069733782,0.0113191732790716
2022-10-19,17568.15,17607.6,17472.85,17512.25,0.0029522191608731,1,0.001446793180057,17302.21,17250.565,17206.8775,17495.605,237.95000000000076,65.83723015046158,-28.529281921441,-74.91921694215846,0.0110130824933487
2022-10-20,17423.1,17584.15,17421.0,17563.95,0.0007031447937393,1,0.002952219160873,17412.129999999997,17273.78,17199.157499999998,17498.933999999997,232.15000000000143,67.9735884521773,-3.6890259609099294,-60.67317874590876,0.0109855991389952
2022-10-21,17622.85,17670.15,17520.75,17576.3,0.0087874012164107,1,0.0007031447937393,17490.25,17299.945,17196.4825,17499.958,261.6499999999978,63.30655180982359,16.799938406580623,-45.17855531541088,0.010933321527736
2022-10-24,17736.35,17777.55,17707.4,17730.75,-0.0041960999957701,0,0.0087874012164108,17574.04,17348.920000000002,17216.6525,17503.878,489.75,73.98202911737945,44.98189124826968,-27.14646600267477,0.0103247390439561
2022-10-25,17808.3,17811.5,17637.0,17656.35,0.0045649298977422,1,-0.0041960999957701,17607.920000000002,17416.2,17248.655,17503.825,672.7999999999993,63.21195144724552,60.61411195046821,-9.594350412046174,0.0093983004277677
2022-10-27,17771.4,17783.9,17654.5,17736.95,0.002810517028012,1,0.0045649298977423,17652.86,17477.535,17285.1325,17504.601,613.3500000000022,63.7904625753089,78.60044883167575,8.04460943669821,0.0093984158094559
2022-10-28,17756.4,17838.9,17723.7,17786.8,0.0126723187982099,1,0.0028105170280121,17697.43,17554.780000000002,17331.5425,17503.832,772.4500000000007,65.72104018912518,95.77321477755686,25.590330504869943,0.0090419329601722
2022-10-31,17910.2,18022.8,17899.9,18012.2,0.007394987841574,1,0.01267231879821,17784.61,17637.43,17391.2475,17505.191,826.5,73.32164025644123,126.1168551650444,45.69563543690484,0.0092188587024775
2022-11-01,18130.7,18175.8,18060.15,18145.4,-0.0034471546507656,0,0.0073949878415739,17867.54,17720.79,17443.8,17508.968999999997,833.6000000000022,87.99005983716438,159.07877449808802,68.37226324914148,0.0087609810411492
2022-11-02,18177.9,18178.75,18048.65,18082.85,-0.0016673256704555,0,-0.0034471546507656,17952.84,17780.379999999997,17503.575,17515.457,595.8999999999978,83.03998897805926,178.1010329556193,90.31801719043705,0.0081674731496687
2022-11-03,17968.35,18106.3,17959.2,18052.7,0.0035701030870728,1,-0.0016673256704555,18015.99,17834.425,17542.495,17526.697,540.4500000000007,87.82558012458553,188.56974219778203,109.96836219190604,0.0068246914061158
2022-11-04,18053.4,18135.1,18017.15,18117.15,0.0047275647659812,1,0.0035701030870729,18082.06,17889.745,17581.7625,17537.49,553.2000000000007,86.79729783115383,199.76408998354964,127.92750775023478,0.0068269535021008
2022-11-07,18211.75,18255.5,18064.75,18202.8,-0.0025160964247258,0,0.0047275647659812,18120.18,17952.395,17626.17,17549.447,626.5,86.36141038197832,213.09055517201705,144.96011723459122,0.006804247513378
2022-11-09,18288.25,18296.4,18117.5,18157.0,-0.0070936828771272,0,-0.0025160964247258,18122.5,17995.02,17671.969999999998,17562.138,426.25,80.57215859834822,217.44957427783083,159.45800864323917,0.0067237422194628
2022-11-10,18044.35,18103.1,17969.4,18028.2,0.0178331724742348,1,-0.0070936828771271,18111.57,18032.205,17724.2025,17571.524,371.8500000000022,71.50956768249468,208.11205848577083,169.18881861174552,0.0058140873719408
2022-11-11,18272.35,18362.3,18259.35,18349.7,-0.0011199093173184,0,0.0178331724742348,18170.97,18093.480000000003,17785.5075,17592.26,612.75,76.74165333696354,224.0714172414409,180.1653383376846,0.0066097059244414
2022-11-14,18376.4,18399.45,18311.4,18329.15,0.0040509243472828,1,-0.0011199093173185,18213.370000000003,18147.715,17851.247499999998,17603.657,542.3500000000022,75.4797441364606,232.38235168259047,190.60874100666575,0.0062936222199393
2022-11-15,18362.75,18427.95,18282.0,18403.4,0.0003396111588076,1,0.0040509243472828,18253.49,18186.835,17912.1325,17620.869000000002,391.2000000000007,74.072218444691,242.16861255035477,200.9207153154036,0.0061167486232893
2022-11-16,18398.25,18442.15,18344.15,18409.65,-0.003571496470601,0,0.0003396111588076,18304.02,18213.26,17967.025,17638.272999999997,264.25,78.34085778781049,247.57473018122252,210.25151828856735,0.0060825078285051
2022-11-17,18358.7,18417.6,18312.95,18343.9,-0.0019761337556353,0,-0.003571496470601,18367.16,18239.365,18009.8725,17651.835,261.0500000000029,73.092873720656,243.74391373610345,216.9499973780746,0.0060207641743018
2022-11-18,18382.95,18394.6,18209.8,18307.65,-0.0080676657025888,0,-0.0019761337556354,18358.75,18264.86,18049.6425,17664.876,254.95000000000076,70.0242205220869,235.07311551002567,220.5746210044649,0.0060978052731002
2022-11-21,18246.4,18262.3,18133.35,18159.95,0.0046393299541022,1,-0.0080676657025888,18324.910000000003,18269.140000000003,18079.4425,17675.587,42.79999999999927,56.04121519401399,213.8185229909068,219.22340140175325,0.0065138359202698
2022-11-22,18179.15,18261.85,18137.7,18244.2,0.001263415222372,1,0.0046393299541023,18293.07,18273.28,18112.8375,17684.496,41.400000000001455,54.20819490586929,201.4501838606448,215.6687578935316,0.0065418549032699
2022-11-23,18325.2,18325.4,18246.0,18267.25,0.0118709712737274,1,0.001263415222372,18264.590000000004,18284.305,18139.6625,17693.174000000003,110.25,58.127644569816745,191.30290751801292,210.79558781842783,0.0063372778034064
2022-11-24,18326.1,18529.7,18294.25,18484.1,0.0015499807943043,1,0.0118709712737274,18292.63,18329.895,18181.05,17704.129,455.8999999999978,66.32730300507151,198.47124761973464,208.33071977868923,0.0065891663373954
2022-11-25,18528.45,18534.9,18445.1,18512.75,0.0027008413120687,1,0.0015499807943044,18333.65,18346.2,18219.84,17712.983,163.04999999999927,65.38940325215903,204.1111579829667,207.48680741954476,0.0065694155925551
2022-11-28,18430.55,18614.25,18365.6,18562.75,0.0029790844567749,1,0.0027008413120686,18414.21,18369.56,18258.6375,17724.163,233.59999999999852,64.4020325691194,210.19244207971133,208.02793435157804,0.0065688925386529
2022-11-29,18552.45,18678.1,18552.15,18618.05,0.0075356978845797,1,0.0029790844567749,18488.98,18391.025,18288.93,17738.976000000002,214.64999999999785,68.30798554580471,216.9730214480478,209.816951770872,0.0060926008727497
2022-11-30,18625.7,18816.05,18616.55,18758.35,0.0028867144498317,1,0.0075356978845797,18587.2,18425.895,18319.577500000003,17763.526,348.6999999999971,78.73135796639511,231.00483694804643,214.0545288063069,0.0060996333229585
2022-12-01,18871.95,18887.6,18778.2,18812.5,-0.0061873754152824,0,0.0028867144498316,18652.88,18472.755,18356.06,17787.331000000002,468.59999999999854,73.063889165753,243.68554895576017,219.98073283619755,0.0059827241490656
2022-12-02,18752.4,18781.95,18639.2,18696.1,0.0002647610999085,1,-0.0061873754152824,18689.55,18511.6,18388.230000000003,17804.928,388.4499999999971,66.69244416139729,241.5580663526198,224.296199539482,0.0062094992512641
2022-12-05,18719.55,18728.6,18591.35,18701.05,-0.0031174720136034,0,0.0002647610999084,18717.21,18565.71,18417.425,17824.582000000002,541.0999999999985,64.45113366024165,237.53330857121543,226.94362134582872,0.006203071487745
2022-12-06,18600.65,18654.9,18577.9,18642.75,-0.0044119027503989,0,-0.0031174720136034,18722.15,18605.565,18439.4225,17844.841,398.5499999999993,60.77271466863842,227.02236377300505,226.959369831264,0.006243166958593
2022-12-07,18638.85,18668.3,18528.4,18560.5,0.0026319334069663,1,-0.0044119027503989,18682.58,18634.89,18459.5975,17869.504,293.25,59.85979606700648,209.63889005619785,223.4952738762508,0.0063167283850359
2022-12-08,18570.85,18625.0,18536.95,18609.35,-0.0060587822788007,0,0.0026319334069664,18641.95,18647.415,18488.655,17901.365,125.25,63.57785778577844,197.5271782831296,218.30165475762655,0.0060185780255525
2022-12-09,18662.4,18664.7,18410.1,18496.6,2.9735194576457857e-05,1,-0.0060587822788007,18602.05,18645.8,18496.0,17931.148999999998,-16.150000000001455,65.64286046187436,176.79262144345194,209.99984809479167,0.0048939697954068
2022-12-12,18402.15,18521.55,18345.7,18497.15,0.0059928151093546,1,2.9735194576385737e-05,18561.27,18639.24,18504.4,17963.92,-65.59999999999854,62.74499924421828,158.57674219363616,199.7152269145606,0.0048817893122562
2022-12-13,18524.4,18617.25,18490.2,18608.0,0.002810619088564,1,0.0059928151093546,18554.32,18638.235,18514.63,17999.718,-10.049999999999272,65.77327223070867,151.34063460824473,190.04030845329743,0.0049752264116844
2022-12-14,18671.25,18696.1,18632.9,18660.3,-0.013150913972444,0,0.0028106190885639,18574.28,18628.43,18527.1625,18031.037,-98.04999999999929,59.62210572302317,148.1187197238687,181.6559907074117,0.0049999624056968
2022-12-15,18614.4,18652.9,18387.7,18414.9,-0.0079229319735649,0,-0.013150913972444,18535.39,18588.67,18530.7125,18061.588,-397.59999999999854,45.67933942685571,124.3303964415354,170.19087185423643,0.0058209317506459
2022-12-16,18319.1,18440.95,18255.15,18269.0,0.0082899994526247,1,-0.0079229319735649,18489.870000000003,18545.96,18528.78,18081.482,-427.09999999999854,38.04192957459801,92.6372041668692,154.680138316763,0.0060843644828643
2022-12-19,18288.1,18431.65,18244.55,18420.45,-0.0019082052827157,0,0.0082899994526246,18474.53,18517.9,18541.805,18103.255,-280.59999999999854,42.54001812141353,78.83214236572894,139.51053912655618,0.0060546170047328
2022-12-20,18340.3,18404.9,18202.65,18385.3,-0.0101276563341365,0,-0.0019082052827157,18429.99,18492.155,18548.86,18124.668,-257.4500000000007,34.70166085708435,64.31385015838896,124.47120133292276,0.0060089443489954
2022-12-21,18435.15,18473.35,18162.75,18199.1,-0.00394250265123,0,-0.0101276563341365,18337.75,18456.015,18545.4525,18143.83,-361.4000000000015,27.303337526826013,37.3526371736225,107.0474885010627,0.0064469285518943
2022-12-22,18288.8,18318.75,18068.6,18127.35,-0.0176832245198553,0,-0.0039425026512299,18280.24,18407.815,18527.615,18166.706,-482.0,28.23632954501973,10.079861904378047,87.65396318172577,0.0058333430779547
2022-12-23,17977.65,18050.45,17779.5,17806.8,0.0116696992160297,1,-0.0176832245198552,18187.8,18338.835,18492.3175,18180.37,-689.7999999999993,22.43797195253505,-36.97350745932272,62.72846905351607,0.0068881509046133
2022-12-26,17830.4,18084.1,17774.25,18014.6,0.0065335894219133,1,0.0116696992160298,18106.63,18290.58,18464.91,18200.375,-482.5500000000029,32.27317623818254,-56.84069419773368,38.81463640326612,0.0074719879997668
2022-12-27,18089.8,18149.25,17967.45,18132.3,-0.000540471975425,0,0.0065335894219133,18056.03,18243.01,18440.6225,18219.307,-475.7000000000007,38.15294378043381,-62.36922290505754,18.57786454160139,0.0076241304277491
2022-12-28,18084.75,18173.1,18068.35,18122.5,0.0037798317009242,1,-0.000540471975425,18040.71,18189.230000000003,18408.83,18235.521,-537.7999999999993,36.232785679948016,-66.77169727228102,1.5079521788249082,0.0073404959443442
2022-12-29,18045.7,18229.7,17992.8,18191.0,-0.0047111208839536,0,0.0037798317009243,18053.44,18166.84,18377.755,18249.602,-223.90000000000143,41.13637682000121,-63.99561083893786,-11.592760424727649,0.0073724959650333
2022-12-30,18259.1,18265.25,18080.3,18105.3,0.0050896698756718,1,-0.0047111208839536,18113.14,18150.47,18348.215,18261.463,-163.70000000000073,39.16972996876808,-67.92778687162718,-22.859765714107557,0.0073319815323755
2023-01-02,18131.7,18215.15,18086.5,18197.45,0.0019288416783669,1,0.0050896698756719,18149.71,18128.17,18323.035,18274.133,-223.0,38.53436478900777,-62.88344858531491,-30.864502288349023,0.0074738317634562
2023-01-03,18163.2,18251.95,18149.8,18232.55,-0.0103989842342403,0,0.0019288416783669,18169.76,18112.895,18302.525,18287.258,-152.75,37.9381327016891,-55.414711197627184,-35.774544070204655,0.0074957220093268
2023-01-04,18230.65,18243.0,18020.6,18042.95,-0.0028155041165662,0,-0.0103989842342403,18153.85,18097.28,18276.6475,18293.502,-156.14999999999782,39.17081550062596,-64.05641596570786,-41.430918449305295,0.0077507904443384
2023-01-05,18101.95,18120.3,17892.6,17992.15,-0.007375438733003,0,-0.0028155041165662,18114.08,18083.76,18245.7875,18300.218,-135.1999999999971,41.467098166127336,-74.149416385535,-47.97461803655124,0.0076977565468717
2023-01-06,18008.05,18047.4,17795.55,17859.45,0.0135362511163557,1,-0.007375438733003,18064.910000000003,18089.025,18213.93,18302.668,52.650000000001455,32.50701590271281,-91.79778518869716,-56.73925146698042,0.0077428827392849
2023-01-09,17952.55,18141.4,17936.15,18101.2,-0.0103335690451461,0,0.0135362511163557,18045.66,18097.685,18194.1325,18308.956,86.60000000000218,42.15236727252641,-85.29382587278451,-62.450166348141245,0.0084596043121033
2023-01-10,18121.3,18127.6,17856.0,17914.15,-0.0010299121085845,0,-0.0103335690451461,17981.98,18075.87,18159.44,18306.995,-218.14999999999785,42.132582346282405,-94.14748936176692,-68.78963095086638,0.0085319147578355
2023-01-11,17924.25,17976.35,17824.35,17895.7,-0.0020954754494096,0,-0.0010299121085846,17952.53,18053.19,18121.21,18302.001,-226.79999999999927,43.41023525730383,-101.483009310552,-75.32830662280351,0.0084641256525094
2023-01-12,17920.85,17945.8,17761.65,17858.2,0.0055100738036307,1,-0.0020954754494096,17925.74,18019.91,18093.375,18297.508,-332.7999999999993,51.7428455174285,-109.06516301047304,-82.07567790033741,0.0080523684381124
2023-01-13,17867.5,17999.35,17774.25,17956.6,-0.0034388469977612,0,0.0055100738036306,17945.17,18005.04,18077.755,18295.586,-148.70000000000073,47.87576911807793,-105.91311633080475,-86.84316558643089,0.0080489084960876
2023-01-16,18033.15,18049.65,17853.65,17894.85,0.0088545028318203,1,-0.0034388469977613,17903.9,17974.78,18051.475,18291.14,-302.6000000000022,40.93183120106927,-107.16250293413395,-90.9070330559715,0.0077718749181429
2023-01-17,17922.8,18072.05,17886.95,18053.3,0.0062066215041017,1,0.0088545028318203,17931.73,17956.855,18034.875,18288.15,-179.25,47.62672336922969,-94.28025593749408,-91.58167763227604,0.00810173273301
2023-01-18,18074.3,18183.75,18032.45,18165.35,-0.0031653670311884,0,0.0062066215041016,17985.659999999996,17969.094999999998,18033.1875,18288.317,122.39999999999782,49.14582570182152,-74.1744469693258,-88.10023149968598,0.0079421198520704
2023-01-19,18119.8,18155.2,18063.75,18107.85,-0.0044290183539181,0,-0.0031653670311885,18035.59,17980.665,18032.2125,18289.91,115.69999999999708,50.08654335652467,-62.16363427951728,-82.91291205565224,0.0079240198374965
2023-01-20,18115.6,18145.45,18016.2,18027.65,0.0050422545367808,1,-0.0044290183539181,18049.8,17997.485,18043.255,18283.469,168.20000000000073,44.19010470129336,-58.442756710242975,-78.0188809865704,0.0068509793721903
2023-01-23,18118.45,18162.6,18063.45,18118.55,-1.379801363795668e-05,0,0.0050422545367809,18094.54,17999.22,18048.4525,18279.257,17.349999999998545,46.2428317184101,-47.61024286866814,-71.93715336298995,0.0064371273257149
2023-01-24,18183.95,18201.25,18078.65,18118.3,-0.0124928939249266,0,-1.3798013637988936e-05,18107.54,18019.635,18047.7525,18273.555,204.14999999999785,52.83750706081712,-38.600606749278086,-65.26984404024758,0.0062680888879373
2023-01-25,18093.35,18100.6,17846.15,17891.95,-0.0160742680367429,0,-0.0124928939249266,18052.86,18019.26,18036.225,18263.201,-3.75,46.66733186988621,-49.15829233380646,-62.04753369895936,0.0068619839299884
2023-01-27,17877.2,17884.75,17493.55,17604.35,0.0025334647402489,1,-0.0160742680367429,17952.16,17993.874999999996,18006.892499999998,18248.41,-253.85000000000215,42.307924255216406,-79.81222500164222,-65.60047195949593,0.0075898540227756
2023-01-30,17541.95,17709.15,17405.55,17648.95,0.000747919847923,1,0.002533464740249,17876.420000000002,17963.11,17984.075,18235.236,-307.6499999999978,34.52311693644977,-99.36146313169228,-72.35267019393521,0.0076069334001632
2023-01-31,17731.45,17735.7,17537.55,17662.15,-0.0025959466995808,0,0.0007479198479229,17785.14,17939.84,17957.31,18225.28,-232.6999999999971,40.21131137352391,-112.49250197282164,-80.3806365497125,0.00747739671194
2023-02-01,17811.6,17972.2,17353.4,17616.3,-0.0003349170938277,0,-0.0025959466995808,17684.739999999998,17896.14,17926.4975,18212.722,-437.0,39.37319336680352,-125.155936939831,-89.33569662773621,0.00743764797387
2023-02-02,17517.1,17653.9,17445.95,17610.4,0.0138355744332892,1,-0.0003349170938277,17628.43,17840.645,17904.87,18199.585,-554.9499999999971,40.34294621979736,-134.12180835911568,-98.29291897401212,0.00715250130901
2023-02-03,17721.75,17870.3,17584.2,17854.05,-0.0050100677437332,0,0.0138355744332892,17678.370000000003,17815.265,17897.965000000004,18186.984,-253.79999999999927,46.40994223700334,-120.18143060090006,-102.67062129938972,0.0078847279502378
2023-02-06,17818.55,17823.7,17698.35,17764.6,-0.0024261734010334,0,-0.0050100677437332,17701.5,17788.96,17893.2225,18172.021,-263.0500000000029,45.52697551426903,-115.02550579773016,-105.1415981990578,0.0077910749674861
2023-02-07,17790.1,17811.15,17652.55,17721.5,0.0084755805095505,1,-0.0024261734010334,17713.370000000003,17749.254999999997,17874.2375,18155.196,-397.0499999999993,37.62494405490077,-113.1133082362976,-106.73594020650576,0.007092080006117
2023-02-08,17750.3,17898.7,17744.15,17871.7,0.0012170078951638,1,0.0084755805095506,17764.45,17724.595,17872.114999999998,18140.269,-246.59999999999852,39.35086128739805,-98.34434082222651,-105.05762032964992,0.0070411252083263
2023-02-09,17885.5,17916.9,17779.8,17893.45,-0.0020650014390741,0,0.0012170078951638,17821.06,17724.745,17872.0025,18122.971,1.5,42.01787043931503,-83.91743654257516,-100.82958357223497,0.0070433487363331
2023-02-10,17847.55,17876.95,17801.0,17856.5,-0.0047937725758126,0,-0.002065001439074,17821.55,17749.96,17871.917500000003,18103.851,252.15000000000143,43.41604154645119,-74.60556069335871,-95.58477899645972,0.0070428708973869
2023-02-13,17859.1,17880.7,17719.75,17770.9,0.0089443978639234,1,-0.0047937725758125,17822.809999999998,17762.155,17862.6325,18085.347,121.95000000000071,36.57151686044275,-73.28821567538398,-91.12546633224456,0.0069967571663265
2023-02-14,17840.35,17954.55,17800.05,17929.85,0.0047964706899388,1,0.0089443978639234,17864.48,17788.925,17864.3825,18069.923,267.6999999999971,43.51581048067987,-58.74114233451837,-84.64860153269933,0.0072654191011862
2023-02-15,17896.6,18034.1,17853.8,18015.85,0.0011101335768226,1,0.0047964706899388,17893.309999999998,17828.879999999997,17862.510000000002,18057.385,399.5499999999993,54.71892138939664,-39.81404906364696,-75.68169103888886,0.0070625670085409
2023-02-16,18094.75,18134.75,18000.65,18035.85,-0.0050815459210404,0,0.0011101335768226,17921.79,17871.425,17856.034999999996,18046.892,425.4499999999971,70.6419823957138,-22.935966882039796,-65.13254620751904,0.0069141819015896
2023-02-17,17974.85,18034.25,17884.6,17944.2,-0.0055505400073562,0,-0.0050815459210404,17939.329999999998,17880.44,17847.8525,18033.589,90.15000000000146,63.51567864499894,-16.76213079238005,-55.458463124491246,0.0069685298316739
2023-02-20,17965.55,18004.35,17818.4,17844.6,-0.0010031045806573,0,-0.0055505400073562,17954.07,17888.44,17838.7,18020.549,80.0,57.73978704449998,-19.67935743675116,-48.30264198694324,0.0070068049877578
2023-02-21,17905.8,17924.9,17800.3,17826.7,-0.0152804501113499,0,-0.0010031045806573,17933.44,17898.96,17824.1075,18007.14,105.20000000000071,59.14226123229353,-23.16858791383129,-43.27583117232085,0.006885070582498
2023-02-22,17755.35,17772.5,17529.45,17554.3,-0.0024523905823643,0,-0.0152804501113499,17841.13,17867.219999999998,17795.9075,17986.066,-317.40000000000146,48.020745131244624,-47.36820053360498,-44.09430504457768,0.0076034103747418
2023-02-23,17574.65,17620.05,17455.4,17511.25,-0.0025954743379256,0,-0.0024523905823643,17736.21,17829.0,17776.8725,17963.085,-382.2000000000007,35.91155679763271,-69.22239047179391,-49.11992213002093,0.0071616679183403
2023-02-24,17591.35,17599.75,17421.8,17465.8,-0.0041853221724741,0,-0.0025954743379256,17640.53,17789.93,17769.945,17944.103,-390.7000000000007,37.25908238103358,-89.18140093080729,-57.13221789017821,0.0062495747622511
2023-02-27,17428.6,17451.6,17299.0,17392.7,-0.0051027155070805,0,-0.0041853221724741,17550.15,17752.109999999997,17757.1325,17926.577,-378.2000000000007,36.32961915848991,-109.63382905760592,-67.63254012366376,0.006265483637083
2023-02-28,17383.25,17440.45,17255.2,17303.95,0.0084922806642414,1,-0.0051027155070805,17445.6,17689.52,17739.222499999996,17904.247,-625.8999999999978,25.123778644349883,-131.48819492267285,-80.40367108346558,0.0063299641624376
2023-03-01,17360.1,17467.75,17345.25,17450.9,-0.0073921688852723,0,0.0084922806642413,17424.920000000002,17633.025,17730.9525,17885.558999999997,-564.9499999999971,32.52655269080424,-135.38961325088894,-91.40085951695023,0.0066602447264855
2023-03-02,17421.5,17445.8,17306.0,17321.9,0.0157286440863875,1,-0.0073921688852723,17387.05,17561.629999999997,17716.527500000004,17868.015,-713.9499999999971,30.322438162544145,-147.19397674734137,-102.55948296302849,0.0068383650047271
2023-03-03,17451.25,17644.75,17427.7,17594.35,0.0066555456723324,1,0.0157286440863875,17412.760000000002,17526.645,17703.5425,17857.355,-349.8500000000022,44.28733214690168,-133.0310823158179,-108.65380283358638,0.007061128098361
2023-03-06,17680.35,17799.95,17671.95,17711.45,0.0024249849673516,1,0.0066555456723325,17476.510000000002,17513.33,17700.885000000002,17855.448,-133.14999999999782,42.73646401489962,-111.0774632333887,-109.13853491354686,0.0071681214625351
2023-03-08,17665.75,17766.5,17602.25,17754.4,-0.009282206101023,0,0.0024249849673516,17566.6,17506.1,17702.53,17850.244000000002,-72.29999999999927,41.04837881329828,-89.18528345959567,-105.14788462275662,0.0071682481507612
2023-03-09,17772.05,17772.35,17573.6,17589.6,-0.0100457088279436,0,-0.009282206101023,17594.340000000004,17509.63,17688.425,17839.39,35.29999999999927,36.09942995981686,-84.16337299911174,-100.95098229802764,0.0071782150436475
2023-03-10,17443.8,17451.5,17324.35,17412.9,-0.014851058697862,0,-0.0100457088279436,17612.54,17499.795000000002,17664.3975,17825.198,-98.34999999999854,34.282925097621614,-93.3654275044355,-99.43387133930922,0.0074506786621678
2023-03-13,17421.9,17529.9,17113.45,17154.3,-0.0064706808205522,0,-0.014851058697862,17524.530000000002,17468.645,17629.2875,17804.464,-311.5,31.335171966255714,-120.14008072080831,-103.57511321560904,0.0080418138080824
2023-03-14,17160.55,17224.65,16987.1,17043.3,-0.0041746610104849,0,-0.0064706808205522,17390.9,17433.705,17592.9075,17783.224,-349.40000000000146,29.833187458168155,-148.6029562524891,-112.58068182298508,0.008081413763869
2023-03-15,17166.45,17211.35,16938.9,16972.15,0.0007924747306615,1,-0.0041746610104849,17234.45,17400.525,17545.0225,17758.718,-331.7999999999993,33.28164038942023,-174.88523245249235,-125.04159194888656,0.0076630445213146
2023-03-16,16994.65,17062.45,16850.15,16985.6,0.0067380604747551,1,0.0007924747306615,17113.65,17353.995000000003,17493.510000000002,17733.779000000002,-465.3000000000029,34.6431388588623,-192.41083081486067,-138.5154397220814,0.0075072505026801
2023-03-17,17111.8,17145.8,16958.15,17100.05,-0.0065292206747932,0,0.0067380604747551,17051.079999999998,17331.81,17446.72,17714.921000000002,-221.85000000000215,39.72872026734814,-194.8190821721037,-149.77616821208585,0.0077669790556811
2023-03-20,17066.6,17066.6,16828.35,16988.4,0.0070106661015751,1,-0.0065292206747932,17017.9,17271.215,17398.93,17694.845999999998,-605.9499999999971,38.88675096206707,-203.3922810169861,-160.4993907730659,0.0077976958430501
2023-03-21,17060.4,17127.7,17016.0,17107.5,0.002595352915388,1,0.0070106661015751,17030.739999999998,17210.82,17362.075,17679.807,-603.9500000000007,44.68867439911317,-198.2904592456871,-168.05760446759012,0.0080578976088827
2023-03-22,17177.45,17207.25,17107.85,17151.9,-0.0043726934042292,0,0.0025953529153881,17066.690000000002,17150.57,17328.335,17660.821,-602.5,41.4414930158003,-188.4917047611016,-172.14442452629245,0.0081230291663991
2023-03-23,17097.4,17205.4,17045.3,17076.9,-0.0077209563796709,0,-0.0043726934042293,17084.95,17099.3,17304.465,17644.076,-512.6999999999971,42.76346880907371,-184.64947028160168,-174.64543367735428,0.0075209686425718
2023-03-24,17076.2,17109.45,16917.35,16945.05,0.0023989306611666,1,-0.0077209563796709,17053.950000000004,17052.515,17276.155,17625.063000000002,-467.8500000000022,29.084525190052855,-190.05285386282776,-177.72691771444897,0.0076526973738187
2023-03-27,16984.3,17091.0,16918.55,16985.7,-0.0020016837692882,0,0.0023989306611666,17053.41,17035.655000000002,17252.15,17607.613,-168.59999999999854,25.41080806369642,-188.87769451634813,-179.9570730748288,0.0077003325534682
2023-03-28,17031.75,17061.75,16913.75,16951.7,0.0076098562386073,1,-0.0020016837692883,17022.25,17026.495,17230.1,17587.515,-91.59999999999854,22.63771475320422,-188.5167839797432,-181.6690152558117,0.0076736663767965
2023-03-29,16977.3,17126.15,16940.6,17080.7,0.0163371524586228,1,0.0076098562386073,17008.010000000002,17037.35,17218.9375,17571.232,108.54999999999929,32.21872816212442,-175.7950816051416,-180.4942285256777,0.0078623918523935
2023-03-31,17210.35,17381.6,17204.65,17359.75,0.0022062529702328,1,0.0163371524586228,17064.579999999998,17074.765,17214.379999999997,17557.361,374.1500000000015,48.26686666449272,-141.5641742563239,-172.70821767180695,0.0085099219183365
2023-04-03,17427.95,17428.05,17312.75,17398.05,0.009138955227741,1,0.0022062529702329,17155.18,17104.565,17218.1875,17542.015,298.0,59.28182475914858,-110.07654970375734,-160.18188407819704,0.0083538211672682
2023-04-05,17422.3,17570.55,17402.7,17557.05,0.0023978971410346,1,0.0091389552277409,17269.45,17161.43,17216.322500000002,17530.999,568.6499999999978,68.87329635208117,-71.4685640890275,-142.43922008036313,0.0078244773142961
2023-04-06,17533.85,17638.7,17502.85,17599.15,0.0014148410576645,1,0.0023978971410345,17398.940000000002,17210.595,17210.7075,17522.429,491.6500000000015,73.53603603603604,-37.04728118188359,-121.36083230066724,0.00768839780157
2023-04-10,17634.9,17694.1,17597.95,17624.05,0.0055747685690859,1,0.0014148410576646,17507.609999999997,17257.809999999998,17204.190000000002,17512.539,472.1499999999978,73.76158398154008,-7.670523563101597,-98.62277055315413,0.0076729265933457
2023-04-11,17704.8,17748.75,17655.15,17722.3,0.0050839902270022,1,0.0055747685690858,17580.12,17322.35,17210.825,17504.619,645.3999999999978,73.4413260501036,23.270474839795497,-74.2441214745642,0.0074783889486631
2023-04-12,17759.55,17825.75,17717.25,17812.4,0.0008757943904245,1,0.0050839902270023,17662.99,17409.085,17230.8,17503.028000000002,867.3500000000022,81.55395573255714,54.43427159602652,-48.50844286044605,0.0071226392907993
2023-04-13,17807.3,17842.15,17729.65,17828.0,-0.0067954902400718,0,0.0008757943904245,17717.18,17493.315,17264.484999999997,17507.501,842.2999999999993,79.9658958575943,79.47446254070019,-22.911861780216803,0.0060493675658326
2023-04-17,17863.0,17863.0,17574.05,17706.85,-0.0026373973914048,0,-0.0067954902400718,17738.72,17568.83,17297.6625,17508.659,755.1499999999978,71.69553149067576,88.52276641426943,-0.6249361413195551,0.0060735383229591
2023-04-18,17766.6,17766.6,17610.2,17660.15,-0.002344260949086,0,-0.0026373973914048,17745.940000000002,17626.775,17332.0625,17508.619000000002,579.4500000000007,73.31787470515329,90.8777308005192,17.6755972470482,0.0060015287160302
2023-04-19,17653.35,17666.15,17579.85,17618.75,0.0003235189783611,1,-0.002344260949086,17725.23,17652.675,17363.72,17508.668,259.0,79.03378727805553,88.38458060967969,31.8173939195745,0.0060754380165934
2023-04-20,17638.6,17684.45,17584.35,17624.45,-2.2695743697049e-05,0,0.0003235189783612,17687.640000000003,17675.315000000002,17389.94,17508.949,226.40000000000143,78.38258164852255,85.87872697742932,42.62966053114546,0.0059721960205646
2023-04-21,17639.75,17663.2,17553.95,17624.05,0.006771996221073,1,-2.26957436970654e-05,17646.85,17682.015,17421.722499999996,17504.349000000002,67.0,80.79512664315475,82.90486755641177,50.68470193619872,0.0056802539209779
2023-04-24,17707.55,17754.5,17612.5,17743.4,0.0014568797411994,1,0.006771996221073,17654.16,17696.44,17453.517499999998,17503.925000000003,144.25,80.62384473197775,89.1509336219242,58.37794827334382,0.0056690891733194
2023-04-25,17761.55,17807.45,17716.85,17769.25,0.0024958847447133,1,0.0014568797411995,17675.98,17710.96,17484.385000000002,17504.88,145.20000000000073,74.7043918918918,95.09071833282724,65.7205022852405,0.0056668387716279
2023-04-26,17767.3,17827.75,17711.2,17813.6,0.0056950868998967,1,0.0024958847447134,17714.95,17720.09,17521.22,17503.718,91.29999999999929,74.88770437803187,102.19863264099696,73.01612835639179,0.0054790532032955
2023-04-27,17813.1,17931.6,17797.9,17915.05,0.0083700575772884,1,0.0056950868998968,17773.07,17730.355,17569.72,17504.15,102.64999999999782,73.02843175093263,114.6957320831134,81.35204910173611,0.0050110269556048
2023-04-28,17950.4,18089.15,17885.3,18065.0,0.0045751453086078,1,0.0083700575772884,17861.26,17754.055,17623.685,17508.32,237.0,76.31474891261355,135.14165635163226,92.10997055171536,0.0051615541081121
2023-05-02,18124.8,18180.25,18101.75,18147.65,-0.0031849853837826,0,0.0045751453086078,17942.11,17798.135000000002,17683.4825,17515.855,440.8000000000029,77.76540460282105,156.21362942409542,104.93070232619137,0.0050273424930227
2023-05-03,18113.8,18116.35,18042.4,18089.85,0.0091736526284076,1,-0.0031849853837826,18006.23,17841.105,17733.94,17519.055,429.6999999999971,70.36400908637576,166.33197152447246,117.2109561658476,0.005132928837633
2023-05-04,18081.0,18267.45,18066.7,18255.8,-0.0102323645088135,0,0.0091736526284076,18094.67,17904.81,17778.7425,17523.854,637.0499999999993,72.66176019625856,185.60210312420168,130.88918555751843,0.0043324788724886
2023-05-05,18117.3,18216.95,18055.45,18069.0,0.0108141014998063,1,-0.0102323645088135,18125.46,17949.265,17812.29,17524.517,444.5499999999993,60.48281861678984,183.6832363932299,141.44799572466073,0.0051892440159617
2023-05-08,18120.6,18286.95,18100.3,18264.4,8.486454523550034e-05,1,0.0108141014998064,18165.340000000004,18013.3,17847.6575,17530.921000000002,640.3500000000022,72.78038815117466,195.6740589100664,152.29320836174188,0.0053238947570387
2023-05-09,18303.4,18344.2,18229.65,18265.95,0.0026907990003256,1,8.486454523559672e-05,18189.0,18065.555,17880.997499999998,17539.348,522.5499999999993,75.69998303071417,202.96232089437035,162.4270308682676,0.0053396747016769
2023-05-10,18313.6,18326.75,18211.95,18315.1,-0.0009882555923799,0,0.0026907990003255,18234.05,18120.14,17915.55,17549.115999999998,545.8499999999985,79.34842162936718,210.28033446161865,171.99769158693783,0.0053415137537053
2023-05-11,18357.8,18389.7,18270.4,18297.0,0.0009728370771164,1,-0.00098825559238,18242.29,18168.48,17944.285,17563.97,483.4000000000015,78.0521376433784,212.17358914295252,180.0328710981408,0.0053078540126707
2023-05-12,18273.75,18342.75,18194.55,18314.8,0.0045891847030816,1,0.0009728370771164,18291.45,18208.455,17969.405000000002,17580.041,399.75,78.39904617029146,212.6589187178652,186.55808062208567,0.00524548858148
2023-05-15,18339.3,18458.9,18287.9,18398.85,-0.0061063599083637,0,0.0045891847030816,18318.340000000004,18241.840000000004,17997.9475,17598.702,333.84999999999854,77.75331329127314,217.32054253048773,192.7105730037661,0.0052912995269179
2023-05-16,18432.35,18432.35,18264.35,18286.5,-0.0057282694884204,0,-0.0061063599083637,18322.45,18255.725,18026.93,17616.578,138.84999999999854,70.40675425099619,209.533831357694,196.0752246745517,0.0052357693718812
2023-05-17,18300.45,18309.0,18115.35,18181.75,-0.00284901068379,0,-0.0057282694884204,18295.78,18264.915,18053.01,17634.134,91.90000000000146,63.86367915646776,192.68915643476063,195.39801102659348,0.0054108880940676
2023-05-18,18287.5,18297.2,18104.85,18129.95,0.0040513073670915,1,-0.00284901068379,18262.370000000003,18252.33,18078.57,17647.715000000004,-125.84999999999854,58.40701040607158,173.16367999730937,190.9511448207367,0.0054307572485154
2023-05-19,18186.15,18218.1,18060.4,18203.4,0.0060977619565575,1,0.0040513073670915,18240.09,18265.77,18107.5175,17665.345,134.40000000000146,55.75898801597876,161.75182603637222,185.1112810638638,0.005454157703733
2023-05-22,18201.1,18335.25,18178.85,18314.4,0.0018346219368365,1,0.0060977619565576,18223.200000000004,18270.77,18142.035,17679.746,50.0,56.7787308427172,159.82229001528322,180.0534828541477,0.0055276677731756
2023-05-23,18362.9,18419.75,18324.2,18348.0,-0.0034118160017439,0,0.0018346219368365,18235.5,18278.975,18172.265,17692.477,82.04999999999927,60.70495542193669,159.16955051140394,175.87669638559893,0.0054093807945695
2023-05-24,18294.8,18392.6,18262.95,18285.4,0.0019551117284828,1,-0.003411816001744,18256.23,18276.005,18198.0725,17703.096999999998,-29.69999999999709,51.34252539912929,151.85051471193947,171.07146005086705,0.0055286901579584
2023-05-25,18268.9,18338.1,18202.4,18321.15,0.0097264636772253,1,0.0019551117284828,18294.47,18278.42,18223.45,17717.728,24.15000000000145,63.25222052872254,147.23758906037256,166.30468585276816,0.0055246124342572
2023-05-26,18368.35,18508.55,18333.15,18499.35,0.0053677561644059,1,0.0097264636772254,18353.66,18296.875,18252.665,17739.457,184.54999999999927,62.575603489803584,156.160936893928,164.27593606100012,0.0057574321768759
2023-05-29,18619.15,18641.2,18581.25,18598.65,0.0018926104851694,1,0.0053677561644058,18410.51,18316.855000000003,18279.3475,17768.344,199.8000000000029,66.12074813450934,169.2939195339568,165.27953275559148,0.0056094593542332
2023-05-30,18606.65,18662.45,18575.5,18633.85,-0.0053370613158309,0,0.0018926104851695,18467.68,18351.59,18303.6575,17800.155,347.34999999999854,65.65646642762431,180.46199516892372,168.31602523825794,0.0055632263161744
2023-05-31,18594.2,18603.9,18483.85,18534.4,-0.0025169414709945,0,-0.005337061315831,18517.480000000003,18386.855000000003,18325.885,17831.4,352.65000000000146,60.797780405712906,179.22203169011846,170.49722652863005,0.0056749939922843
2023-06-01,18579.4,18580.3,18464.55,18487.75,0.0025070654893104,1,-0.0025169414709945,18550.8,18422.635,18337.4825,17861.443,357.7999999999993,57.6652040952002,172.4867664951562,170.8951345219353,0.0054095802903232
2023-06-02,18550.85,18573.7,18478.4,18534.1,0.0032237875051931,1,0.0025070654893104,18557.75,18455.705,18360.7375,17890.124,330.6999999999971,56.20156815993403,168.9416240604114,170.50443242963053,0.0047740187340781
2023-06-05,18612.0,18640.15,18582.8,18593.85,0.0002769733003117,1,0.003223787505193,18556.79,18483.65,18377.21,17922.233,279.4499999999971,64.8070530423472,169.0052119071479,170.204588325134,0.00424925949282
2023-06-06,18600.8,18622.75,18531.6,18599.0,0.0068498306360557,1,0.0002769733003118,18549.82,18508.75,18393.8625,17952.063000000002,251.0,72.23554489741558,167.5398723351318,169.6716451271336,0.0042475299638828
2023-06-07,18665.6,18738.95,18636.0,18726.4,-0.004904840225564,0,0.0068498306360558,18588.22,18552.85,18414.4275,17983.553,441.0,79.41510085318359,174.64549093443566,170.666414288594,0.0044367720132993
2023-06-08,18725.35,18777.9,18615.6,18634.55,-0.0038181764518058,0,-0.004904840225564,18617.58,18584.19,18431.305,18014.706,313.3999999999978,70.88399128118185,170.89524350159263,170.71218013119375,0.0046174949009974
2023-06-09,18655.9,18676.65,18555.4,18563.4,0.002052425740974,1,-0.0038181764518058,18623.44,18590.595,18443.735,18047.073,64.05000000000291,62.54534461910527,160.3337078376644,168.63648567248788,0.0047375730088691
2023-06-12,18595.05,18633.6,18559.75,18601.5,0.0061634814396689,1,0.0020524257409741,18624.97,18590.88,18453.8675,18079.389,2.849999999998545,62.714414685525206,153.2711518862925,165.5634189152488,0.0046608831317074
2023-06-13,18631.8,18728.9,18631.8,18716.15,0.0021238342287275,1,0.0061634814396689,18648.4,18599.11,18475.35,18114.678,82.30000000000291,70.53243719910392,155.13699948124122,163.4781350284473,0.0045435269320233
2023-06-14,18744.6,18769.7,18690.0,18755.9,-0.0036148625232595,0,0.0021238342287275,18654.3,18621.26,18504.057500000003,18148.182,221.5,70.64438007502736,158.0018430444543,162.38287663164868,0.0042453939601225
2023-06-15,18774.45,18794.1,18669.05,18688.1,0.0073790272954447,1,-0.0036148625232594,18665.01,18641.295,18531.965,18174.749,200.34999999999852,60.01273142008378,153.03724078720188,160.51374946275934,0.0042905100425349
2023-06-16,18723.3,18864.7,18710.5,18826.0,-0.0037474768936576,0,0.0073790272954448,18717.53,18670.485,18563.095,18203.308,291.90000000000146,61.585894103857626,158.40415080460298,160.0918297311281,0.0044549696616644
2023-06-19,18873.3,18881.45,18719.15,18755.45,0.0032657174314665,1,-0.0037474768936576,18748.32,18686.645,18585.1475,18227.276,161.60000000000218,55.98130841121504,155.1758990996641,159.10864360483532,0.0044863888744997
2023-06-20,18752.35,18839.7,18660.65,18816.7,0.0021337428985952,1,0.0032657174314665,18768.43,18708.415,18608.5825,18251.627,217.70000000000076,64.42808954308481,155.76429563739657,158.4397740113476,0.0045084003442249
2023-06-21,18849.4,18875.9,18794.85,18856.85,-0.0045394644386521,0,0.0021337428985952,18788.620000000003,18721.46,18637.155,18276.283,130.4499999999971,68.99053303148783,157.65304739046042,158.28242868717015,0.0043737165852274
2023-06-22,18853.6,18886.6,18759.5,18771.25,-0.0056336152360657,0,-0.0045394644386521,18805.25,18735.13,18659.66,18297.262,136.70000000000073,61.72790663171954,150.50773269681667,156.72748948909947,0.0045782842158816
2023-06-23,18741.85,18756.4,18647.1,18665.5,0.0013768717687713,1,-0.0056336152360657,18773.15,18745.340000000004,18667.9675,18314.324,102.09999999999854,53.3891490468758,134.7584663961352,152.33368487050663,0.0043600906402673
2023-06-26,18682.35,18722.05,18646.7,18691.2,0.0067518404382811,1,0.0013768717687712,18760.3,18754.31,18672.595,18331.588,89.70000000000073,54.278025241276936,122.93373107342268,146.45369411108985,0.0042122955228562
2023-06-27,18748.55,18829.25,18714.25,18817.4,0.008221114500409,1,0.0067518404382811,18760.44,18764.435,18681.7725,18353.799,101.25,54.227053140096615,122.33561956903576,141.63007920267904,0.0044453156798519
2023-06-28,18908.15,19011.25,18861.35,18972.1,0.0114352127597894,1,0.0082211145004089,18783.49,18786.055,18703.6575,18380.038,216.1999999999971,64.81457098968622,132.81361631552863,139.86678662524898,0.0045411541905046
2023-06-30,19076.85,19201.7,19024.6,19189.05,0.0069570927169401,1,0.0114352127597894,18867.05,18836.15,18738.7225,18411.444,500.9500000000007,74.34341076222708,156.8158802472135,143.2566053496419,0.0049929303765213
2023-07-03,19246.5,19345.1,19234.4,19322.55,0.0034389870902132,1,0.0069570927169402,18998.46,18885.805,18778.145,18445.406000000003,496.5499999999993,76.11648375529714,184.4835698774841,151.50199825521034,0.0051201081183496
2023-07-04,19406.6,19434.15,19300.0,19389.0,0.0004899685388622,1,0.0034389870902133,19138.02,18949.16,18817.902500000004,18480.705,633.5499999999993,75.25239256896222,209.35901252368055,163.0734011089044,0.0051228247249601
2023-07-05,19405.95,19421.6,19339.6,19398.5,0.0050931773075237,1,0.0004899685388621,19254.24,19007.34,18857.8775,18513.807,581.7999999999993,74.67741935483866,227.22029650547483,175.9027801882185,0.0051190370415321
2023-07-06,19385.7,19512.2,19373.0,19497.3,-0.0084883547978438,0,0.0050931773075237,19359.28,19071.385,18896.4225,18548.368,640.4500000000007,80.35258814703687,246.50625636009136,190.0234754225931,0.0050481735626096
2023-07-07,19422.8,19523.6,19303.6,19331.8,0.0012466505964267,1,-0.0084883547978438,19387.83,19127.44,18931.285,18578.732,560.5499999999993,68.58738791709544,245.6048715583238,201.1397546497392,0.0053612026894455
2023-07-10,19400.35,19435.85,19327.1,19355.9,0.0043139301194984,1,0.0012466505964268,19394.5,19196.48,18970.91,18607.549000000003,690.4000000000015,72.84556557470614,244.02224960185777,209.71625364016293,0.0051963551957665
2023-07-11,19427.1,19515.1,19406.45,19439.4,-0.0028344496229308,0,0.0043139301194985,19404.58,19271.3,19012.805,18635.037,748.2000000000007,73.29766536964986,246.66239194819357,217.10548130176903,0.0052196980785104
2023-07-12,19497.45,19507.7,19361.75,19384.3,0.00151927075004,1,-0.0028344496229308,19401.74,19327.99,19046.2125,18659.77,566.8999999999978,69.51566951566952,241.5244705164296,221.9892791447012,0.0052494520220836
2023-07-13,19495.2,19567.0,19385.8,19413.75,0.0077651149314274,1,0.0015192707500399,19385.03,19372.155,19079.105,18686.248,441.6500000000015,74.80311920938843,237.09590562810627,225.0106044413822,0.0052490384995973
2023-07-14,19493.45,19595.35,19433.5,19564.5,0.0075110531830611,1,0.0077651149314275,19431.57,19409.7,19122.925,18712.422,375.4500000000007,83.53977018355458,242.9499256657109,228.598468686248,0.005255015127769
2023-07-17,19612.15,19731.85,19562.95,19711.45,0.0019176671427012,1,0.0075110531830611,19502.68,19448.59,19167.1975,18745.271,388.9000000000015,84.90540216907856,256.4902556021152,234.17682606942145,0.0052618001494098
2023-07-18,19787.5,19819.45,19690.2,19749.25,0.0042482625922504,1,0.0019176671427012,19564.65,19484.615,19216.8875,18774.968,360.25,83.93357852955087,267.1911949471323,240.7796998449637,0.0050672176974843
2023-07-19,19802.95,19851.7,19727.45,19833.15,0.007361412584486,1,0.0042482625922504,19654.42,19528.08,19267.71,18806.312,434.6500000000015,83.06008830869641,279.223085374746,248.46837695092012,0.0050787911633391
2023-07-20,19831.7,19991.85,19758.4,19979.15,-0.0117197178058126,0,0.007361412584486,19767.5,19576.265,19323.825,18839.593,481.8500000000022,82.08397628522691,297.1144743379773,258.1975964283316,0.0051844526004868
2023-07-21,19800.45,19887.4,19700.0,19745.0,-0.0036794125094961,0,-0.0117197178058126,19803.6,19617.585,19372.5125,18868.553,413.2000000000007,65.85832801531582,289.06739190930966,264.37155552452725,0.0059232552283305
2023-07-24,19748.45,19782.75,19658.3,19672.35,0.000419370334505,1,-0.0036794125094961,19795.78,19649.230000000003,19422.855000000003,18895.704,316.4499999999971,60.58737809662582,273.6730408109579,266.23185258181337,0.0057959275425167
2023-07-25,19729.35,19729.35,19615.95,19680.6,0.0049642795443228,1,0.000419370334505,19782.05,19673.35,19472.325,18921.339,241.1999999999971,60.55052733936707,259.1512780893354,264.81573768331776,0.0058109001172079
2023-07-26,19733.35,19825.6,19716.7,19778.3,-0.0059863587871555,0,0.0049642795443227,19771.08,19712.75,19520.37,18951.175,394.0,60.51804162299737,252.61426993889472,262.3754441344332,0.0057571521982077
2023-07-27,19850.9,19867.55,19603.55,19659.9,-0.0007044796769058,0,-0.0059863587871554,19707.23,19737.365,19554.76,18980.738,246.15000000000143,62.72988282765578,235.16887301260795,256.9341299100681,0.0058902344526564
2023-07-28,19659.75,19695.9,19563.1,19646.05,0.0054845630546598,1,-0.0007044796769059,19687.44,19745.52,19577.61,19011.06,81.54999999999927,61.34772576166436,217.715996526058,249.0905032332661,0.0054542898431188
2023-07-31,19666.35,19772.75,19597.6,19753.8,-0.0010251192175682,0,0.0054845630546598,19703.73,19749.755,19599.1725,19042.068,42.34999999999855,62.0672449527902,210.15643806479056,241.303690199571,0.0053818246764556
2023-08-01,19784.0,19795.6,19704.6,19733.55,-0.0104897496902483,0,-0.0010251192175683,19714.32,19748.185,19616.4,19070.451,-15.700000000000728,63.77331703277196,200.2233772981017,233.0876276192772,0.0053730648118151
2023-08-02,19655.4,19678.25,19423.55,19526.55,-0.0074206657089961,0,-0.0104897496902482,19663.97,19717.525,19622.8025,19094.022,-306.6000000000022,53.9020340390203,173.6464963293438,221.19940136129048,0.00594688758
2023-08-03,19463.75,19537.65,19296.45,19381.65,0.006983409565233,1,-0.0074206657089961,19608.32,19657.775,19617.02,19115.947,-597.5,43.64905699697828,139.28630187998715,204.81678146502983,0.0060779841703641
2023-08-04,19462.8,19538.85,19436.45,19517.0,0.0041143618383972,1,0.006983409565233,19582.51,19634.975,19626.28,19139.864,-228.0,43.19128821037149,121.57576432701173,188.16857803742624,0.0059617294412276
2023-08-07,19576.85,19620.45,19524.8,19597.3,-0.001349675720635,0,0.0041143618383971,19551.21,19627.47,19638.35,19161.823,-75.04999999999927,44.83321432214626,112.72020625186632,173.07890368031428,0.0060150377960345
2023-08-08,19627.2,19634.4,19533.1,19570.85,0.0031526479432421,1,-0.001349675720635,19518.67,19616.495000000003,19644.9225,19181.267,-109.75,40.718329794762816,102.38755868585211,158.94063468142187,0.0059659459528716
2023-08-09,19578.8,19645.5,19467.5,19632.55,-0.0045562089489139,0,0.0031526479432422,19539.87,19601.92,19657.335,19201.241,-145.75,36.95717618725062,98.0473070750304,146.76196916014356,0.0059477203965953
2023-08-10,19605.55,19623.6,19495.4,19543.1,-0.0058741960077981,0,-0.0045562089489139,19572.16,19590.24,19663.8025,19221.415,-116.80000000000292,41.47381756756751,86.39386427937279,134.6883481839894,0.0060553405234904
2023-08-11,19554.25,19557.75,19412.75,19428.3,0.0003216956707483,1,-0.0058741960077981,19554.42,19568.465,19656.9925,19240.226,-217.75,40.04811809321862,67.12129383514548,121.17493731422064,0.0059432330585789
2023-08-14,19383.95,19465.85,19257.9,19434.55,0.0015667972759853,1,0.0003216956707483,19521.87,19536.54,19643.1475,19258.235,-319.25,39.950169505371086,51.75536207588084,107.29102226655267,0.005654256453912
2023-08-16,19369.0,19482.75,19317.2,19465.0,-0.0051245825841253,0,0.0015667972759854,19500.7,19509.685,19628.935,19275.658,-268.5499999999993,36.45950384648631,41.55578178499127,94.1439741702404,0.0056462722921225
2023-08-17,19450.55,19461.55,19326.25,19365.25,-0.0028453027975367,0,-0.0051245825841254,19447.24,19493.555,19605.54,19290.983,-161.29999999999927,37.05688556995381,25.133822505405988,80.34194383727353,0.0056019244726822
2023-08-18,19301.75,19373.8,19253.6,19310.15,0.0043215614586109,1,-0.0028453027975366,19400.65,19486.405,19572.090000000004,19302.658,-71.5,35.76091564222132,7.58574816948385,65.79070470371559,0.0052359959341404
2023-08-21,19320.65,19425.95,19296.3,19393.6,0.0001469556967248,1,0.0043215614586109,19393.71,19474.065,19554.52,19317.839,-123.40000000000146,34.40962603878104,0.4077896650560433,52.714121695983685,0.0048314982693128
2023-08-22,19417.1,19443.5,19381.3,19396.45,0.0024514795233147,1,0.0001469556967248,19386.09,19453.98,19540.725,19334.5,-200.84999999999852,35.186324485849894,-4.993263746280718,41.172644607530806,0.0047906632199741
2023-08-23,19439.2,19472.05,19366.6,19444.0,-0.0029469245011314,0,0.0024514795233148,19381.89,19441.295,19528.895,19351.35,-126.84999999999854,45.78116216078092,-5.37479261559929,31.863157162904788,0.004836869409498
2023-08-24,19535.15,19584.45,19369.0,19386.7,-0.0062362341192674,0,-0.0029469245011314,19386.18,19416.71,19509.315,19364.761,-245.84999999999852,50.28346898680883,-10.183400218451425,23.453845686633542,0.0046793626497873
2023-08-25,19297.4,19339.55,19229.7,19265.8,0.00208919432362,1,-0.0062362341192674,19377.31,19388.98,19489.61,19374.959,-277.2999999999993,35.6670090151774,-23.479222127025423,14.067232123901752,0.0046937192958367
2023-08-28,19298.35,19366.85,19249.7,19306.05,0.0018957787843708,1,0.00208919432362,19359.8,19376.755,19472.61,19387.318,-122.25,32.585949177877424,-30.417780920044606,5.1702295151124815,0.0047443199407201
2023-08-29,19374.85,19377.9,19309.1,19342.65,0.000248156276415,1,0.0018957787843707,19349.04,19367.565,19452.0525,19397.651,-91.89999999999782,36.51937618147468,-32.58767420893855,-2.3813512296977253,0.0045557760499782
2023-08-30,19433.45,19452.8,19334.75,19347.45,-0.0048404311679317,0,0.0002481562764149,19329.730000000003,19355.81,19432.7475,19409.491,-117.54999999999929,31.944268524382608,-33.53345756395356,-8.611772496548893,0.0045649005949074
2023-08-31,19375.55,19388.2,19223.65,19253.8,0.0094267105714196,1,-0.0048404311679317,19303.15,19344.665,19419.11,19418.233,-111.45000000000071,31.77522993574404,-41.36296352513091,-15.162010702265295,0.0040960345573631
2023-09-01,19258.15,19458.55,19255.7,19435.3,0.004810833895026,1,0.0094267105714196,19337.05,19357.18,19421.792500000003,19429.802,125.14999999999782,50.40678754067876,-32.54718655995748,-18.63904587380373,0.0043637194553289
2023-09-04,19525.05,19545.15,19432.85,19528.8,0.0023606161156856,1,0.0048108338950261,19381.6,19370.7,19422.3825,19444.953,135.20000000000073,54.97282752070911,-17.810641227581073,-18.4733649445592,0.0042088808179362
2023-09-05,19564.65,19587.05,19525.75,19574.9,0.0018467527292603,1,0.0023606161156857,19428.05,19388.545,19421.2625,19463.141,178.45000000000073,55.7043496314752,-2.3844516796816606,-15.255582291583693,0.0041371559542474
2023-09-06,19581.2,19636.45,19491.5,19611.05,0.0059150325964188,1,0.0018467527292602,19480.77,19405.25,19423.2725,19481.538,167.04999999999927,63.66010892519724,12.612528184679832,-9.681960196330987,0.0041459984030319
2023-09-07,19598.65,19737.0,19550.05,19727.05,0.0047092697590365,1,0.0059150325964187,19575.42,19439.285,19427.9975,19499.731,340.34999999999854,71.6999791796792,33.4721274723197,-1.051142662600852,0.0042959692516095
2023-09-08,19774.8,19867.15,19728.05,19819.95,0.0089001233605532,1,0.0047092697590365,19652.35,19494.7,19441.84,19516.688,554.1500000000015,71.97567135714651,56.8444958318978,10.52798503629888,0.0042498628340284
2023-09-11,19890.0,20008.15,19865.35,19996.35,-0.0001575287489965,0,0.0089001233605532,19745.86,19563.73,19470.2425,19532.834000000003,690.2999999999993,76.2285764253234,88.58017479359114,26.13842298775733,0.0043280847525109
2023-09-12,20110.15,20110.35,19914.65,19993.2,0.0038413060440549,1,-0.0001575287489965,19829.52,19628.785,19498.175,19546.247,650.5499999999993,74.98180494905387,112.18356799955654,43.34745199011718,0.0043359844867193
2023-09-13,19989.5,20096.9,19944.1,20070.0,0.0016492277030392,1,0.0038413060440549,19921.31,19701.04,19528.425,19559.867,722.5499999999993,80.53991239831943,135.5243054914099,61.78282269037573,0.0043695448692247
2023-09-14,20127.95,20167.65,20043.45,20103.1,0.0044396137909078,1,0.0016492277030393,19996.52,19785.97,19565.3175,19573.959,849.2999999999993,90.61014647395484,154.90722739538614,80.40770363137781,0.0040785570270157
2023-09-15,20156.45,20222.45,20129.7,20192.35,-0.0029243748251193,0,0.0044396137909079,20071.0,19861.675,19609.4275,19587.86,757.0499999999993,91.03620705620897,175.44761091108376,99.415685087319,0.0039579190103164
2023-09-18,20155.95,20195.35,20115.7,20133.3,-0.0115182309904485,0,-0.0029243748251194,20098.39,19922.125,19646.4125,19603.89,604.5,85.86202204381556,184.83055969505585,116.49866000886638,0.0040872190308205
2023-09-20,19980.75,20050.65,19878.85,19901.4,-0.007991900067332,0,-0.0115182309904485,20080.03,19954.775,19671.66,19614.8,326.5,70.8338034525557,171.5763963811296,127.51420728331904,0.0050634758420921
2023-09-21,19840.55,19848.75,19709.95,19742.35,-0.0034494373770092,0,-0.007991900067332,20014.5,19967.905,19686.5775,19620.859,131.29999999999927,67.51263576728684,146.54904453823474,131.3211747343022,0.0054611347935209
2023-09-22,19744.85,19798.65,19657.5,19674.25,1.524835762477718e-05,1,-0.0034494373770092,19928.73,19962.625,19700.955,19626.658,-52.79999999999927,59.32342268523945,119.83816723068958,129.02457323357967,0.0054802864335148
2023-09-25,19678.2,19734.15,19601.55,19674.55,-0.0005006467746402,0,1.524835762478638e-05,19825.17,19948.085,19721.3925,19631.874,-145.40000000000146,56.13296865137812,97.56909620932856,122.73347782872946,0.0052335282368779
2023-09-26,19682.8,19699.35,19637.45,19664.7,0.0026316190941128,1,-0.0005006467746402,19731.45,19914.92,19739.325,19633.878,-331.6499999999978,53.89756944444446,78.22416482553308,113.8316152280902,0.0052388459695271
2023-09-27,19637.05,19730.7,19554.0,19716.45,-0.0097837085276508,0,0.0026316190941126,19694.46,19887.245,19758.015,19633.978,-276.75,54.51353203151773,66.30464120774195,104.32622042402052,0.0052485323230223
2023-09-28,19761.8,19766.65,19492.1,19523.55,0.0058775171523621,1,-0.0097837085276508,19650.7,19832.6,19766.82,19629.464,-546.4500000000007,41.824025713137765,40.82234046778467,91.62544443277336,0.005774244133664
2023-09-29,19581.2,19726.25,19551.05,19638.3,-0.0055783850944327,0,0.0058775171523621,19643.51,19786.120000000003,19786.045,19625.567000000003,-464.7999999999993,42.827812216211846,29.546209227446525,79.209597391708,0.0057528674142888
2023-10-03,19622.4,19623.2,19479.65,19528.75,-0.0047442872687704,0,-0.0055783850944327,19614.35,19719.76,19790.7175,19616.559,-663.5999999999985,30.508545227177933,11.63589319325547,65.6948565520175,0.0055723440999078
2023-10-04,19446.3,19457.8,19333.6,19436.1,0.0056415638939911,1,-0.0047442872687705,19568.63,19650.04,19786.0825,19610.381,-697.2000000000007,28.39022498060497,-9.919891656249092,50.57190691036418,0.005570764155246
2023-10-05,19521.85,19576.95,19487.3,19545.75,0.0055127073660514,1,0.005641563893991,19534.49,19614.475,19784.625,19607.849,-355.65000000000146,30.169837727427435,-17.948271334280435,36.86787126143526,0.0056977159396594
2023-10-06,19621.2,19675.75,19589.4,19653.5,-0.0071819268832524,0,0.0055127073660514,19560.48,19605.59,19786.7475,19607.307,-88.84999999999854,33.902613677049814,-15.438332092460769,26.406630590656057,0.0058199108744307
2023-10-09,19539.45,19588.95,19480.5,19512.35,0.0090968027941278,1,-0.0071819268832524,19535.29,19589.4,19776.0125,19601.988,-161.90000000000146,26.52582159624416,-24.555749129867763,16.214154646551293,0.0058706499011849
2023-10-10,19565.6,19717.8,19565.45,19689.85,0.0061706920062875,1,0.0090968027941278,19567.51,19590.93,19769.5075,19602.587,15.299999999999272,35.84899639403899,-17.25964283006033,9.519395151228968,0.0061519971214934
2023-10-11,19767.0,19839.2,19756.95,19811.35,-0.0008757606119723,0,0.0061706920062876,19642.56,19605.595,19760.2575,19605.893,146.64999999999782,46.90857907926799,-1.6543214518023888,7.284651830622697,0.0059643152383481
2023-10-12,19822.7,19843.3,19772.65,19794.0,-0.0021698494493281,0,-0.0008757606119723,19692.21,19613.35,19750.2975,19606.697,77.54999999999927,51.96425175888958,9.206877023487325,7.669096869195622,0.0059646383551585
2023-10-13,19654.55,19805.4,19635.3,19751.05,-0.0009771632394226,0,-0.002169849449328,19711.72,19636.1,19734.35,19607.047,227.5,52.977667493796496,14.18523050670774,8.972323596698045,0.0058861702870427
2023-10-16,19737.25,19781.3,19691.85,19731.75,0.004041709427699,1,-0.0009771632394226,19755.6,19645.445,19715.7825,19611.151,93.45000000000071,52.1855418003974,16.384393714288308,10.454737620216097,0.0058582551177266
2023-10-17,19843.2,19849.75,19775.65,19811.5,-0.0070867930242536,0,0.0040417094276989,19779.93,19673.72,19696.74,19619.748,282.75,55.32462821907867,24.28249145567679,13.220288387308235,0.0058397579094545
2023-10-18,19820.45,19840.95,19659.95,19671.1,-0.0023587903065917,0,-0.0070867930242536,19751.88,19697.22,19673.63,19622.83,235.0,48.45448658964652,18.99373622222629,14.374977954291849,0.0059866961456344
2023-10-19,19545.2,19681.8,19512.35,19624.7,-0.0041809556324427,0,-0.0023587903065918,19718.02,19705.115,19659.795,19623.378,78.95000000000073,53.829553628894914,10.932247236221883,13.686431810677856,0.005480191188248
2023-10-20,19542.15,19593.8,19518.7,19542.65,-0.0133502877040729,0,-0.0041809556324428,19676.340000000004,19694.03,19649.81,19622.814,-110.84999999999854,46.28673473349129,-2.053617322460923,10.5384219840501,0.0052751965665584
2023-10-23,19521.6,19556.85,19257.85,19281.75,-0.0082772569917148,0,-0.0133502877040729,19586.340000000004,19670.97,19630.185,19615.798,-230.59999999999852,41.41944000555827,-33.01686029780831,1.8273655276784195,0.005983990974774
2023-10-25,19286.45,19347.3,19074.15,19122.15,-0.0138530447674556,0,-0.0082772569917148,19448.47,19614.2,19602.565,19607.379,-567.6999999999971,39.578423236514624,-69.63117476227853,-12.464342530312972,0.0061942653607984
2023-10-26,19027.25,19041.7,18837.85,18857.25,0.0100757003274602,1,-0.0138530447674556,19285.7,19518.79,19562.1925,19595.958,-954.0999999999984,29.280770388203425,-118.65570974427465,-33.70261597310531,0.0067832621438854
2023-10-27,18928.75,19076.15,18926.65,19047.25,0.0049167202614551,1,0.0100757003274603,19170.21,19444.115,19528.7325,19588.212,-746.75,32.61648745519713,-140.55634872168957,-55.073362522822165,0.007243568113766
2023-10-30,19053.4,19158.5,18940.0,19140.9,-0.0032025662325179,0,0.004916720261455,19089.86,19383.1,19509.6,19581.73,-610.1499999999978,39.050847457627206,-148.64253198066945,-73.78719641439163,0.0071250043170987
2023-10-31,19232.95,19233.7,19056.45,19079.6,-0.004740665422755,0,-0.0032025662325179,19049.43,19317.885,19481.665,19576.017,-652.1500000000015,30.68890224992883,-158.1739572464685,-90.664548580807,0.0069532700452629
2023-11-01,19064.05,19096.05,18973.7,18989.15,0.0075885439843278,1,-0.004740665422755,19022.83,19235.65,19454.685,19569.597,-822.3499999999985,23.46029696578448,-171.05443052028568,-106.74252496870275,0.006929377994175
2023-11-02,19120.0,19175.25,19064.15,19133.25,0.0050880012543607,1,0.0075885439843277,19078.03,19181.865,19439.542500000003,19564.39,-537.8499999999985,30.284947038639416,-167.70147447532509,-118.93431487002722,0.0071589141488073
2023-11-03,19241.0,19276.25,19210.9,19230.6,0.0094198828949695,1,0.0050880012543608,19114.7,19142.455,19423.785,19561.073,-394.1000000000022,34.95939658411116,-155.3975747309778,-126.22696684221734,0.0071338856796551
2023-11-06,19345.85,19423.0,19309.7,19411.75,-0.0002601517122361,0,0.0094198828949696,19168.870000000003,19129.365,19411.6975,19560.428,-130.90000000000146,41.54334038054969,-129.5361424557086,-126.8888019649156,0.007365261513498
2023-11-07,19404.05,19423.5,19329.1,19406.7,0.0018962523252278,1,-0.0002601517122361,19234.29,19141.86,19406.415,19560.828,124.95000000000071,38.86259836020472,-108.2009901892634,-123.15123960978516,0.0072001230857417
2023-11-08,19449.6,19464.4,19401.5,19443.5,-0.0024789775503381,0,0.0018962523252279,19325.16,19173.995000000003,19394.0975,19564.382,321.34999999999854,43.3593977942464,-87.31674279886647,-115.98434024760144,0.0068812926921541
2023-11-09,19457.4,19463.9,19378.35,19395.3,0.0015493444288048,1,-0.0024789775503382,19377.57,19227.8,19373.295,19566.167,538.0499999999993,43.31390265228792,-73.80439236138773,-107.5483506703587,0.0067024017412933
2023-11-10,19351.85,19451.3,19329.45,19425.35,0.0051582082176125,1,0.0015493444288048,19416.52,19265.61,19354.8625,19567.821,378.09999999999854,46.47430117222714,-59.9795663222103,-98.03459380072904,0.0067274056084908
2023-11-12,19547.25,19547.25,19510.25,19525.55,-0.0041996256187405,0,0.0051582082176124,19439.28,19304.075,19343.5875,19571.383,384.6499999999978,58.11152515304762,-40.471459695250815,-86.52196697963339,0.006854004401506
2023-11-13,19486.75,19494.4,19414.75,19443.55,0.0119268343486658,1,-0.0041996256187405,19446.65,19340.47,19329.1775,19575.178,363.9500000000007,61.275610440639824,-31.26742789697528,-75.47105916310177,0.0069022415533626
2023-11-15,19651.4,19693.2,19579.65,19675.45,0.0045615220998757,1,0.0119268343486658,19493.04,19409.1,19322.375,19579.981,686.2999999999993,79.38514581238329,-5.200822608905583,-61.41701185226253,0.0073956711498882
2023-11-16,19674.7,19875.25,19627.0,19765.2,-0.0016898387064133,0,0.0045615220998758,19567.02,19472.295,19327.08,19584.709,631.9500000000007,77.78551801540308,22.4405441849849,-44.64550064481305,0.0072925459845003
2023-11-17,19674.75,19806.0,19667.45,19731.8,-0.001915689394784,0,-0.0016898387064133,19628.31,19522.415,19332.435,19587.847,501.2000000000007,73.98717220102287,41.17676552852208,-27.48104741014602,0.0072814092094144
2023-11-20,19731.15,19756.45,19670.5,19694.0,0.0045394536407028,1,-0.001915689394784,19662.0,19550.64,19340.0025,19589.506,282.25,75.42625393146841,52.37150572042447,-11.510536784031924,0.0072254851848025
2023-11-21,19770.9,19829.1,19754.05,19783.4,0.0014380743451579,1,0.0045394536407028,19729.97,19588.31,19365.085,19590.633,376.7000000000007,82.8977343329329,67.67711121868706,4.326992816511874,0.0065035485284981
2023-11-22,19784.0,19825.55,19703.85,19811.85,-0.0004971771944567,0,0.0014380743451578,19757.25,19625.145,19399.57,19590.471,368.34999999999854,81.0856619331195,81.1669490168315,19.6949840565758,0.0061004867378767
2023-11-23,19828.45,19875.15,19786.75,19802.0,-0.0003686496313503,0,-0.0004971771944567,19764.61,19665.815,19446.807500000003,19586.584,406.7000000000007,78.45617529880485,90.02517579296182,33.761022403853005,0.0049133876628697
2023-11-24,19809.6,19832.85,19768.85,19794.7,0.0047992644495748,1,-0.0003686496313503,19777.19,19702.75,19484.18,19582.614,369.3500000000022,73.06510871529252,95.35711784499654,46.08024149208171,0.0046066714624724
2023-11-28,19844.65,19916.85,19800.0,19889.7,0.0104023690653955,1,0.0047992644495749,19816.33,19739.165,19521.62,19579.008,364.1500000000015,76.24714704923382,106.0262220983568,58.06943761333673,0.0046027453425432
2023-11-29,19976.55,20104.65,19956.3,20096.6,0.0018187156036345,1,0.0104023690653956,19878.97,19804.47,19572.47,19578.878,653.0499999999993,79.9532195927353,129.68177418177947,72.39190492702528,0.0048050781046641
2023-11-30,20108.5,20158.7,20015.85,20133.15,0.0066929417403635,1,0.0018187156036346,19943.230000000003,19850.24,19629.67,19577.694000000003,457.7000000000007,84.20564646979754,149.653140923132,87.84415212624663,0.0044904470298107
2023-12-01,20194.1,20291.55,20183.7,20267.9,0.0206681501290216,1,0.0066929417403636,20036.41,19900.51,19686.4025,19580.386,502.7000000000007,85.60321149376729,174.3440619777757,105.14413409655243,0.0044458825652786
2023-12-04,20601.95,20702.65,20507.75,20686.8,0.0081356227159347,1,0.0206681501290215,20214.83,19996.01,19759.2125,19596.094,955.0,88.6580778321516,225.11849799519769,129.1390068762815,0.005958276453235
2023-12-05,20808.9,20864.05,20711.15,20855.1,0.0039606619004465,1,0.0081356227159348,20407.91,20112.120000000003,19831.38,19618.349,1161.0999999999983,94.43727372894703,275.7592270915229,158.46305091932982,0.005899714961387
2023-12-06,20950.75,20961.95,20852.15,20937.7,-0.0017456549668778,0,0.0039606619004464,20576.13,20227.55,19907.93,19643.618,1154.2999999999993,93.86010632753056,318.8816304907341,190.5467668336107,0.0058291015847833
2023-12-07,20932.4,20941.25,20850.8,20901.15,0.0032653705657344,1,-0.0017456549668778,20729.73,20336.480000000003,19980.8125,19668.15,1089.300000000003,90.98683023633424,346.11734106856966,221.66088168060247,0.0059480279346601
2023-12-08,20934.1,21006.1,20862.7,20969.4,0.0013209724646388,1,0.0032653705657343,20870.03,20453.22,20059.5175,19694.244,1167.4000000000017,93.55905955230207,368.9559480333264,251.11989495114727,0.0057732404836105
2023-12-11,20965.3,21026.1,20923.7,20997.1,-0.0043196441413336,0,0.0013209724646388,20932.09,20573.46,20138.105,19719.857,1202.3999999999978,96.19283941864606,384.85450393980864,277.8668167488796,0.0057784099886391
2023-12-12,21018.55,21037.9,20867.15,20906.4,0.0009542532430259,1,-0.0043196441413336,20942.35,20675.13,20207.1475,19747.514,1016.7000000000008,89.77192236860778,385.6895035367416,299.431354106452,0.0060530798758438
2023-12-13,20929.75,20950.0,20769.5,20926.35,0.0122501057279459,1,0.000954253243026,20940.08,20758.105000000003,20281.2875,19773.275,829.75,89.70996935794233,383.5398365139808,316.2530505879578,0.0058157949101786
2023-12-14,21110.4,21210.9,21074.45,21182.7,0.0129327234016438,1,0.012250105727946,20996.390000000003,20863.06,20356.65,19806.354000000003,1049.5499999999993,91.84446599587852,397.9343727609448,332.5893150225552,0.005840268167654
2023-12-15,21287.45,21492.3,21235.3,21456.65,-0.0017710127163373,0,0.0129327234016438,21093.84,20981.935,20441.2225,19846.765,1188.75,93.36011896997069,426.5308399315145,351.3776200043471,0.0061935293557013
2023-12-18,21434.8,21482.8,21365.35,21418.65,0.0016084113611267,1,-0.0017710127163373,21178.15,21055.120000000003,20525.565,19884.223,731.8500000000022,91.1129635107157,441.043390108669,369.3107740252115,0.0061975706271888
2023-12-19,21477.65,21505.05,21337.75,21453.1,-0.0141215022537534,0,0.0016084113611267,21287.49,21114.92,20613.52,19920.215,598.0,90.2045050385301,450.1356343772823,385.4757460956257,0.0060653833701885
2023-12-20,21543.5,21593.0,21087.35,21150.15,0.0049597756989902,1,-0.0141215022537534,21332.25,21136.165,20681.8575,19952.971,212.45000000000076,76.03153475990598,427.9624851931185,393.9730939151243,0.0073306494456825
2023-12-21,21033.95,21288.35,20976.8,21255.05,0.0044389450977533,1,0.0049597756989903,21346.72,21171.555,20754.0175,19984.275,353.8999999999978,75.65958774141576,414.081385573696,397.9947522468387,0.0073240644634214
2023-12-22,21295.85,21390.5,21232.45,21349.4,0.0043069126064431,1,0.0044389450977533,21325.27,21209.555,20831.3875,20015.036,380.0,70.7191994996875,406.01349971148375,399.59850173976776,0.0072635195345473
2023-12-26,21365.2,21477.15,21329.45,21441.35,0.0099527315211029,1,0.0043069126064432,21329.81,21253.98,20913.72,20047.983,444.25,69.25097691524661,402.4006147799955,400.1589243478133,0.0071974305982832
2023-12-27,21497.65,21675.75,21495.8,21654.75,0.0057239173853311,1,0.0099527315211029,21370.14,21328.815,21001.9725,20086.057,748.3499999999985,71.68344975656976,412.0076067592527,402.5286608301012,0.0073177440083524
2023-12-28,21715.0,21801.45,21678.0,21778.7,-0.0021718468044465,0,0.0057239173853311,21495.85,21414.05,21086.0775,20126.996,852.3500000000022,75.20464141080522,424.7269582329209,406.9683203106652,0.0071855012243568
2023-12-29,21737.65,21770.3,21676.9,21731.4,0.0004831718158977,1,-0.0021718468044464,21591.120000000003,21468.92,21165.99,20165.394,548.7000000000007,72.15245072387947,426.0788494646258,410.7904261414573,0.0073051768792383
2024-01-01,21727.75,21834.35,21680.85,21741.9,-0.0035001540803702,0,0.0004831718158977,21669.620000000003,21497.445,21239.69,20206.81,285.25,71.87114582721581,423.1200309200685,413.2563470971796,0.0073100425012458
2024-01-02,21751.35,21755.6,21555.65,21665.8,-0.0068518125340398,0,-0.0035001540803702,21714.51,21522.16,21288.64,20247.632,247.14999999999785,72.49274332089331,409.9093322778099,412.5869441333057,0.0062507266832885
2024-01-03,21661.1,21677.0,21500.35,21517.35,0.0065644700671783,1,-0.0068518125340398,21687.03,21528.585,21321.7525,20287.126,64.25,66.2666519872289,383.0455731446673,406.67866993557806,0.0064147237030256
2024-01-04,21605.8,21685.65,21564.55,21658.6,0.0024101280784538,1,0.0065644700671783,21663.01,21579.43,21357.7975,20334.663,508.4499999999971,63.98471936526591,368.9010829617801,399.12315254081847,0.0064914658542979
2024-01-05,21705.75,21749.6,21629.2,21710.8,-0.0091106730290914,0,0.0024101280784538,21658.89,21625.005,21398.28,20386.436,455.75,58.58759925663113,357.77931905254445,390.8543858431637,0.0064412129028037
2024-01-08,21747.6,21763.95,21492.9,21513.0,0.0014805001626922,1,-0.0091106730290915,21613.11,21641.365,21425.46,20439.551,163.59999999999854,52.87731389710588,329.20951178403266,378.5254110313375,0.0068845635978016
2024-01-09,21653.6,21724.45,21517.85,21544.85,0.0034277333098166,1,0.0014805001626922,21588.92,21651.715000000004,21452.8475,20489.503,103.5,52.8024680045206,305.6148250433507,363.9432938337401,0.0068846779368266
2024-01-10,21529.3,21641.85,21448.65,21618.7,0.0013183031357112,1,0.0034277333098164,21609.19,21648.11,21488.4625,20539.059,-36.04999999999927,66.64062222537908,289.53733742551776,349.0621025520956,0.0067681638400295
2024-01-11,21688.0,21726.5,21593.75,21647.2,0.0114264200450865,1,0.0013183031357111,21606.91,21634.96,21524.505,20590.411,-131.5,64.72642607683353,275.9149486944407,334.43267178056465,0.0067665467000804
2024-01-12,21773.55,21928.25,21715.15,21894.55,0.0092671463903118,1,0.0114264200450866,21643.66,21651.275,21560.0975,20648.519,163.14999999999782,68.36201960321996,281.82943104252627,323.912023632957,0.0067012519395345
2024-01-15,22053.15,22115.55,21963.55,22097.45,-0.0029483039898269,0,0.0092671463903117,21760.55,21686.83,21592.1375,20707.803,355.5499999999993,70.56224144415194,299.4373083119099,319.0170805687476,0.0064214440068196
2024-01-16,22080.5,22124.15,21969.8,22032.3,-0.0208943233343771,0,-0.0029483039898269,21858.04,21723.48,21622.82,20763.837,366.5,63.044604913105,304.623111775818,316.1382868101617,0.0064582214049677
2024-01-17,21647.25,21851.5,21550.45,21571.95,-0.0050853075405793,0,-0.0208943233343772,21848.69,21728.94,21628.7625,20807.041,54.60000000000218,44.20397521796418,268.4914978312918,306.60892901438774,0.0081616349398077
2024-01-18,21414.2,21539.4,21285.55,21462.25,0.0074619389858939,1,-0.0050853075405793,21811.7,21709.305,21644.3675,20848.152,-196.34999999999852,42.70971586446001,228.3725239678497,290.9616480050801,0.0075478355635144
2024-01-19,21615.2,21670.6,21575.0,21622.4,-0.0023401657540329,0,0.0074619389858938,21757.27,21700.465,21662.735,20891.73,-88.39999999999782,47.00591300861897,207.11324217776564,274.19196683961724,0.0076412730007436
2024-01-20,21706.15,21720.3,21541.8,21571.8,-0.0154368202931605,0,-0.0023401657540329,21652.14,21706.345,21673.855,20935.26,58.79999999999927,47.61433429775138,184.06037761655895,256.1656489950056,0.0076256674942457
2024-01-23,21716.7,21750.25,21192.6,21238.8,0.0101300450119593,1,-0.0154368202931605,21493.44,21675.74,21663.7275,20971.529,-306.0499999999993,43.53607314413016,137.3373597681275,232.39999114963,0.0083561580635993
2024-01-24,21185.25,21482.35,21137.2,21453.95,-0.0047240717909756,0,0.0101300450119592,21469.84,21659.265,21653.6875,21010.097,-164.75,45.40844944021904,116.32887159892198,209.1857672394884,0.00836785199139
2024-01-25,21454.6,21459.0,21247.05,21352.6,0.0180305911223925,1,-0.0047240717909756,21447.91,21629.805,21632.3825,21048.278,-294.6000000000022,42.13680467137903,90.45864443958637,185.440342679508,0.0082890563371111
2024-01-29,21433.1,21763.25,21429.6,21737.6,-0.0099136979243338,0,0.0180305911223925,21470.95,21614.11,21632.6925,21089.521,-156.95000000000073,54.55596575925996,99.87133091657596,168.3265403269216,0.0093019884366389
2024-01-30,21775.75,21813.05,21501.8,21522.1,0.0094600433972522,1,-0.0099136979243338,21461.01,21556.575,21621.7025,21124.659,-575.3500000000022,49.57051971833645,88.91692481260543,152.44461722405836,0.0095636615330755
2024-01-31,21487.25,21741.35,21448.85,21725.7,-0.0013003033273956,0,0.0094600433972522,21558.39,21525.915,21624.6975,21164.537,-306.59999999999854,51.92563798005973,95.56271006091993,141.06823579143068,0.0097836849272979
2024-02-01,21780.65,21832.95,21658.75,21697.45,0.0072059159025599,1,-0.0013003033273956,21607.09,21538.465,21633.7025,21204.606,125.5,50.90441136768597,97.42692687870294,132.33997400888512,0.0096514335492065
2024-02-02,21812.75,22126.8,21805.55,21853.8,-0.0037567837172481,0,0.0072059159025599,21707.33,21577.62,21643.4625,21246.014,391.5499999999993,49.24173349956272,110.2495819139658,127.92189558990124,0.0096738224042529
2024-02-05,21921.05,21964.3,21726.95,21771.7,0.0072433480160024,1,-0.0037567837172481,21714.15,21592.55,21646.5075,21285.211,149.29999999999927,43.65319045299564,112.4901283727704,124.83554214647508,0.0097077311676038
2024-02-06,21825.2,21951.4,21737.55,21929.4,5.016097111633445e-05,1,0.0072433480160023,21795.61,21628.31,21667.327500000003,21327.759,357.6000000000022,48.06491650368592,125.54366046017822,124.97716580921572,0.0095713438775751
2024-02-07,22045.05,22053.3,21860.15,21930.5,-0.0096919814869701,0,5.0160971116319786e-05,21836.57,21697.48,21686.61,21370.475,691.7000000000007,58.1505307903889,134.42783904193857,126.86730045576032,0.0095729287620564
2024-02-08,22009.65,22011.05,21665.3,21717.95,0.002972195810378,1,-0.0096919814869701,21840.67,21723.88,21691.5725,21407.04,264.0,55.55290132036136,122.90088107560224,126.0740165797287,0.0098386683437572
2024-02-09,21727.0,21804.45,21629.9,21782.5,-0.0076414552966831,0,0.0029721958103781,21826.41,21766.870000000003,21698.3375,21440.758,429.9000000000015,53.62742432481417,117.61849655980404,124.3829125757438,0.0098548352020442
2024-02-12,21800.8,21831.7,21574.75,21616.05,0.0058845163663111,1,-0.0076414552966831,21795.28,21754.715,21684.4125,21470.416,-121.54999999999929,50.9525757216972,98.8614318074251,119.27861642208006,0.0096478314745918
2024-02-13,21664.3,21766.8,21543.35,21743.25,0.0044519563542708,1,0.0058845163663112,21758.05,21776.83,21666.702500000003,21499.923,221.15000000000143,61.91510971490659,93.18610834835636,114.06011480733534,0.0094942599873547
2024-02-14,21578.15,21870.85,21530.2,21840.05,0.0032371720760712,1,0.0044519563542708,21739.96,21788.265000000003,21657.09,21522.988,114.34999999999854,59.65974480860642,95.39961722403314,110.3280152906749,0.0095487282302695
2024-02-15,21906.55,21953.85,21794.8,21910.75,0.0059308786782743,1,0.0032371720760713,21778.52,21809.595,21674.03,21544.101,213.29999999999927,64.18172116777198,101.68655873946044,108.59972398043202,0.0082596863995541
2024-02-16,22020.3,22068.65,21968.95,22040.7,0.0036999732313401,1,0.0059308786782743,21830.16,21828.285,21702.952500000003,21566.161,186.90000000000143,58.84808500700614,115.81978575309404,110.04373633496444,0.0082129096437739
2024-02-19,22103.45,22186.65,22021.05,22122.25,0.003376690888133,1,0.00369997323134,21931.4,21863.34,21727.945,21590.583,350.5499999999993,69.00592203185869,132.0783563677287,114.45066034151728,0.0081082807824623
2024-02-20,22099.2,22215.6,22045.85,22196.95,-0.0063927701778848,0,0.0033766908881329,22022.14,21890.095,21759.2025,21615.134,267.5499999999993,66.25056036415052,149.27036062286425,121.41460039778669,0.0080785678352433
2024-02-21,22248.85,22249.4,21997.95,22055.05,0.0073633929644231,1,-0.0063927701778848,22065.14,21902.55,21800.015000000003,21636.293,124.54999999999929,61.4351496546431,149.71913477577257,127.07550727338386,0.0072984066572203
2024-02-22,22081.55,22252.5,21875.25,22217.45,-0.0002137959126722,0,0.0073633929644232,22126.480000000003,21952.5,21838.19,21662.514,499.5,61.58379256522158,161.3195232457074,133.92431046784856,0.0071593523506074
2024-02-23,22290.0,22297.5,22186.1,22212.7,-0.0040809987079464,0,-0.0002137959126722,22160.88,21995.52,21881.195,21688.241,430.2000000000007,64.77584936004823,168.1908301865842,140.7776144115957,0.0070134339450525
2024-02-26,22169.2,22202.15,22075.15,22122.05,0.0034490474436139,1,-0.0040809987079464,22160.84,22046.120000000003,21900.4175,21707.028,506.0,56.75846342746877,164.42628912674263,145.5073493546251,0.006026785356787
2024-02-27,22090.2,22218.25,22085.65,22198.35,-0.0111359628080464,0,0.0034490474436139,22161.120000000003,22091.63,21934.230000000003,21721.862,455.09999999999854,58.92565563664227,165.6896681923754,149.54381312217515,0.0054815889003372
2024-02-28,22214.1,22229.15,21915.85,21951.15,0.0014418378991532,1,-0.0111359628080464,22140.34,22102.74,21945.5025,21732.512,111.10000000000218,57.595596378086135,145.071635629065,148.6493776235531,0.005842551503006
2024-02-29,21935.2,22060.55,21860.65,21982.8,0.0161922048146733,1,0.0014418378991531,22093.41,22109.945,21959.77,21743.106,72.04999999999927,56.66688856344026,129.7894547247197,144.8773930437864,0.0058294361259549
2024-03-01,22048.3,22353.3,22047.75,22338.75,0.0017749426445079,1,0.0161922048146734,22118.620000000003,22139.75,21984.0175,21766.878,298.0499999999993,71.36017024295089,144.7320257572137,144.8483195864719,0.0066485184254186
2024-03-02,22406.95,22419.55,22367.05,22378.4,0.0012154577628426,1,0.0017749426445079,22169.89,22165.365,22014.3525,21789.345,256.15000000000146,69.79708880092264,157.95276345210368,147.46920835959827,0.0065493284026386
2024-03-04,22403.5,22440.9,22358.3,22405.6,-0.0022003427714499,0,0.0012154577628427,22211.340000000004,22186.23,22038.1625,21810.469,208.64999999999785,68.42722622267112,168.6806603532059,151.7114987583198,0.0064031220993594
2024-03-05,22371.25,22416.9,22269.15,22356.3,0.0052669717260906,1,-0.0022003427714499,22292.370000000003,22216.355,22059.4525,21828.768,301.25,64.7225985526881,171.23065752241018,155.61533051113787,0.0064420906840744
2024-03-06,22327.5,22497.2,22224.35,22474.05,0.000867667376374,1,0.0052669717260906,22390.62,22242.015,22097.2575,21845.154,256.59999999999854,64.43585729038273,180.67033442110187,160.62633129313068,0.0059901640191331
2024-03-07,22505.3,22525.65,22430.0,22493.55,-0.0071531616841271,0,0.0008676673763741,22421.58,22270.1,22132.81,21859.451,280.84999999999854,62.90221697129751,187.56272704063304,166.01361044263115,0.0059856699389238
2024-03-11,22517.5,22526.6,22307.25,22332.65,0.0001365713428544,1,-0.0071531616841271,22412.43,22291.16,22168.64,21871.476,210.60000000000215,54.44888859746906,177.9899551380986,168.40887938172463,0.0059467561745699
2024-03-12,22334.45,22452.55,22256.0,22335.7,-0.0151327247411095,0,0.0001365713428544,22398.45,22304.895,22198.2625,21883.352,137.35000000000218,60.12263300270525,168.7048494578994,168.4680733969596,0.0058696708631044
2024-03-13,22432.2,22446.75,21905.65,21997.7,0.0067711624397096,1,-0.0151327247411094,22326.730000000003,22309.55,22206.145,21889.99,46.54999999999927,42.96507347056372,132.54466866049916,161.28339244966753,0.006874567116946
2024-03-14,21982.55,22204.6,21917.5,22146.65,-0.0055674334493028,0,0.0067711624397095,22261.25,22325.935,22217.94,21902.576,163.85000000000218,48.06424196242784,114.58561340715096,151.9438366411642,0.0069961555005709
2024-03-15,22064.85,22120.9,21931.7,22023.35,0.0014688955131713,1,-0.0055674334493028,22167.21,22294.395,22217.0725,21909.871,-315.40000000000146,47.16167251394717,89.37341212994215,139.4297517389198,0.0070039078957467
2024-03-18,21990.1,22123.7,21916.55,22055.7,-0.0108021962576567,0,0.0014688955131714,22111.82,22262.125,22213.745,21916.769000000004,-322.7000000000007,45.7914146629297,71.18238933862449,125.78027925886074,0.0069592312014353
2024-03-19,21946.45,21978.3,21793.1,21817.45,0.0009923249508992,1,-0.0108021962576567,22008.17,22203.31,22194.77,21922.858000000004,-588.1499999999978,46.03452366828803,37.11327017917574,108.04687744292376,0.0072974454627676
2024-03-20,21843.9,21930.9,21710.2,21839.1,0.0079147034447391,1,0.0009923249508994,21976.45,22151.59,22183.9725,21928.743,-517.2000000000007,45.71249552452558,11.72506263055402,88.78251448044982,0.00718751801103
2024-03-21,21989.9,22080.95,21941.3,22011.95,0.0038524528721898,1,0.0079147034447391,21949.51,22105.38,22173.6975,21936.608000000004,-462.09999999999854,39.0533931801434,5.48900187160325,72.12381195868052,0.0072201141847992
2024-03-22,21932.2,22180.7,21883.3,22096.75,-0.0041657709844207,0,0.0038524528721899,21964.19,22065.7,22167.9,21945.599,-396.7999999999993,40.842734987157336,7.305318919468846,59.16011335083819,0.0072837818753039
2024-03-26,21947.9,22073.2,21947.55,22004.7,0.0054056633355601,1,-0.0041657709844207,21953.99,22032.905,22162.0325,21947.802000000003,-327.9500000000007,37.49298059524559,1.3020879009091004,47.58850826085238,0.007286161153013
2024-03-27,22053.95,22193.6,22052.85,22123.65,0.0091870012407536,1,0.0054056633355601,22015.23,22011.7,22158.2975,21948.326,-212.04999999999927,43.0442192124855,6.072752055591991,39.2853570198003,0.0073511559468392
2024-03-28,22163.6,22516.0,22163.6,22326.9,0.0060509967796693,1,0.0091870012407537,22112.79,22044.620000000003,22177.085,21954.218000000004,329.2000000000007,45.8144892908952,25.954921953925805,36.6192700066254,0.0071535647998114
2024-04-01,22455.0,22529.95,22427.75,22462.0,-0.0003873208084765,0,0.0060509967796693,22202.8,22076.155,22201.045,21972.019000000004,315.34999999999854,49.15797058902027,52.013545983059885,39.6981252019123,0.00724648475226
2024-04-02,22458.8,22497.6,22388.15,22453.3,-0.0008306128720498,0,-0.0003873208084765,22274.11,22119.15,22206.7725,21991.84,429.9500000000007,53.50472040668112,71.14308280379555,45.98711672228895,0.006318467979523
2024-04-03,22385.7,22521.1,22346.5,22434.65,0.003565912550452,1,-0.0008306128720498,22360.1,22157.045,22209.585,22008.085,378.9500000000007,52.84854765811672,83.83211498182573,53.55611637419631,0.0063127679388946
2024-04-04,22592.1,22619.0,22303.8,22514.65,-4.2194748752511256e-05,0,0.0035659125504521,22438.3,22226.765,22215.0375,22026.941999999995,697.2000000000007,67.47810798931603,99.20007905313832,62.68490890998471,0.006355488931632
2024-04-05,22486.4,22537.6,22427.6,22513.7,0.0067780951154185,1,-4.219474875255536e-05,22475.660000000003,22294.225,22222.9075,22052.44,674.6000000000022,63.79005898485926,110.03423803718032,72.15477473542384,0.0063297497663952
2024-04-08,22578.35,22697.3,22550.35,22666.3,-0.0010389873953843,0,0.0067780951154186,22516.52,22359.66,22232.52,22076.687,654.3499999999985,73.63526081682174,129.4418071781001,83.61218122395911,0.006399910571893
2024-04-09,22765.1,22768.4,22612.25,22642.75,0.0049044396109129,1,-0.0010389873953843,22554.41,22414.26,22239.980000000003,22102.49,546.0,71.72087172087177,141.2934148277891,95.14842794472511,0.0064074872656862
2024-04-10,22720.25,22775.7,22673.7,22753.8,-0.0103015760004921,0,0.004904439610913,22618.24,22489.17,22261.0375,22122.814,749.0999999999985,88.24490462770098,157.82737050970536,107.68421645772118,0.0062291086385133
2024-04-12,22677.4,22726.45,22503.75,22519.4,-0.0109638800323277,0,-0.010301576000492,22619.19,22528.745000000003,22270.2225,22142.76,395.75,73.67248938687472,150.28414638004324,116.2042024421856,0.0067191254684923
2024-04-15,22339.05,22427.45,22259.55,22272.5,-0.0055943427994162,0,-0.0109638800323277,22570.95,22523.305,22283.9625,22153.696,-54.400000000001455,58.622058969522506,122.9658466046094,117.55653127467036,0.0062598550258893
2024-04-16,22125.3,22213.75,22079.45,22147.9,-0.0068652106971768,0,-0.0055943427994162,22467.27,22491.895,22284.025,22162.705,-314.09999999999854,51.649201999032776,90.22169895600018,112.08956481093634,0.0062329777091777
2024-04-18,22212.35,22326.5,21961.7,21995.85,0.0068717508075387,1,-0.0068652106971768,22337.890000000003,22446.15,22282.65,22165.545999999995,-457.4500000000007,49.72528325314288,51.409939983939694,99.95363984553704,0.0063006102884665
2024-04-19,21861.5,22179.55,21777.65,22147.0,0.0085519483451483,1,0.0068717508075386,22216.53,22417.385,22287.215000000004,22173.052,-287.65000000000146,50.7106120088864,32.47354831085613,86.45762153860086,0.0064820837688815
2024-04-22,22336.9,22375.65,22198.15,22336.4,0.0014147311115487,1,0.0085519483451483,22179.93,22399.56,22313.1625,22181.192000000003,-178.25,50.29157203363821,32.3761069907996,75.64131862904061,0.0061869139381097
2024-04-23,22447.05,22447.55,22349.45,22368.0,0.0015379113018598,1,0.0014147311115488,22199.03,22384.99,22339.6075,22189.942000000003,-145.70000000000073,46.91924488725747,34.45160331279112,67.40337556579072,0.0061869092604011
2024-04-24,22421.55,22476.45,22384.0,22402.4,0.0074969646109344,1,0.0015379113018598,22249.93,22358.6,22359.13,22203.631,-263.8999999999978,48.359440469283896,38.42925309995917,61.608551072624415,0.0059844936578356
2024-04-25,22316.9,22625.95,22305.25,22570.35,-0.0066636095585579,0,0.0074969646109344,22364.83,22351.36,22382.81,22219.388000000003,-72.40000000000146,53.98976831706448,54.50542597481035,60.18792605306161,0.0061328842187653
2024-04-26,22620.4,22620.4,22385.55,22419.95,0.0099665699522077,1,-0.0066636095585579,22419.42,22317.975,22403.5725,22235.466,-333.84999999999854,47.326369282890994,54.48185285995351,59.04671141443999,0.0062692247853742
2024-04-29,22475.55,22655.8,22441.9,22643.4,-0.0017024828426827,0,0.0099665699522077,22480.82,22330.375,22429.56,22253.469,124.0,53.25307248557815,71.66757930432505,61.57088499241701,0.0065177106256345
2024-04-30,22679.65,22783.35,22568.4,22604.85,0.0019177300446586,1,-0.0017024828426828,22528.19,22363.61,22443.4575,22268.765,332.34999999999854,48.36521322727392,81.24024156924133,65.50475630778188,0.0062636801785423
2024-05-02,22567.85,22710.5,22567.85,22648.2,-0.0076098762815588,0,0.0019177300446586,22577.35,22413.640000000003,22452.7675,22283.514,500.2999999999993,50.1434776885613,91.27249557656978,70.65830416153946,0.0061426831703785
2024-05-03,22766.35,22794.7,22348.05,22475.85,-0.0014749164102802,0,-0.0076098762815588,22558.45,22461.64,22453.895,22292.217,480.0,42.911427915635926,84.34366329654586,73.39537598854075,0.0064002193361301
2024-05-06,22561.6,22588.8,22409.45,22442.7,-0.0062470201891929,0,-0.0014749164102803,22563.0,22491.21,22454.2975,22298.626,295.7000000000007,47.82015574376172,75.30946520482757,73.77819383179812,0.0064066076799054
2024-05-07,22489.75,22499.05,22232.05,22302.5,0.0,0,-0.0062470201891929,22494.82,22487.82,22443.69,22300.737,-33.900000000001455,50.9076606559361,56.18911666909844,70.26037839925819,0.0064972772823121
2024-05-08,22231.2,22368.65,22185.2,22302.5,-0.0154691178119044,0,0.0,22434.35,22481.27,22433.13,22305.686,-65.5,55.05890052356013,40.56845480584525,64.3219936805756,0.0064974246124701
2024-05-09,22224.8,22307.75,21932.4,21957.5,0.004449504725037,1,-0.0154691178119045,22296.21,22436.78,22397.69,22300.487,-444.9000000000015,48.88578982538719,0.3463584194651048,51.5268666283535,0.0070734760648342
2024-05-10,21990.95,22131.3,21950.3,22055.2,0.0022148971671079,1,0.004449504725037,22212.08,22385.265000000003,22368.3125,22297.337,-515.1499999999978,47.24737631184411,-23.376894970653662,36.54611430855207,0.0072002250740705
2024-05-13,22027.95,22131.65,21821.05,22104.05,0.0051483777859713,1,0.0022148971671078,22144.35,22353.675,22335.825,22296.977000000003,-315.90000000000146,42.39169586430459,-37.80022004871353,21.67684743709895,0.0071029214552052
2024-05-14,22112.9,22270.05,22081.25,22217.85,-0.000778653200017,0,0.0051483777859713,22127.42,22311.120000000003,22320.7475,22297.367,-425.5500000000029,45.33449336606279,-39.59171154806245,9.423135640066668,0.0069244520941592
2024-05-15,22255.6,22297.55,22151.75,22200.55,0.0091574307843724,1,-0.000778653200017,22107.03,22270.69,22317.15,22302.355,-404.2999999999993,43.66068904871071,-41.92417113817646,-0.8463257155819583,0.0064867745202745
2024-05-16,22319.2,22432.25,22054.55,22403.85,0.0027785402955295,1,0.0091574307843724,22196.3,22246.255,22329.9475,22310.776,-244.35000000000215,44.88447830895909,-27.05616459324665,-6.0882934911148965,0.0066702389031373
2024-05-17,22415.25,22502.15,22345.65,22466.1,0.0015979631533733,1,0.0027785402955295,22278.48,22245.28,22353.46,22313.323000000004,-9.75,51.499106707812174,-10.13329719088506,-6.89729423106893,0.0064473427201117
2024-05-18,22512.85,22520.25,22470.05,22502.0,0.0012021153675228,1,0.0015979631533733,22358.07,22251.21,22371.21,22315.795,59.29999999999927,44.76954945624025,6.10465643992211,-4.296904096870722,0.0063041709888012
2024-05-21,22404.55,22591.1,22404.55,22529.05,0.0030516155807723,1,0.0012021153675227,22420.31,22273.865,22380.8425,22318.264,226.54999999999927,47.17206387106405,20.914965906340512,0.7454699037715251,0.0060379837964557
2024-05-22,22576.6,22629.5,22483.15,22597.8,0.0163666374602838,1,0.0030516155807722,22499.76,22303.395,22392.3325,22323.094,295.2999999999993,48.15465729349731,37.76446801357088,8.149269525731395,0.0060628365287957
2024-05-23,22614.1,22993.6,22577.45,22967.65,-0.0004593417262977,0,0.0163666374602837,22612.52,22404.41,22420.595,22332.966,1010.1500000000016,65.73155908131288,80.0389842740733,22.52721247539978,0.0070233783692276
2024-05-24,22930.75,23026.4,22908.0,22957.1,-0.0010737418924863,0,-0.0004593417262978,22710.72,22494.6,22439.932500000003,22342.237,901.8999999999978,66.69587796170063,111.40632340382216,40.30303466108426,0.0068758982168499
2024-05-27,23038.95,23110.8,22871.2,22932.45,-0.0019317604529825,0,-0.0010737418924863,22796.81,22577.44,22465.5575,22354.233,828.4000000000015,72.10428436085478,132.7459045065698,58.79160863018137,0.0066637912434551
2024-05-28,22977.15,22998.55,22858.5,22888.15,-0.0080150645639774,0,-0.0019317604529824,22868.63,22644.47,22477.795,22365.282000000003,670.3000000000029,69.93023651522891,144.4182725556566,75.91694141527643,0.0063596015243529
2024-05-29,22762.75,22825.5,22685.45,22704.7,-0.009515650944518,0,-0.0080150645639774,22890.01,22694.885,22482.7875,22379.422,504.1500000000015,78.56924371033114,137.2833099439085,88.19021512100285,0.0066285958207266
2024-05-30,22617.45,22705.75,22417.0,22488.65,0.0018698321153114,1,-0.0095156509445181,22794.21,22703.365,22474.81,22386.262,84.80000000000291,65.19757371761162,112.89399952223904,93.13097200125009,0.0069610879173784
2024-05-31,22568.1,22653.75,22465.1,22530.7,0.0325422645545855,1,0.0018698321153114,22708.93,22709.825,22477.5525,22396.409000000003,64.60000000000218,65.03082614056726,95.8534400805038,93.67546561710084,0.0067591466905786
2024-06-03,23337.9,23338.7,23062.3,23263.9,-0.059293583620975,0,0.0325422645545856,22775.22,22786.015,22518.6125,22420.573,761.9000000000015,75.65545826895254,139.89911641441358,102.9201957765634,0.0098868116706273
2024-06-04,23179.5,23179.5,21281.45,21884.5,0.0336242546094266,1,-0.059293583620975,22574.49,22721.56,22497.7125,22421.914,-644.5499999999993,45.35323090494745,62.77593842628266,94.89134430650724,0.0168412421634079
2024-06-05,22128.35,22670.4,21791.95,22620.35,0.0088880145532674,1,0.0336242546094267,22557.620000000003,22723.815,22513.605,22437.539000000004,22.549999999999272,52.75214196730481,60.33668571847375,87.98041258890055,0.0185207017429401
2024-06-06,22798.6,22910.15,22642.6,22821.4,0.0205399318183809,1,0.0088880145532674,22624.17,22709.19,22556.8,22453.728,-146.25,54.36261388472781,73.77616937226048,85.13956394557255,0.0181873405038708
2024-06-07,22821.85,23320.2,22789.05,23290.15,-0.0013288879633665,0,0.0205399318183809,22776.06,22742.495000000003,22618.5475,22477.596,333.0500000000029,58.74759986237362,120.8580876836604,92.28326869319012,0.0186472197873347
2024-06-10,23319.15,23411.9,23227.15,23259.2,0.0002429146316295,1,-0.0013288879633664,22775.120000000003,22775.17,22676.305,22502.686,326.75,58.09685396497999,153.899384506738,104.60649185589968,0.0186708512877798
2024-06-11,23283.75,23389.45,23206.65,23264.85,0.0024973296625597,1,0.0002429146316296,23051.19,22812.840000000004,22728.655,22525.51,376.6999999999971,57.502108755553046,178.48331353329195,119.38185619137816,0.0186694716341964
2024-06-12,23344.45,23441.95,23295.95,23322.95,0.0032564491198583,1,0.0024973296625596,23191.71,22874.665,22784.775,22545.431,618.25,54.2972907595549,200.3449865480179,135.5744822627061,0.0186538036316452
2024-06-13,23480.95,23481.05,23353.9,23398.9,0.0028505613511745,1,0.0032564491198583,23307.21,22965.69,22834.5275,22564.169,910.25,55.26027527742062,221.2486336501788,152.70931254020067,0.0185918070651376
2024-06-14,23464.95,23490.4,23334.25,23465.6,0.003933417428065,1,0.0028505613511744,23342.3,23059.18,22884.5025,22584.415,934.8999999999978,56.2849968760683,240.4255807114096,170.25256617444245,0.0185919030453088
2024-06-18,23570.8,23579.05,23499.7,23557.9,-0.0017785965642099,0,0.0039334174280649,23402.04,23088.58,22937.2975,22606.88,294.0,57.80694494632178,260.0733246401651,188.216717867587,0.0185942943122612
2024-06-19,23629.85,23664.0,23412.9,23516.0,0.0021687361796223,1,-0.0017785965642099,23452.27,23251.73,22986.645,22626.907000000003,1631.5,59.7796475324863,269.16060749443204,204.405495792956,0.018616858707031
2024-06-20,23586.15,23624.0,23442.6,23567.0,-0.0027962829380065,0,0.0021687361796223,23501.08,23346.395,23035.105,22647.973,946.6500000000016,63.53741667398969,277.2812922663543,218.98065508763568,0.0186160626762824
2024-06-21,23661.15,23667.1,23398.2,23501.1,0.001563756590117,1,-0.0027962829380066,23521.52,23414.365,23061.777500000004,22664.669,679.6999999999971,62.10971622532253,275.2267713068468,230.22987833147792,0.0183434456322766
2024-06-24,23382.3,23558.1,23350.0,23537.85,0.0077938299377386,1,0.0015637565901169,23535.97,23439.135,23090.815,22682.571,247.6999999999971,54.137904992070034,273.41224039775625,238.8663507447336,0.0183387466202588
2024-06-25,23577.1,23754.15,23562.05,23721.3,0.0062180403266262,1,0.0077938299377386,23568.65,23485.345,23130.2575,22701.921,462.09999999999854,93.43754434091646,283.5089783989242,247.7948762755717,0.0183826242625533
2024-06-26,23723.1,23889.9,23670.45,23868.8,0.007361073870492,1,0.0062180403266263,23639.21,23545.74,23179.29,22728.909000000003,603.9500000000007,90.90730364690828,299.9550383326132,258.22690868698004,0.0183845800377941
2024-06-27,23881.55,24087.45,23805.4,24044.5,-0.0014098858366778,0,0.0073610738704921,23734.71,23617.895,23246.28,22764.349,721.5499999999993,90.75369852059156,323.4377914050783,271.26908523059967,0.0182531776576749
2024-06-28,24085.9,24174.0,23985.8,24010.6,0.0054705005289331,1,-0.0014098858366778,23836.61,23679.065,23322.3775,22801.603,611.6999999999971,83.80014074595319,335.445785505668,284.10442528561333,0.0180487572619083
2024-07-01,23992.95,24164.0,23992.7,24141.95,-0.0007497323124272,0,0.005470500528933,23957.43,23746.7,23402.94,22844.525,676.3500000000022,87.8489045148563,351.50907677529904,297.5853555835505,0.018050258581773
2024-07-02,24228.75,24236.35,24056.4,24123.85,0.0067422903060664,1,-0.0007497323124272,24037.94,23803.295,23445.9375,22884.062,565.9499999999971,86.44154081113145,358.6446003993624,309.79720454671286,0.0167291381624986
2024-07-03,24291.75,24309.15,24207.1,24286.5,0.0006443909167645,1,0.0067422903060665,24121.48,23880.345,23566.0375,22923.064,770.5,87.54627284417215,373.12292118289406,322.4623478739491,0.0084952852245421
2024-07-04,24369.95,24401.0,24281.0,24302.15,0.000892925111564,1,0.0006443909167646,24173.01,23953.86,23650.1275,22961.747,735.1500000000015,86.93216665985159,381.4626548887027,334.2624092768998,0.0052976984757992
2024-07-05,24213.35,24363.0,24168.85,24323.85,-0.0001356693122182,0,0.0008929251115641,24235.66,24036.135,23725.25,23000.176,822.75,86.43290741605428,385.3805356566336,344.4860345528466,0.0051784060023094
2024-07-08,24329.45,24344.6,24240.55,24320.55,0.0046318853808816,1,-0.0001356693122182,24271.38,24114.405,23776.77,23035.18,782.7000000000007,85.02089360334257,383.79505152145794,352.3478379465689,0.0032347981187601
2024-07-09,24351.0,24443.6,24331.9,24433.2,-0.0044509110554491,0,0.0046318853808815,24333.25,24185.595,23835.47,23075.445,711.9000000000015,89.54812004139329,387.1654551019201,359.3113613776392,0.0031692139932781
2024-07-10,24459.85,24461.05,24141.8,24324.45,-0.0003494426389908,0,-0.0044509110554491,24340.84,24231.16,23888.45,23109.066000000003,455.6500000000015,81.11060910995172,376.71872907405486,362.7928349169224,0.0034994056669992
2024-07-11,24396.55,24402.65,24193.75,24315.95,0.0076575252046496,1,-0.0003494426389908,24343.6,24258.305,23938.1,23143.288,271.4500000000007,85.12435880856918,363.5628186069298,362.9468316549238,0.0035457717692213
2024-07-12,24387.95,24592.2,24331.15,24502.15,0.003450717590089,1,0.0076575252046495,24379.26,24307.46,23993.2625,23180.367,491.5500000000029,86.82220864518087,363.96587657591226,363.1506406391215,0.0037523359530555
2024-07-15,24587.6,24635.05,24522.75,24586.7,0.001069684016155,1,0.003450717590089,24432.49,24351.935,24049.3175,23222.584,444.75,85.74555968607999,366.8786328014612,363.8962390715895,0.0037592551893648
2024-07-16,24615.9,24661.25,24587.65,24613.0,0.0076321456141063,1,0.001069684016155,24468.45,24400.85,24102.0725,23265.99,489.1500000000015,84.15955200587516,367.0777593849925,364.5325431342701,0.00375001361163
2024-07-18,24543.8,24837.75,24504.45,24800.85,-0.0108847075805868,0,0.0076321456141064,24563.730000000003,24452.285,24166.315,23315.957,514.3499999999985,84.33428662217966,378.03573309704734,367.2331811268256,0.0038144129158534
2024-07-19,24853.8,24854.8,24508.15,24530.9,-0.0008825603626447,0,-0.0108847075805867,24606.72,24475.16,24214.51,23360.525,228.75,69.45046728971974,360.77846767946176,365.9422384373528,0.0048742700666475
2024-07-22,24445.75,24595.2,24362.3,24509.25,-0.0012321878474453,0,-0.0008825603626446,24608.14,24493.7,24264.9175,23411.56,185.40000000000143,64.9576478253787,341.4193170795952,361.03765416580126,0.0047929003627783
2024-07-23,24568.9,24582.55,24074.2,24479.05,-0.0026777999963233,0,-0.0012321878474453,24586.61,24509.55,24311.9775,23460.037,158.5,64.32373578514401,319.9519561585621,352.8205145643534,0.004850205472571
2024-07-24,24444.95,24504.25,24307.25,24413.5,-0.0003031109836771,0,-0.0026777999963233,24546.71,24507.58,24346.5875,23506.226,-19.700000000000728,55.55652782639134,294.2575627741789,341.1079242063185,0.004753064809016
2024-07-25,24230.95,24426.15,24210.8,24406.1,0.0175673294791056,1,-0.000303110983677,24467.76,24515.745000000003,24373.452500000003,23549.990999999995,81.64999999999782,54.58111145388028,270.18295185736497,326.9229297365278,0.0046308614349017
2024-07-26,24423.35,24861.15,24410.9,24834.85,5.0332496471692e-05,1,0.0175673294791056,24528.55,24567.635,24412.97,23602.677000000003,518.8999999999978,66.57368967306695,282.4443484113435,318.027213471491,0.0057753068487193
2024-07-29,24943.3,24999.75,24774.6,24836.1,0.0008535961765333,1,5.033249647179439e-05,24593.92,24601.03,24454.245,23651.322,333.9499999999971,66.74352895326555,288.9318317694597,312.20813713108475,0.0057439435846724
2024-07-30,24839.4,24971.75,24798.65,24857.3,0.0037755508442188,1,0.0008535961765334,24669.57,24628.09,24490.0125,23699.146,270.59999999999854,64.6433257371728,292.4131155198993,308.24913280884766,0.0056771244849155
2024-07-31,24886.7,24984.6,24856.5,24951.15,0.0023946792031629,1,0.0037755508442189,24777.1,24661.905,24531.3775,23748.129,338.15000000000146,71.86366173597546,299.2948835235802,306.4582829517942,0.0056739117401818
2024-08-01,25030.95,25078.3,24956.4,25010.9,-0.0117228888204743,0,0.002394679203163,24898.06,24682.91,24567.5975,23797.766,210.0500000000029,73.4076594024723,306.0421959649357,306.3750655544225,0.0055526552025259
2024-08-02,24789.0,24851.9,24686.85,24717.7,-0.0267864728514385,0,-0.0117228888204743,24874.63,24701.59,24588.375,23840.164,186.79999999999927,56.77212604857203,284.4517177242342,301.9903959883849,0.0062907921286618
2024-08-05,24302.85,24350.05,23893.7,24055.6,-0.0026210113237665,0,-0.0267864728514385,24718.53,24656.225,24574.9625,23861.923,-453.6500000000015,37.75703088981094,211.4773918350911,283.88779515772615,0.00882074598181
2024-08-06,24189.85,24382.6,23960.4,23992.55,0.0127101954565063,1,-0.0026210113237665,24545.58,24607.575,24558.5625,23882.632,-486.5,35.93562280403492,146.86414628849525,256.48306538388,0.0088325881799238
2024-08-07,24289.4,24337.7,24184.9,24297.5,-0.007428747813561,0,0.0127101954565063,24414.85,24595.975,24551.7775,23909.933000000005,-116.0,39.16524958563839,118.89406335269086,228.96526497764216,0.0092607604218072
2024-08-08,24248.55,24340.5,24079.7,24117.0,0.0103868640378156,1,-0.007428747813561,24236.07,24567.065,24541.405,23934.51,-289.09999999999854,40.73385869078536,81.22640221093025,199.41749242429975,0.0093555219335556
2024-08-09,24386.85,24419.75,24311.2,24367.5,-0.0008412844977941,0,0.0103868640378157,24166.03,24520.33,24543.9825,23967.766,-467.34999999999854,47.12153518123669,70.77195086384745,173.68838411220932,0.0096607931836114
2024-08-12,24320.05,24472.8,24212.1,24347.0,-0.0085431469996303,0,-0.0008412844977941,24224.31,24471.42,24536.225,24004.933000000005,-489.09999999999854,47.307904018266726,60.13929580998956,150.97856645176535,0.0094987632361269
2024-08-13,24342.35,24359.95,24116.5,24139.0,0.0001967769998757,1,-0.0085431469996303,24253.6,24399.59,24513.84,24037.099,-718.2999999999993,44.71098265895954,34.53092736825056,127.68903863506242,0.0096289163795167
2024-08-14,24184.4,24196.5,24099.7,24143.75,0.0164597463111571,1,0.0001967769998756,24222.85,24318.85,24490.3775,24054.696,-807.4000000000015,44.93991937817043,14.452793376935006,105.04178958343694,0.0096216171924543
2024-08-16,24334.85,24563.9,24204.5,24541.15,0.0012835584314508,1,0.016459746311157,24307.68,24271.875,24477.3925,24107.829,-469.75,44.265911753221474,30.258781920751066,90.08518805089976,0.0102184468018673
2024-08-19,24636.35,24638.8,24522.95,24572.65,0.0051357912150295,1,0.0012835584314507,24348.71,24257.370000000003,24479.48,24146.875,-145.04999999999927,44.91654606849984,44.81038226795499,81.0302268943108,0.0099241298965484
2024-08-20,24648.9,24734.3,24607.2,24698.85,0.0028887984663254,1,0.0051357912150296,24419.08,24321.695,24488.96,24184.424,643.25,47.06165971256374,65.76778559105514,77.97773863365967,0.009982818519259
2024-08-21,24680.55,24787.95,24654.5,24770.2,0.001667326061154,1,0.0028887984663255,24545.32,24399.46,24503.5175,24214.025,777.6500000000015,46.616175783076194,87.12965103689203,79.80812111430615,0.0099891692254784
2024-08-22,24863.4,24867.35,24784.45,24811.5,0.0004695403341193,1,0.0016673260611541,24678.870000000003,24450.86,24523.4175,24245.071,514.0,46.2452453583399,106.16781170201284,85.08005923184749,0.0099604464108013
2024-08-23,24845.4,24858.4,24771.65,24823.15,0.0075514187361393,1,0.0004695403341192,24735.27,24521.475,24544.27,24276.237,706.1500000000015,52.22116903633493,120.80320468235368,92.22468832194872,0.0099572111523303
2024-08-26,24906.1,25043.8,24874.7,25010.6,0.0002858787873942,1,0.0075514187361394,24822.86,24585.785,24553.057500000003,24309.99,643.0999999999985,75.14348902111529,145.84628232014802,102.9490071215886,0.0093050551318554
2024-08-27,25024.8,25073.1,24973.65,25017.75,0.0013830180571793,1,0.0002858787873942,24886.640000000003,24652.86,24562.140000000003,24342.367,670.75,77.81032986111111,164.37523166804385,115.23425203087965,0.0093047462795508
2024-08-28,25030.8,25129.6,24964.65,25052.35,0.0039756749366826,1,0.0013830180571794,24943.07,24744.195,24571.8925,24374.102000000003,913.3499999999984,73.99624884763325,179.7791067221733,128.14322296913838,0.0093068400811176
2024-08-29,25035.3,25192.9,24998.5,25151.95,0.003337713378088,1,0.0039756749366826,25011.16,24845.015,24581.932500000003,24405.983,1008.2000000000008,84.6844733402594,197.74420419509988,142.06341921433068,0.0093107305356967
2024-08-30,25249.7,25268.35,25199.4,25235.9,0.0016959965763059,1,0.003337713378088,25093.71,24914.49,24593.1825,24440.381,694.75,82.7599215331221,216.2627939052836,156.90329415252128,0.0093235173912821
2024-09-02,25333.6,25333.65,25235.5,25278.7,4.549284575543114e-05,1,0.0016959965763059,25147.33,24985.095,24621.2325,24474.615,706.0499999999993,84.56629813756771,231.72137223770187,171.86690976955742,0.0088702432833799
2024-09-03,25313.4,25321.7,25235.8,25279.85,-0.0032100665154262,0,4.549284575539048e-05,25199.75,25043.195,24682.445,24510.19,581.0,100.0,241.2838325011362,185.7502943158732,0.0059787416388466
2024-09-04,25089.95,25216.0,25083.8,25198.7,-0.0021270938580165,0,-0.0032100665154262,25229.02,25086.045,24742.7525,24543.407000000003,428.5,93.3333333333335,239.55261096962568,196.5107576466237,0.0060066926099027
2024-09-05,25250.5,25275.45,25127.75,25145.1,-0.0116503811875871,0,-0.0021270938580165,25227.65,25119.405,24785.1325,24571.883,333.59999999999854,84.57267158967308,231.19051306351685,203.44670873000237,0.0055765777664406
2024-09-06,25093.7,25168.75,24801.3,24852.15,0.0033900487482974,1,-0.0116503811875871,25150.9,25122.305,24821.89,24591.55,29.0,62.313860252004645,198.63513136427355,202.4843932568566,0.0060049654799631
2024-09-09,24823.4,24957.5,24753.15,24936.4,0.0041986814455974,1,0.0033900487482974,25082.44,25114.885,24850.335,24609.388,-74.19999999999709,60.86737728166904,177.5859276812298,197.5047001417313,0.0056547826487658
2024-09-10,24999.4,25130.5,24896.8,25041.1,-0.0048979477738596,0,0.0041986814455974,25034.69,25117.22,24885.04,24629.998000000003,23.349999999998545,62.02610316967059,167.42275183062156,191.48831047950932,0.0056727185062179
2024-09-11,25034.0,25113.7,24885.15,24918.45,0.018879585206945,1,-0.0048979477738596,24978.64,25103.83,24924.0125,24645.528,-133.89999999999782,54.42802136380581,147.76815249661013,182.7442788829295,0.0053870707129725
2024-09-12,25059.65,25433.35,24941.45,25388.9,-0.0012761482380095,0,0.0188795852069449,25027.4,25127.525,24986.27,24670.829,236.95000000000076,66.97470671187264,168.21405726344528,179.83823455903268,0.0066110089218465
2024-09-13,25430.45,25430.5,25292.45,25356.5,0.0010746751326089,1,-0.0012761482380095,25128.27,25139.585,25027.0375,24692.229,120.59999999999854,61.44303294958326,179.73134382135686,179.81685641149753,0.0057829735563915
2024-09-16,25406.65,25445.7,25336.2,25383.75,0.0013709558280395,1,0.0010746751326089,25217.74,25150.090000000004,25067.5925,24713.861,105.04999999999929,61.94906953966706,188.8804276622104,181.6295706616401,0.005783861299882
2024-09-17,25416.9,25441.65,25352.25,25418.55,-0.0016129952337957,0,0.0013709558280394,25293.23,25163.96,25103.5775,24735.755,138.70000000000073,61.95403799699688,196.67209816245668,184.63807616180344,0.005725096579522
2024-09-18,25402.4,25482.2,25285.55,25377.55,0.0015072376963103,1,-0.0016129952337957,25385.05,25181.845,25133.945,24756.895,178.84999999999854,57.65732129522775,197.26475056962957,187.16341104336863,0.0057540846460941
2024-09-19,25487.05,25611.95,25376.05,25415.8,0.0147605033089653,1,0.0015072376963103,25390.43,25208.915,25164.16,24776.547,270.7000000000007,56.30166736724111,198.5323300844284,189.4371948515806,0.0057535520331209
2024-09-20,25525.95,25849.25,25426.6,25790.95,0.0057423243424534,1,0.0147605033089652,25477.32,25302.795,25212.55,24805.877,938.7999999999992,64.55462423639727,227.1894669682733,196.9876492749192,0.0064951268075807
2024-09-23,25872.55,25956.0,25847.35,25939.05,5.2045082607195824e-05,1,0.0057423243424534,25588.38,25403.06,25258.9725,24838.339000000004,1002.6499999999978,67.28641107672951,258.8668310001376,209.3634856199629,0.0064249983791139
2024-09-24,25921.45,26011.55,25886.85,25940.4,0.0024575565527131,1,5.204508260714391e-05,25692.75,25492.99,25305.105,24867.104,899.3000000000029,70.2994143083913,280.8429215550168,223.6593728069737,0.0064281942539705
2024-09-25,25899.45,26032.8,25871.35,26004.15,0.0081486993422202,1,0.0024575565527131,25818.07,25601.56,25352.695,24895.453,1085.7000000000007,73.38123622111551,299.9456372711793,238.91662569981483,0.0064287349317359
2024-09-26,26005.4,26250.9,25998.4,26216.05,-0.0014151636116042,0,0.0081486993422204,25978.120000000003,25684.275,25405.9,24927.514,827.1499999999978,88.8354214123007,328.39767223659146,256.8128350071702,0.0065663838548701
2024-09-27,26248.25,26277.35,26151.4,26178.95,-0.014060915353748,0,-0.0014151636116043,26055.72,25766.52,25453.0525,24955.076,822.4500000000007,86.3563215027651,343.9871848478215,274.24770497530045,0.0066049093671455
2024-09-30,26061.3,26134.7,25794.1,25810.85,-0.0005404703835788,0,-0.0140609153537479,26030.08,25809.230000000003,25479.66,24980.675,427.09999999999854,69.5145138800862,322.91700601220145,283.9815651826807,0.0075036916369398
2024-10-01,25788.45,25907.6,25739.2,25796.9,-0.0211963452973032,0,-0.0005404703835788,26001.38,25847.065,25505.5125,25006.428,378.3500000000022,73.56926296584479,301.6162447476854,287.50850109568165,0.0075090396945209
2024-10-03,25452.85,25639.45,25230.3,25250.1,-0.0093266957358584,0,-0.0211963452973033,25850.57,25834.32,25508.0825,25021.849,-127.45000000000071,46.42249600494864,237.87101874560176,277.5810046256657,0.0089781271879124
2024-10-04,25181.9,25485.05,24966.8,25014.6,-0.0087488906478615,0,-0.0093266957358584,25610.28,25794.2,25501.5575,25033.871,-401.2000000000007,42.02286514232381,166.43107223404513,255.3510181473416,0.0092150305752268
2024-10-07,25084.1,25143.0,24694.35,24795.75,0.0087676315497616,1,-0.0087488906478615,25333.64,25694.68,25498.7375,25041.664000000004,-995.2000000000008,37.40683628887175,91.10483411548556,222.5017813409704,0.009046909584353
2024-10-08,24832.2,25044.0,24756.8,25013.15,-0.0012473438971101,0,0.0087676315497615,25174.1,25602.09,25502.575,25045.23,-925.8999999999978,41.94740187509937,48.39276910390254,187.67997889355684,0.0092332947671008
2024-10-09,25065.8,25234.05,24947.7,24981.95,0.000660476864296,1,-0.0012473438971101,25011.11,25506.245000000003,25499.6175,25048.147,-958.4500000000008,42.11135040280772,11.888527068003896,152.52168852844625,0.0091891821594947
2024-10-10,25067.05,25134.05,24979.4,24998.45,-0.0013680848212589,0,0.0006604768642959,24960.78,25405.675,25503.6175,25050.97,-1005.7000000000008,41.60481161869132,-15.53090503497151,118.9111698157627,0.0091195276305323
2024-10-11,24985.3,25028.65,24920.05,24964.25,0.0065573770491803,1,-0.0013680848212589,24950.71,25280.495000000003,25482.385,25051.232,-1251.7999999999993,30.726908192287965,-39.564580841750285,87.21601968426012,0.007990707903374
2024-10-14,25023.45,25159.75,25017.5,25127.95,-0.0028096203629823,0,0.0065573770491802,25017.15,25175.395,25470.9575,25053.573000000004,-1051.0,31.2271443780957,-44.8848159514273,60.79585255712264,0.008157042477117
2024-10-15,25186.3,25212.05,25008.15,25057.35,-0.0034341221238478,0,-0.0028096203629823,25025.99,25100.045,25454.6375,25060.366,-753.5,30.19667645937517,-54.17349228007515,37.80198358968308,0.0081657970067017
2024-10-16,25008.55,25093.4,24908.45,24971.3,-0.0088681806714108,0,-0.0034341221238478,25023.86,25017.485,25432.275,25078.68,-825.6000000000022,27.066634100850397,-67.69797097312039,16.701992677122387,0.0081749705914443
2024-10-17,25027.4,25029.5,24728.9,24749.85,0.0042101265260193,1,-0.0088681806714108,24974.14,24967.46,25400.89,25093.826,-500.25,17.582028831697244,-95.18811273008032,-5.676028404318153,0.0083690294688777
2024-10-18,24664.95,24886.2,24567.65,24854.05,-0.0029351353199981,0,0.0042101265260194,24952.1,24951.405,25372.8025,25104.957,-160.54999999999927,21.550354305346843,-107.32895755128992,-26.006614233712508,0.0084369030328293
2024-10-21,24956.15,24978.3,24679.6,24781.1,-0.0124691801413173,0,-0.0029351353199982,24882.73,24949.94,25322.31,25118.239,-14.650000000001455,24.67848624191612,-121.437266655641,-45.09274471809821,0.007571428134749
2024-10-22,24798.65,24882.0,24445.8,24472.1,-0.0014955806816741,0,-0.0124691801413173,24765.68,24895.835,25248.9625,25120.331,-541.0500000000029,21.55127984882327,-155.7564573595555,-67.22548724638966,0.0076895564511822
2024-10-23,24378.15,24604.25,24378.1,24435.5,-0.0014773587608192,0,-0.0014955806816742,24658.52,24841.189999999995,25173.7175,25122.101,-546.4500000000007,27.59872401275996,-183.78936794114637,-90.538263385341,0.0076662674874927
2024-10-24,24412.7,24480.65,24341.2,24399.4,-0.0089592367025419,0,-0.0014773587608192,24588.43,24781.285,25093.48,25127.309,-599.0499999999993,30.998270323696687,-206.53778087041064,-113.73816688235492,0.0075699179917131
2024-10-25,24418.05,24440.25,24073.9,24180.8,0.0065485840005294,1,-0.0089592367025419,24453.78,24702.94,24991.7175,25128.05,-783.4500000000007,31.00305829291655,-239.44508124666757,-138.87954975521745,0.0071823563557201
2024-10-28,24251.1,24492.6,24134.9,24339.15,0.0052466910307055,1,0.0065485840005294,24365.39,24624.06,24899.7275,25124.01,-788.7999999999993,28.39050977877534,-249.86652648451852,-161.07694510107768,0.0075452445705158
2024-10-29,24328.85,24484.5,24140.85,24466.85,-0.0051498251716097,0,0.0052466910307056,24364.340000000004,24565.01,24832.5275,25121.894,-590.5,34.44746376811591,-244.99710008699915,-177.86097609826197,0.0073708179041424
2024-10-30,24371.45,24498.2,24307.3,24340.85,-0.0055667735514577,0,-0.0051498251716097,24345.41,24501.965,24759.725,25114.734,-630.4500000000007,31.376380628717055,-248.4413147318228,-191.97704382497412,0.0073736362534822
2024-10-31,24349.85,24372.45,24172.6,24205.35,0.0040900048956119,1,-0.0055667735514577,24306.6,24447.515,24707.4875,25103.437,-544.5,29.673773301907005,-259.1176502543276,-205.40516511084485,0.0060366914658086
2024-11-01,24302.75,24368.25,24280.2,24304.35,-0.0127137734603064,0,0.0040900048956118,24331.31,24392.545,24671.975,25093.294000000005,-549.7000000000007,27.14888186005213,-256.63195699983044,-215.650523488642,0.0059351802803815
2024-11-04,24315.75,24316.75,23816.15,23995.35,0.0090830098331552,1,-0.0127137734603064,24262.55,24313.97,24631.955,25076.738,-785.75,23.97696642979662,-276.409468472808,-227.8023124854752,0.0062506100504224
2024-11-05,23916.5,24229.05,23842.75,24213.3,0.0111818711204172,1,0.0090830098331551,24211.84,24288.09,24591.9625,25060.792,-258.7999999999993,32.55385748480943,-271.3683795302896,-236.51552589443807,0.0062785322260208
2024-11-06,24308.75,24537.6,24204.05,24484.05,-0.0116279782143885,0,0.0111818711204172,24240.48,24292.945,24567.0675,25050.118,48.54999999999927,44.01809425214928,-242.72800067755088,-237.75802085106065,0.0069001476093732
2024-11-07,24489.6,24503.35,24179.05,24199.35,-0.0021136931363858,0,-0.0116279782143885,24239.28,24272.94,24527.1125,25033.058,-200.0500000000029,36.3729081675131,-240.23393746611328,-238.2532041740712,0.0072825755051952
2024-11-08,24207.7,24276.15,24066.65,24148.2,-0.0002857355827764,0,-0.0021136931363857,24208.05,24269.68,24486.31,25012.983000000004,-32.599999999998545,36.70601579566463,-239.6225325287669,-238.52706984501037,0.007283245753716
2024-11-11,24087.25,24336.8,24004.6,24141.3,-0.0106808663990753,0,-0.0002857355827764,24237.24,24249.895,24436.9775,24991.091,-197.85000000000215,42.04157243901266,-236.96319780544215,-238.21429543709672,0.0070346131335668
2024-11-12,24225.8,24242.0,23839.15,23883.45,-0.0135826273004947,0,-0.0106808663990753,24171.27,24191.555,24378.2825,24963.186,-583.3999999999978,37.99656454523712,-252.7484689161647,-241.12113013291037,0.0072988514439792
2024-11-13,23822.45,23873.6,23509.6,23559.05,-0.0011184661520731,0,-0.0135826273004947,23986.27,24113.375,24307.67,24928.77,-781.7999999999993,33.76354889193729,-288.1135848129852,-250.51962106892532,0.0077174274947875
2024-11-14,23542.15,23675.9,23484.15,23532.7,-0.0033527814487925,0,-0.0011184661520731,23852.94,24046.11,24246.8125,24895.45,-672.6499999999978,36.47311738186678,-314.63994530407945,-263.34368591595614,0.0075944239630645
2024-11-18,23605.3,23606.8,23350.4,23453.8,0.0027586148086877,1,-0.0033527814487925,23714.06,23961.055,24176.8,24861.624,-850.5499999999993,30.88746411070088,-338.1310830642942,-278.30116534562376,0.0074297091787135
2024-11-19,23529.55,23780.65,23464.8,23518.5,-0.0071688245423814,0,0.0027586148086877,23589.5,23913.370000000003,24113.67,24834.951,-476.84999999999854,28.955018529614136,-347.52122138851337,-292.1451765542017,0.0075353729765638
2024-11-21,23488.45,23507.3,23263.15,23349.9,0.0238694812397482,1,-0.0071688245423814,23482.79,23827.03,24057.56,24803.221,-863.3999999999978,28.417728411194677,-364.3673842192984,-306.5896180872211,0.00725750760801
2024-11-22,23411.8,23956.1,23359.0,23907.25,0.0131612795281766,1,0.0238694812397481,23552.43,23769.35,24031.1475,24780.544,-576.7999999999993,44.51538121872243,-328.9526413178464,-311.0622227333462,0.0093295178576256
2024-11-25,24253.55,24351.55,24135.45,24221.9,-0.0011312077087264,0,0.0131612795281765,23690.27,23771.605,24022.2725,24766.613,22.55000000000291,48.594562345521226,-272.3570149270454,-303.321181172086,0.0098538005582252
2024-11-26,24343.3,24343.3,24125.4,24194.5,0.0033230692926078,1,-0.0011312077087264,23838.41,23776.235,24022.9575,24742.725,46.29999999999927,53.7552090207984,-227.0976835390757,-288.076481645484,0.0096458151022901
2024-11-27,24204.8,24354.55,24145.65,24274.9,-0.0148610292936325,0,0.0033230692926078,23989.69,23789.595,24019.745,24721.093000000004,133.60000000000218,51.22509048963848,-182.63641041699884,-266.98846739978694,0.0095584038454125
2024-11-28,24274.15,24345.75,23873.35,23914.15,0.0090720347576642,1,-0.0148610292936325,24102.54,23792.665,23992.11,24691.701,30.700000000000728,39.05763987558087,-174.4985307866882,-248.4904800771672,0.0100142760759956
2024-11-29,23927.15,24188.45,23927.15,24131.1,0.006006771344862,1,0.0090720347576642,24147.31,23849.87,23981.6225,24665.952,572.0499999999993,48.65456265893903,-148.82755921551507,-228.5578959048368,0.0102140850931423
2024-12-02,24140.85,24301.7,24008.65,24276.05,0.0074600274756396,1,0.0060067713448621,24158.14,23924.205,23985.1575,24643.922,743.3499999999985,52.43046974507155,-115.4559711273796,-205.93751094934535,0.0102327867181146
2024-12-03,24367.5,24481.35,24280.0,24457.15,0.0004211447368151,1,0.0074600274756395,24210.67,24024.54,23992.7975,24624.749,1003.3500000000022,55.63142974307775,-73.54767879477004,-179.4595445184303,0.0103276001697233
2024-12-04,24488.75,24573.2,24366.3,24467.45,0.0098477773531774,1,0.0004211447368152,24249.18,24119.435,24016.4025,24598.279,948.9500000000008,61.42052565707133,-39.05374401800145,-151.37838441834455,0.0098592117363778
2024-12-05,24539.15,24857.75,24295.55,24708.4,-0.0012384452251057,0,0.0098477773531773,24408.03,24255.285,24041.1575,24573.666,1358.5,73.23468170699661,7.637558089361846,-119.57519591680328,0.0098935499170467
2024-12-06,24729.45,24751.05,24620.5,24677.8,-0.0023827083451522,0,-0.0012384452251057,24517.370000000003,24332.34,24050.845,24548.414,770.5499999999993,73.10905715208258,41.690999249378365,-87.32195688356695,0.0096104531291775
2024-12-09,24633.9,24705.0,24580.05,24619.0,-0.0003635403550103,0,-0.0023827083451523,24585.96,24372.05,24071.827500000003,24520.711,397.09999999999854,73.70701932858594,63.20533634911772,-57.21649823703002,0.0092136955750902
2024-12-10,24652.65,24677.8,24510.65,24610.05,0.0012901233439184,1,-0.0003635403550104,24616.54,24413.605000000003,24094.92,24488.591,415.5499999999993,72.72405537628808,78.6270496170182,-30.047788666220377,0.0091918496657438
2024-12-11,24620.5,24691.75,24583.85,24641.8,-0.0037781330909267,0,0.0012901233439184,24651.41,24450.295,24119.945,24457.848,366.8999999999978,78.52002295907093,92.3463172814154,-5.568967476693224,0.0091871121555556
2024-12-12,24604.45,24675.25,24527.95,24548.7,0.0089454838749098,1,-0.0037781330909267,24619.47,24513.75,24153.2075,24432.605,634.5499999999993,67.81162358037372,94.61587095259164,14.468000209163751,0.0088458885807344
2024-12-13,24498.35,24792.3,24180.8,24768.3,-0.0040394375068131,0,0.0089454838749098,24637.57,24577.47,24213.67,24412.033000000003,637.2000000000007,66.01782363977478,112.83371646758678,34.14114346084836,0.008250360925437
2024-12-16,24753.4,24781.25,24601.75,24668.25,-0.0134687300477334,0,-0.0040394375068131,24647.42,24616.69,24270.4475,24400.396,392.2000000000007,63.320680444257,117.83990635576993,50.88089603983268,0.0083438195990313
2024-12-17,24584.8,24624.1,24303.45,24336.0,-0.0056356837606838,0,-0.0134687300477334,24592.61,24604.575,24314.557500000003,24386.824,-121.15000000000146,51.50485197773505,93.91495648063938,59.48770812799402,0.0089918398803296
2024-12-18,24297.95,24394.45,24149.85,24198.85,-0.0102132952598986,0,-0.0056356837606837,24504.02,24577.715,24348.575,24374.885999999995,-268.6000000000022,57.87987821754766,63.15934097755235,60.22203469790569,0.0091436049295418
2024-12-19,23877.15,24004.9,23870.3,23951.7,-0.015205601272561,0,-0.0102132952598986,24384.62,24502.045,24378.665,24353.657000000003,-756.7000000000007,45.11624108455388,18.627626939774927,51.90315314627954,0.0093186002218423
2024-12-20,23960.7,24065.8,23537.35,23587.5,0.0070355060943296,1,-0.015205601272561,24148.46,24393.015,24362.6775,24325.768000000004,-1090.2999999999993,33.25469977382721,-45.52716470737141,32.417089575549355,0.0083908275389047
2024-12-23,23738.2,23869.55,23647.2,23753.45,-0.001086158010731,0,0.0070355060943296,23965.5,24306.46,24339.255,24300.868,-865.5499999999993,32.759212073696574,-82.03388563083354,9.526894534272778,0.0079613594302166
2024-12-24,23769.1,23867.65,23685.15,23727.65,0.0009503680305466,1,-0.001086158010731,23843.83,24218.22,24315.9125,24276.136,-882.3999999999978,32.011379662500616,-111.75927797108308,-14.730339966798391,0.0079613105833094
2024-12-26,23775.8,23854.5,23653.6,23750.2,0.0026610302229034,1,0.0009503680305467,23754.1,24129.06,24289.6775,24248.580999999995,-891.5999999999985,23.932205234234672,-131.97593261975635,-38.17945849738999,0.00791191073939
2024-12-27,23801.4,23938.85,23800.6,23813.4,-0.0070758480519371,0,0.0026610302229033,23726.44,24055.53,24284.64,24223.702,-735.2999999999993,26.893878642074327,-141.2695972861584,-58.79748625514367,0.0072455833818464
2024-12-30,23796.9,23915.35,23599.3,23644.9,-4.22924182391056e-06,0,-0.0070758480519371,23737.92,23943.19,24260.33,24197.174,-1123.3999999999978,25.403999596000418,-160.38264399303807,-79.11451780272256,0.0070568735371509
2024-12-31,23560.6,23689.85,23460.45,23644.8,0.0041489037758831,1,-4.229241823860974e-06,23716.19,23840.845,24228.7675,24175.073,-1023.4500000000008,25.51804600908005,-173.53750800563284,-97.99911584330462,0.0068685341316806
2025-01-01,23637.65,23822.8,23562.8,23742.9,0.0187740335005412,1,0.004148903775883,23719.24,23781.535,24193.055,24152.85,-593.0999999999985,27.943269372331613,-174.04074894990845,-113.2074424646254,0.0066838468797798
2025-01-02,23783.0,24226.7,23751.55,24188.65,-0.0076027393012839,0,0.0187740335005413,23806.93,23780.515,24179.115,24141.001,-10.19999999999709,42.46867613529401,-136.89325112619554,-117.94460419693942,0.0080714659955303
2025-01-03,24196.4,24196.45,23976.0,24004.75,-0.0161926285422677,0,-0.0076027393012839,23845.2,23785.82,24143.932500000003,24131.654,53.04999999999927,33.78633767226556,-120.89913458480804,-118.53551027451316,0.0078287786017914
2025-01-06,24045.8,24089.95,23551.9,23616.05,0.003889304096155,1,-0.0161926285422676,23839.43,23788.675000000003,24090.845,24115.265,28.549999999999272,30.096848636174517,-137.99777108845228,-122.427962437301,0.008496710714818
2025-01-07,23679.9,23795.2,23637.8,23707.9,-0.0007993116218644,0,0.0038893040961549,23852.05,23784.120000000003,24045.29,24101.435,-45.54999999999927,36.93037579591336,-142.49444902050163,-126.44125975394113,0.0086032199854281
2025-01-08,23746.65,23751.85,23496.15,23688.95,-0.0068576277124988,0,-0.0007993116218644,23841.26,23780.25,23999.235,24091.598,-38.70000000000073,38.84098568739888,-145.90529983312445,-130.3340677697778,0.0085998122045072
2025-01-09,23674.75,23689.5,23503.05,23526.5,-0.0040379997024631,0,-0.0068576277124988,23708.83,23757.88,23943.47,24075.345,-223.70000000000076,40.336363636363664,-159.87385474520124,-136.24202516486247,0.0086351291372288
2025-01-10,23551.9,23596.6,23344.35,23431.5,-0.0147472419606085,0,-0.0040379997024632,23594.18,23719.69,23887.61,24054.638,-381.9000000000015,45.960223741454335,-176.57430255671352,-144.30848064323268,0.0086377007404084
2025-01-13,23195.4,23340.95,23047.25,23085.95,0.0039028066854514,1,-0.0147472419606085,23488.16,23663.795,23803.4925,24029.54,-558.9500000000007,34.18546247156944,-215.2116983912965,-158.48912419284545,0.0086402740863263
2025-01-14,23165.9,23264.95,23134.15,23176.05,0.0016029478707545,1,0.0039028066854513,23381.79,23616.92,23728.8825,24008.954,-468.75,37.3177909596726,-235.84314300937692,-173.95992795615174,0.0087941300262599
2025-01-15,23250.45,23293.65,23146.45,23213.2,0.0042475832715867,1,0.0016029478707546,23286.64,23563.95,23672.7425,23987.131,-529.7000000000007,37.73580596537712,-246.3561763368234,-188.4391776322861,0.0084976520401525
2025-01-16,23377.25,23391.65,23272.05,23311.8,-0.0046585849226571,0,0.0042475832715866,23243.7,23476.265000000003,23628.390000000003,23973.46,-876.8500000000022,38.72656987458983,-243.91987850121225,-199.53531780607133,0.0085819257123347
2025-01-17,23277.1,23292.1,23100.35,23203.2,0.0061004516618397,1,-0.0046585849226571,23198.04,23396.11,23590.965000000004,23953.258,-801.5499999999993,39.798133776792326,-247.89463229381363,-209.20718070361983,0.008383956190946
2025-01-20,23290.4,23391.1,23170.65,23344.75,-0.0137118624101778,0,0.0061004516618397,23249.8,23368.98,23578.827500000003,23930.472,-271.2999999999993,43.49485094850952,-236.89200768922456,-214.7441461007408,0.0078973629749665
2025-01-21,23421.65,23426.3,22976.85,23024.65,0.005676524941747,1,-0.0137118624101778,23219.52,23300.655,23542.3875,23906.978000000003,-683.25,35.79551072876495,-251.10713647264487,-222.01674417512163,0.0082134842509508
2025-01-22,23099.15,23169.55,22981.3,23155.35,0.0021593281898135,1,0.0056765249417471,23207.95,23247.295,23513.7725,23887.121,-533.6000000000022,26.65597325140058,-248.95651501837347,-227.40469834377205,0.0083702030094548
2025-01-23,23128.3,23270.8,23090.65,23205.35,-0.0048760307429104,0,0.0021593281898135,23186.66,23215.18,23486.53,23868.402,-321.15000000000146,30.77718462944252,-240.445839918666,-230.01292665875084,0.0083907889662696
2025-01-24,23183.9,23347.3,23050.0,23092.2,-0.0113912922978321,0,-0.0048760307429104,23164.46,23181.25,23450.47,23852.577,-339.2999999999993,35.47886347886346,-240.064019371388,-232.02314520127828,0.0083809882904156
2025-01-27,22940.15,23007.45,22786.9,22829.15,0.0056112470240897,1,-0.011391292297832,23061.34,23155.57,23409.6825,23837.979000000003,-256.7999999999993,27.752601331679173,-258.0131455024748,-237.2211452615176,0.0085850785725517
2025-01-28,22960.45,23137.95,22857.65,22957.25,0.008966666303673,1,0.0056112470240896,23047.86,23133.69,23375.305,23826.47,-218.79999999999927,32.44565999712094,-258.9167269954669,-241.56026160830743,0.0087346316173392
2025-01-29,23026.75,23183.35,22976.5,23163.1,0.0037300706727511,1,0.0089666663036731,23049.41,23128.68,23346.315,23820.656000000003,-50.10000000000218,41.459459459459374,-240.252960621081,-241.29880141086215,0.0089603398074783
2025-01-30,23169.5,23322.05,23139.2,23249.5,0.0111357233488892,1,0.0037300706727512,23058.24,23122.45,23299.3575,23815.276,-62.29999999999927,45.705318797489234,-216.0001184688299,-236.23906482245573,0.0077445303188787
2025-01-31,23296.75,23546.8,23277.4,23508.4,-0.0011166221435742,0,0.0111357233488893,23141.48,23152.97,23274.54,23818.446,305.2000000000007,60.39365235576339,-173.88407269747404,-223.7680663974594,0.0081475914555333
2025-02-01,23528.6,23632.45,23318.3,23482.15,-0.0051571086974575,0,-0.0011166221435742,23272.08,23166.71,23267.845,23809.944,137.40000000000146,57.775350538508526,-140.99960295983328,-207.2143737099342,0.0073251255157913
2025-02-03,23319.35,23381.6,23222.0,23361.05,0.0161893408044587,1,-0.0051571086974575,23352.84,23200.35,23250.5025,23792.727000000003,336.3999999999978,53.6019684751626,-123.28898304618632,-190.42929557718463,0.007334806982911
2025-02-04,23509.9,23762.75,23423.15,23739.25,-0.0018092399717767,0,0.0161893408044586,23468.07,23258.74,23253.0175,23783.622000000003,583.9000000000015,59.1650764381741,-77.83833800790308,-167.9111040633283,0.0082505886402099
2025-02-05,23801.75,23807.3,23680.45,23696.3,-0.0039225533100104,0,-0.0018092399717767,23557.43,23307.835,23261.5075,23772.05,490.9500000000007,60.87896571504213,-44.76802251628396,-143.28248775391944,0.0081011580407212
2025-02-06,23761.95,23773.55,23556.25,23603.35,-0.0018387220458112,0,-0.0039225533100104,23576.42,23358.95,23270.1,23765.834,511.1499999999978,55.83036479235241,-25.76286909673217,-119.778564022482,0.0080978767386737
2025-02-07,23649.5,23694.5,23443.2,23559.95,-0.0075700500213286,0,-0.0018387220458111,23591.980000000003,23432.03,23293.8,23754.411,730.7999999999993,63.789283874291606,-14.041305943563202,-98.63111240669824,0.0073027232397799
2025-02-10,23543.8,23568.6,23316.3,23381.6,-0.0132497348342285,0,-0.0075700500213287,23596.09,23474.465,23304.0775,23736.522,424.34999999999854,55.68853242149196,-18.92508061337503,-82.68990604803359,0.0075137355268619
2025-02-11,23383.55,23390.05,22986.65,23071.8,-0.0011507554677138,0,-0.0132497348342286,23462.6,23465.335,23297.0075,23708.815,-91.29999999999929,47.03017634370346,-47.24911967817389,-75.60174877406166,0.0081063258405963
2025-02-12,23050.8,23144.7,22798.35,23045.25,-0.0006009915275381,0,-0.0011507554677138,23332.39,23444.91,23283.68,23680.371,-204.25,48.91412447672131,-71.01981558730768,-74.68536213671086,0.008037419425698
2025-02-13,23055.75,23235.5,22992.2,23031.4,-0.0044352492683901,0,-0.0006009915275381,23218.0,23397.21,23275.09,23646.831,-477.0,55.28716701958017,-89.93908086555166,-77.73610588247902,0.007979096523276
2025-02-14,23096.45,23133.7,22774.85,22929.25,0.0013192755977626,1,-0.0044352492683902,23091.86,23341.92,23254.315,23611.86,-552.9000000000015,49.25796364021837,-111.88563821044228,-84.56601234807167,0.0078785794271334
2025-02-17,22809.9,22974.2,22725.45,22959.5,-0.0006184803676038,0,0.0013192755977626,23007.44,23301.765000000003,23251.057500000003,23578.67,-401.5499999999993,44.05061071825148,-125.39207899962275,-92.73122567838188,0.0072833366077905
2025-02-18,22963.65,22992.5,22801.5,22945.3,-0.0005404156842576,0,-0.0006184803676038,22982.14,23222.370000000003,23240.555,23545.375,-793.9500000000007,40.719384953322354,-135.67784225041032,-101.32054899278758,0.0071546975118772
2025-02-19,22847.25,23049.95,22814.85,22932.9,-0.0008612081332932,0,-0.0005404156842576,22959.67,23146.03,23226.932500000003,23511.197,-763.3999999999978,29.33424303361106,-143.17947622466454,-109.69233443916298,0.0071286692340576
2025-02-20,22821.1,22923.85,22812.75,22913.15,-0.0051171488861199,0,-0.0008612081332932,22936.02,23077.01,23217.98,23478.486,-690.1999999999971,29.47182336387908,-149.0006484127589,-117.55399723388216,0.0070570882435931
2025-02-21,22857.2,22921.0,22720.3,22795.9,-0.0106400712408811,0,-0.00511714888612,22909.35,23000.605000000003,23216.3175,23439.038,-764.0499999999993,29.55392351940964,-161.21665911952732,-126.2865296110112,0.0066700007314657
2025-02-24,22609.35,22668.05,22518.8,22553.35,-0.0002571680038663,0,-0.0106400712408811,22828.12,22917.78,23196.1225,23396.74,-828.25,2.426989730423628,-188.2990987431258,-138.68904343743412,0.0069286798124357
2025-02-25,22516.45,22625.3,22513.9,22547.55,-0.0001108767914917,0,-0.0002571680038663,22748.57,22865.355000000003,23165.345,23360.971,-524.25,2.501550547860248,-207.8343537332039,-152.51810549658808,0.0065356957259858
2025-02-27,22568.95,22613.3,22508.4,22545.05,-0.0186448910071167,0,-0.0001108767914917,22671.0,22815.335,23130.1225,23327.895,-500.2000000000007,2.7037897747586754,-220.97070047775924,-166.2086244928223,0.0064349763776642
2025-02-28,22433.4,22450.35,22104.85,22124.7,-0.0002440711060489,0,-0.0186448910071167,22513.31,22724.665,23060.9375,23291.355,-906.7000000000008,2.022396790907564,-262.27671914681923,-185.4222434236217,0.0067887778368758
2025-03-03,22194.55,22261.55,22004.7,22119.3,-0.0016569240437083,0,-0.0002440711060489,22377.99,22643.67,22992.795,23261.990999999995,-809.9500000000007,2.2868158451769034,-292.0808452362944,-206.75396378615625,0.006804348944939
2025-03-04,21974.45,22105.05,21964.6,22082.65,0.0115316775839855,1,-0.0016569240437083,22283.85,22555.985,22928.875,23228.575,-876.8499999999985,2.881913018625255,-315.0267463578348,-228.408520300492,0.0067899435138777
2025-03-05,22073.05,22394.9,22067.8,22337.3,0.0092849180518684,1,0.0115316775839855,22241.8,22495.185,22858.7775,23200.768000000004,-608.0,22.29700645666199,-309.1002957110868,-244.54687538261092,0.0061549824336369
2025-03-06,22476.35,22556.45,22245.85,22544.7,0.000345979321082,1,0.0092849180518683,22241.73,22456.365,22801.1975,23176.658000000003,-388.2000000000007,33.46020526065381,-284.3898253102343,-252.51546536813564,0.006741868169176
2025-03-07,22508.65,22633.8,22464.75,22552.5,-0.004088238554484,0,0.000345979321082,22327.29,22420.3,22748.655,23151.44,-360.6500000000015,36.319401575946806,-261.1666382405056,-254.24569994260963,0.0067608745619566
2025-03-10,22521.85,22676.75,22429.05,22460.3,0.0016740649056335,1,-0.004088238554484,22395.49,22386.74,22693.6725,23127.748000000003,-335.6000000000022,32.65341580373892,-247.3505613255802,-252.8666722192037,0.0067723263343206
2025-03-11,22345.95,22522.1,22314.7,22497.9,-0.0012178914476462,0,0.0016740649056334,22478.54,22381.195,22649.4875,23104.81,-55.44999999999709,34.70218149490536,-230.707759624991,-248.4348897003612,0.0067136019906612
2025-03-12,22536.35,22577.4,22329.55,22470.5,-0.003262054693932,0,-0.0012178914476462,22505.18,22373.49,22619.4225,23079.362,-77.04999999999927,34.34982738780205,-217.22513425131183,-242.19293861055127,0.0061595440449442
2025-03-13,22541.5,22558.05,22377.35,22397.2,0.0049805332809458,1,-0.003262054693932,22475.68,22358.705,22587.02,23043.533,-147.84999999999854,33.1482509716824,-210.03361711522305,-235.7610743114857,0.0061748989739098
2025-03-17,22353.15,22577.0,22353.15,22508.75,0.0144632642861109,1,0.0049805332809458,22466.93,22397.11,22560.8875,23013.613,384.0499999999993,40.58617185194895,-193.1071165998801,-227.2302827691646,0.0063372387280074
2025-03-18,22662.25,22857.8,22599.2,22834.3,0.0032100830767748,1,0.0144632642861108,22541.73,22468.61,22556.14,22997.978,715.0,58.73519261262945,-151.67516187589715,-212.11925859051115,0.0071720947082939
2025-03-19,22874.95,22940.7,22807.95,22907.6,0.0123561612739878,1,0.0032100830767747,22623.67,22551.105000000003,22553.545,22981.972,824.9499999999971,60.743592038910265,-111.6384433670646,-192.02309554582183,0.0072053243438682
2025-03-20,23036.6,23216.7,22973.95,23190.65,0.0068885520673202,1,0.0123561612739877,22767.7,22636.44,22565.8125,22972.006,853.3500000000022,66.5013802269707,-56.41892381322759,-164.902261199303,0.0077207428258817
2025-03-21,23168.25,23402.7,23132.8,23350.4,0.0131882109085924,1,0.0068885520673203,22958.34,22717.01,22586.6875,22968.484,805.7000000000007,86.1435480066053,0.2307729746862605,-131.87565436450515,0.0078427420466244
2025-03-24,23515.4,23708.75,23433.5,23658.35,0.0004353642582852,1,0.0131882109085923,23188.26,22827.595,22623.9475,22973.021,1105.8499999999983,88.51187348297178,69.17762062362453,-91.6649993668792,0.0082901359120686
2025-03-25,23751.5,23869.6,23601.4,23668.65,-0.0076810464475161,0,0.0004353642582852,23355.13,22948.43,22667.585,22984.675,1208.3500000000022,90.21706055380864,123.22910957223576,-48.68617757905622,0.0081438243638049
2025-03-26,23700.95,23736.5,23451.7,23486.85,0.004474844434226,1,-0.0076810464475161,23470.98,23047.325,22714.26,22990.891,988.9499999999972,80.26804286579411,149.67025778471725,-9.014890506301526,0.0079278021310238
2025-03-27,23433.95,23646.45,23412.2,23591.95,-0.0030773208658038,0,0.0044748444342259,23551.24,23159.47,22766.480000000003,22998.466,1121.4500000000007,79.14451896585297,177.06465871717592,28.20101933839397,0.0079256265062861
2025-03-28,23600.4,23649.2,23450.2,23519.35,-0.0150365550068347,0,-0.0030773208658039,23585.03,23271.685,22815.195,23002.617,1122.1499999999978,75.97034569824578,190.71822459055693,60.70446038882656,0.0080004518248932
2025-04-01,23341.1,23565.15,23136.4,23165.7,0.0071938253538635,1,-0.0150365550068346,23486.5,23337.38,22867.245000000003,23001.867,656.9500000000007,66.61406566489234,171.03063973818644,82.76969625869854,0.0075339600618102
2025-04-02,23192.6,23350.0,23158.45,23332.35,-0.0035251485598321,0,0.0071938253538634,23419.24,23387.185,22927.8975,23001.619,498.0499999999993,68.52727636048748,166.95084374572252,99.60592575610336,0.0075837014199535
2025-04-03,23150.3,23306.5,23145.8,23250.1,-0.0148666027242892,0,-0.0035251485598322,23371.890000000003,23421.435,22986.27,23006.128,342.5,66.89786717530774,155.29059510495065,110.7428596258728,0.0076514002263289
2025-04-04,23190.4,23214.7,22857.45,22904.45,-0.0324325622313568,0,-0.0148666027242893,23234.39,23392.815,23014.6275,23001.11,-286.2000000000007,59.83366613031425,116.81215990087004,111.95671968087224,0.008281768164005
2025-04-07,21758.4,22254.0,21743.65,22161.6,0.0168873186051548,1,-0.0324325622313569,22962.84,23273.935,22995.4725,22980.235,-1188.800000000003,44.59343705711036,26.075355568322266,94.78044685836224,0.0109765172886986
2025-04-08,22446.75,22697.2,22270.85,22535.85,-0.006065890569914,0,0.0168873186051548,22836.870000000003,23161.685,22994.64,22969.108000000004,-1122.5,45.42135219305647,-15.457187490719662,72.73291998854587,0.0116686784288052
2025-04-09,22460.3,22468.7,22353.25,22399.15,0.0191703703042301,1,-0.006065890569914,22650.23,23034.735,22991.5825,22960.508,-1269.5,42.34849738905364,-58.72562222369743,46.441211546097215,0.0117136909234247
2025-04-11,22695.4,22923.9,22695.4,22828.55,0.0219023985316632,1,0.0191703703042303,22565.92,22968.905,23008.115,22957.934,-658.2999999999993,44.78076623713566,-57.70202411165883,25.612564414546007,0.0124791765095646
2025-04-15,23368.35,23368.35,23207.0,23328.55,0.0046573833350123,1,0.0219023985316633,22650.74,22942.565,23051.0175,22961.243,-263.40000000000146,49.71319060682826,-16.356446968471573,17.218762137942495,0.0133242676843493
2025-04-16,23344.1,23452.2,23273.05,23437.2,0.0176834263478572,1,0.0046573833350123,22905.86,22934.35,23103.0175,22964.997000000003,-82.14999999999782,46.93685333185593,24.890446200333827,18.753098950420764,0.0132785011396577
2025-04-17,23401.85,23872.35,23298.55,23851.65,0.011483482274811,1,0.0176834263478573,23169.02,23002.945,23170.1625,22971.862,685.9500000000007,52.2795216741405,89.98427479469319,32.99933411927525,0.0137075140035046
2025-04-21,23949.15,24189.55,23903.65,24125.55,0.0017284580040662,1,0.0114834822748111,23514.3,23082.265,23234.725,22984.73,793.2000000000007,57.77745305764597,161.80782398064548,58.761032091549296,0.0135919676858549
2025-04-22,24185.4,24242.6,24072.0,24167.25,0.0066908729789281,1,0.0017284580040661,23782.04,23173.98,23297.7075,23000.854,917.1500000000016,57.1152942340515,219.56236737156723,90.9212991475529,0.0135938952793732
2025-04-23,24357.6,24359.3,24119.95,24328.95,-0.0033807459836943,0,0.0066908729789281,23982.120000000003,23316.43,23354.6225,23012.648,1424.5,59.79718282588707,275.2086635625019,127.77877203054273,0.013441764755249
2025-04-24,24277.9,24347.85,24216.15,24246.7,-0.0085516791975816,0,-0.0033807459836943,24144.02,23524.94,23399.4375,23023.655999999995,2085.100000000002,64.00113977826135,309.1086544407299,164.04474851258016,0.0134608240545336
2025-04-25,24289.0,24365.45,23847.85,24039.35,0.0120281954378966,1,-0.0085516791975815,24181.56,23675.29,23418.4875,23032.376,1503.5,59.06154674322627,315.60512986451795,194.3568247829677,0.0133849358301511
2025-04-28,24070.25,24355.1,24054.05,24328.5,0.0003062252091169,1,0.0120281954378966,24222.15,23868.225,23451.48,23047.747000000003,1929.3499999999983,63.12560856864656,340.1644182465243,223.51834347567905,0.01361352646059
2025-04-29,24370.7,24457.65,24290.75,24335.95,-7.191007542339626e-05,0,0.0003062252091168,24255.890000000003,24018.965000000004,23493.935,23066.834,1507.4000000000017,68.98641837763275,356.12381036066654,250.03943685267652,0.0134472659680934
2025-04-30,24342.05,24396.15,24198.75,24334.2,0.000513680334673,1,-7.191007542339811e-05,24256.94,24119.53,23531.0475,23092.082,1005.6500000000016,85.86687357612179,364.4296154602307,272.9174725741874,0.0134392266701287
2025-05-02,24311.9,24589.15,24238.5,24346.7,0.0047008424139616,1,0.000513680334673,24276.94,24210.480000000003,23572.415,23118.111,909.5,83.94983033052742,367.78111956432986,291.8902019722159,0.013396860645734
2025-05-05,24419.5,24526.4,24400.65,24461.15,-0.0033338579747887,0,0.0047008424139616,24361.3,24271.43,23637.1875,23146.706,609.5,88.98362763262367,375.3456185682335,308.5812852914194,0.0128039629199534
2025-05-06,24500.75,24509.65,24331.8,24379.6,0.0014274229273656,1,-0.0033338579747886,24371.52,24296.835,23689.55,23175.713000000003,254.04999999999927,83.7647212486665,370.4893642998613,320.9629010931078,0.0128303083808813
2025-05-07,24233.3,24449.6,24220.0,24414.4,-0.0057588963890164,0,0.0014274229273656,24387.21,24321.55,23747.765,23204.811,247.15000000000143,79.64130701826208,365.2385740405916,329.81803568260455,0.0127600480571554
2025-05-08,24431.5,24447.25,24150.2,24273.8,-0.0109500778617274,0,-0.0057588963890163,24375.13,24316.035,23816.2325,23231.381,-55.150000000001455,72.44580382056216,345.74648966036693,333.00372647815703,0.0122594461640856
2025-05-09,23935.75,24164.25,23935.75,24008.0,0.0381831056314562,1,-0.0109500778617274,24307.39,24292.165,23908.5525,23252.883,-238.70000000000076,54.55844193708264,305.33136383927194,327.46925395038005,0.0096587627453932
2025-05-12,24420.1,24944.8,24378.85,24924.7,-0.0138958543131914,0,0.0381831056314561,24400.1,24380.7,24027.995000000003,23293.114,885.3500000000022,66.94730145265606,343.31459729750713,330.6383226198055,0.0120306541800372
2025-05-13,24864.05,24973.8,24547.5,24578.35,0.0036027642213575,1,-0.0138958543131914,24439.85,24405.685,24136.955,23328.763000000003,249.84999999999852,57.720477764423,341.5320639978636,332.81707089541715,0.0125307625419711
2025-05-14,24613.8,24767.55,24535.55,24666.9,0.0160214700671749,1,0.0036027642213576,24490.35,24438.78,24228.8725,23371.034,330.9500000000007,56.52602104856615,343.30720669474977,334.9150980552837,0.0120610388109218
2025-05-15,24694.45,25116.25,24494.45,25062.1,-0.0016878074862042,0,0.016021470067175,24648.01,24511.57,24315.55,23421.325,727.8999999999978,64.0479636138101,372.3115810960735,342.3943946634417,0.0116654833924008
2025-05-16,25064.65,25070.0,24953.05,25019.8,-0.0029716464560067,0,-0.0016878074862042,24850.370000000003,24578.88,24394.68,23470.82,673.0999999999985,67.91005242679422,387.4185800589803,351.39923174254943,0.0117229068217653
2025-05-19,25005.35,25062.95,24916.65,24945.45,-0.0104848780038042,0,-0.0029716464560067,24854.52,24627.31,24449.37,23527.235,484.2999999999993,62.22966677899575,388.9084672229801,358.9010788386356,0.0112945025926043
2025-05-20,24996.2,25010.35,24669.7,24683.9,0.0052483602672186,1,-0.0104848780038042,24875.63,24657.74,24477.2875,23578.527,304.3000000000029,56.266095193502494,364.7793649472151,360.07673606035155,0.0114223256320641
2025-05-21,24744.25,24946.2,24685.35,24813.45,-0.0082112725155107,0,0.0052483602672186,24904.94,24697.645,24509.5975,23633.143,399.0499999999993,58.250839287251424,352.05224077164894,358.47183700261104,0.0114578648741042
2025-05-22,24733.95,24737.5,24462.4,24609.7,0.0098924407855439,1,-0.0082112725155107,24814.46,24731.235,24523.635,23678.591,335.90000000000146,54.24810208366983,321.8152945854199,351.14052851917285,0.0115783535599887
2025-05-23,24639.5,24909.05,24614.05,24853.15,0.0059549795498759,1,0.0098924407855438,24781.13,24815.75,24553.9575,23724.76,845.1500000000015,56.07846177701968,313.8784815382496,343.6881191229882,0.011715549464642
2025-05-26,24919.35,25079.2,24900.5,25001.15,-0.0069976781068071,0,0.0059549795498758,24792.27,24823.395,24602.0475,23773.733,76.45000000000073,59.44332183715951,315.8894857715168,338.128392452694,0.0115209405832038
2025-05-27,24956.65,25062.9,24704.1,24826.2,-0.0029706519725129,0,-0.006997678106807,24820.730000000003,24848.18,24626.932500000003,23821.051,247.85000000000215,56.000990935851455,299.9090533528906,330.48452463273327,0.0114367373243417
2025-05-28,24832.5,24864.25,24737.05,24752.45,0.0032784633440325,1,-0.0029706519725128,24808.53,24856.735,24647.7575,23866.142000000003,85.54999999999927,57.1137697852419,278.08781367045594,320.00518244027785,0.0114717399130831
2025-05-29,24825.1,24892.6,24677.3,24833.6,-0.0033382191869079,0,0.0032784633440325,24853.31,24833.885,24672.7275,23913.404,-228.5,62.98276512768901,264.2958131936721,308.8633085909567,0.0114810970673202
2025-05-30,24812.6,24863.95,24717.4,24750.7,-0.0013777388114276,0,-0.003338219186908,24832.82,24806.975,24692.9275,23960.474,-269.09999999999854,46.29124392531332,243.86509130225025,295.8636651332154,0.011523292740706
2025-06-02,24669.7,24754.4,24526.15,24716.6,-0.0070438490730925,0,-0.0013777388114276,24775.91,24784.09,24705.7,24004.631,-228.85000000000215,53.39922795111997,222.35879818159083,281.1626917428905,0.0114974976418104
2025-06-03,24786.3,24845.1,24502.15,24542.5,0.0031659366405215,1,-0.0070438490730925,24719.17,24769.95,24713.845,24038.795,-141.40000000000146,47.0647916568354,189.08681584282385,262.7475165628772,0.0115935201180974
2025-06-04,24560.45,24644.25,24530.45,24620.2,0.0053086489955402,1,0.0031659366405216,24692.72,24750.625,24724.135,24073.047,-193.25,37.73590142095917,167.06247850227737,243.61050895075724,0.0116081685943452
2025-06-05,24691.2,24899.85,24613.1,24750.9,0.0101875083330302,1,0.0053086489955402,24676.18,24764.745000000003,24747.99,24104.252,141.20000000000073,42.88624338624344,158.32930846621093,226.554268853848,0.0115586473338114
2025-06-06,24748.7,25029.5,24671.45,25003.05,0.004005511327618,1,0.0101875083330302,24726.65,24779.735,24797.7425,24137.305,149.89999999999782,51.392784601992425,169.79728854090354,215.2028727912591,0.0113697999564439
2025-06-09,25160.1,25160.1,25077.15,25103.2,4.1827336753851e-05,1,0.004005511327618,24803.97,24789.94,24806.6675,24166.202,102.04999999999929,60.99716743600504,184.83633516875489,209.12956526675825,0.0076052101199305
2025-06-10,25196.05,25199.3,25055.45,25104.25,0.0014798291126005,1,4.182733675395234e-05,24916.32,24817.745000000003,24832.9625,24194.914000000004,278.0499999999993,58.178187749592205,194.59642771002476,206.2229377554116,0.0068265196905157
2025-06-11,25134.15,25222.4,25081.3,25141.4,-0.0100710382078961,0,0.0014798291126005,25020.56,24856.64,24856.6875,24228.005,388.9500000000007,66.49910010550491,202.98913351631927,205.57617690759312,0.0068017078463705
2025-06-12,25164.45,25196.2,24825.9,24888.2,-0.0068144743292002,0,-0.0100710382078961,25048.02,24862.1,24847.9925,24253.93,54.60000000000218,51.081089417352935,187.0530581962776,201.87155316533003,0.0062432377410098
2025-06-13,24473.0,24754.35,24473.0,24718.6,0.0092197778191322,1,-0.0068144743292002,24991.13,24858.890000000003,24832.9325,24277.915,-32.10000000000218,41.39956777158852,158.9065255871683,193.2785476496977,0.0064050861216909
2025-06-16,24732.35,24967.1,24703.6,24946.5,-0.003731986451005,0,0.0092197778191323,24959.79,24881.88,24832.985,24313.531000000003,229.90000000000143,53.54741684359516,153.2235553026876,185.2675491802957,0.0067375825524921
2025-06-17,24977.85,24982.05,24813.7,24853.4,-0.0016637562667482,0,-0.0037319864510051,24909.620000000003,24912.97,24841.46,24343.952,310.90000000000146,52.94323449663258,139.59816769743702,176.133672883724,0.0063407645028856
2025-06-18,24788.35,24947.55,24750.45,24812.05,-0.0007576963612438,0,-0.0016637562667483,24843.75,24932.155,24841.39,24375.191000000003,191.84999999999852,49.35677402023702,124.03356865973184,165.71365203892557,0.0062480712026952
2025-06-19,24803.25,24863.1,24733.4,24793.25,0.0128724552045416,1,-0.0007576963612437,24824.76,24936.39,24850.5675,24412.967,42.34999999999855,51.32056733186429,108.92587917253331,154.3560974656471,0.0059465450564874
2025-06-20,24787.65,25136.2,24783.65,25112.4,-0.0055948455742979,0,0.0128724552045416,24903.52,24947.325,24863.53,24471.983,109.35000000000218,60.43721322715051,121.307309013926,147.74633977530289,0.0062278974748752
2025-06-23,24939.75,25057.0,24824.85,24971.9,0.0029012610173834,1,-0.0055948455742979,24908.6,24934.195,24862.0675,24520.704,-131.29999999999927,61.52751677852349,118.41746277554556,141.88056437535144,0.0062345877433301
2025-06-24,25179.9,25317.7,24999.7,25044.35,0.0080018047982878,1,0.0029012610173835,24946.79,24928.205,24872.975,24573.608,-59.900000000001455,61.418764302059415,120.58333865401436,137.62111923108404,0.0060431598586075
2025-06-25,25150.35,25266.8,25125.05,25244.75,0.0120520108141296,1,0.0080018047982879,25033.33,24938.54,24897.590000000004,24621.932,103.34999999999854,62.81429201587996,136.89240563966086,137.4753765127994,0.0062115283471973
2025-06-26,25268.95,25565.3,25259.9,25549.0,0.0034756741946846,1,0.0120520108141297,25184.48,25004.620000000003,24933.36,24666.341,660.7999999999993,63.79323412748538,172.3807925299625,144.45645971623202,0.0066732951268186
2025-06-27,25576.65,25654.2,25523.55,25637.8,-0.0047098424981862,0,0.0034756741946846,25289.56,25096.54,24977.715,24710.353,919.2000000000008,63.5843878640036,205.30439146076608,156.62604606513884,0.0065898100981792
2025-06-30,25661.65,25669.35,25473.3,25517.05,0.0009699397069802,1,-0.0047098424981862,25398.59,25153.595,25017.7375,24743.661,570.5499999999993,59.88789882150039,219.12710411070293,169.12625767425166,0.0067148573974236
2025-07-01,25551.35,25593.4,25501.8,25541.8,-0.0034609933520737,0,0.0009699397069802,25498.08,25222.435,25067.7025,24771.986,688.3999999999978,59.64819277108428,229.4340487326117,181.18781588592367,0.0064027397214198
2025-07-02,25588.3,25608.1,25378.75,25453.4,-0.0018897278948982,0,-0.0034609933520737,25539.81,25286.57,25109.3625,24797.709,641.3500000000022,64.79426238090255,227.84280535966167,190.51881378067128,0.0065107119214474
2025-07-03,25505.1,25587.5,25384.35,25405.3,0.0021924559048702,1,-0.0018897278948981,25511.07,25347.775,25142.0825,24819.236,612.0499999999993,69.19550511544699,220.16256846792385,196.4475647181218,0.0064988395810547
2025-07-04,25428.85,25470.25,25331.65,25461.0,1.1782726522888828e-05,1,0.0021924559048702,25475.71,25382.635,25164.98,24843.522,348.59999999999854,65.91401175378905,216.0796185559593,200.37397548568933,0.0061622209306579
2025-07-07,25450.45,25489.8,25407.25,25461.3,0.0024036478891494,1,1.1782726522913125e-05,25464.56,25431.575,25182.885,24871.961,489.3999999999978,69.94815252346254,210.44221200321408,202.38762278919427,0.0061217496407815
2025-07-08,25427.85,25548.05,25424.15,25522.5,-0.0018180037222059,0,0.0024036478891493,25460.7,25479.390000000003,25203.7975,24895.841,478.1500000000015,73.01350782287588,208.5092899233896,203.61195621603332,0.0061306263189339
2025-07-09,25514.6,25548.7,25424.35,25476.1,-0.004743661706462,0,-0.0018180037222059,25465.24,25502.525,25220.5325,24918.644,231.34999999999852,71.73089775005562,200.9172935369388,203.07302368021445,0.0061569270904054
2025-07-10,25511.65,25524.05,25340.45,25355.25,-0.0081008864041964,0,-0.0047436617064621,25455.23,25483.15,25243.885,24939.065,-193.75,58.84473904650904,183.03903661265576,199.06622626670276,0.0057704586383205
2025-07-11,25255.5,25322.45,25129.0,25149.85,-0.0026859007111374,0,-0.0081008864041963,25393.0,25434.355,25265.4475,24955.128,-487.9500000000007,56.18848895844191,150.56075512938696,189.3651320392396,0.0058678588247484
2025-07-14,25149.5,25151.1,25001.95,25082.3,0.0045251033597397,1,-0.0026859007111373,25317.2,25390.88,25272.2375,24967.551,-434.75,51.32428377010855,118.010412028485,175.0941880370887,0.0055739765910671
2025-07-15,25089.5,25245.2,25088.45,25195.8,0.0006449487613014,1,0.0045251033597397,25251.86,25356.28,25289.3575,24983.875,-346.0,48.18158178238416,100.21728951890692,160.11880833345236,0.0055664824492811
2025-07-16,25196.6,25255.3,25121.05,25212.05,-0.0039901555010401,0,0.0006449487613013,25199.05,25332.145,25309.3575,24999.828,-241.35000000000215,34.07533437308,86.43102784309303,145.38125223538052,0.0055387744186182
2025-07-17,25230.75,25238.35,25101.0,25111.45,-0.0056966045369741,0,-0.00399015550104,25150.29,25302.76,25325.2675,25016.581,-293.84999999999854,25.398457583547625,66.61978547209583,129.6289588827236,0.0056334187967789
2025-07-18,25108.55,25144.6,24918.65,24968.4,0.0048981913138206,1,-0.0056966045369741,25114.0,25253.5,25318.0675,25035.789,-492.59999999999854,24.879813195366594,38.927560988009645,111.4886793037808,0.0050090927136937
2025-07-21,24999.0,25111.4,24882.3,25090.7,-0.0011876910568457,0,0.0048981913138206,25115.68,25216.44,25324.0075,25039.109,-370.59999999999854,31.03984532616009,26.543880141645783,94.4997194713538,0.0049720150038179
2025-07-22,25166.65,25182.0,25035.55,25060.9,0.0063445446891372,1,-0.0011876910568456,25088.7,25170.28,25324.835,25048.76,-461.59999999999854,32.64809902740937,14.161863750428893,78.43214832716883,0.0049411897882826
2025-07-23,25139.35,25233.5,25085.5,25219.9,-0.0062569637468825,0,0.0063445446891372,25090.27,25144.66,25323.5925,25059.82,-256.1999999999971,42.535630888155325,16.983225680378382,66.14236379781075,0.0048129576121162
2025-07-24,25243.3,25246.25,25018.7,25062.1,-0.0089816894833233,0,-0.0062569637468825,25080.4,25115.345,25299.2475,25059.82,-293.15000000000146,35.159970238095184,6.412119207489013,54.1963148797464,0.0040773018526096
2025-07-25,25010.35,25010.35,24806.35,24837.0,-0.0062849780569311,0,-0.0089816894833233,25054.120000000003,25084.06,25259.2075,25056.164000000004,-312.84999999999854,30.102626211116785,-19.89985445882121,39.37708101203289,0.0043099224796004
2025-07-28,24782.45,24889.2,24646.6,24680.9,0.0056805059783069,1,-0.0062849780569311,24972.16,25043.92,25217.4,25050.873,-401.3999999999978,24.706978421590435,-52.74029132605938,20.953606544414438,0.004383947058162
2025-07-29,24609.65,24847.15,24598.6,24821.1,0.0013677878901418,1,0.0056805059783069,24924.2,25006.45,25181.365,25053.617,-374.7000000000007,31.36557610241813,-66.68490378527349,3.42590447847685,0.0046508281141685
2025-07-30,24890.4,24902.3,24771.95,24855.05,-0.0034882247269669,0,0.0013677878901419,24851.23,24970.75,25151.4475,25054.449,-357.0,35.02933077936065,-74.14196592528606,-12.087669602275732,0.0046646046643296
2025-07-31,24642.25,24956.5,24635.0,24768.35,-0.0081959436135229,0,-0.0034882247269669,24792.48,24936.44,25119.6,25057.622000000003,-343.1000000000022,37.70861524582765,-86.05571015549503,-26.881277712919594,0.004691054493221
2025-08-01,24734.9,24784.15,24535.05,24565.35,0.0064073990397043,1,-0.0081959436135229,24738.15,24896.135,25074.8175,25051.866,-403.0500000000029,34.68160132752534,-110.60288059049708,-43.6255982884351,0.0048609145243447
2025-08-04,24596.05,24736.25,24554.0,24722.75,-0.0029608356675531,0,0.0064073990397044,24746.52,24859.34,25037.89,25046.298000000003,-367.9500000000007,36.33790613718411,-116.01843713540438,-58.10416605782896,0.0051844394441163
2025-08-05,24720.25,24733.1,24590.3,24649.55,-0.0030568509364267,0,-0.0029608356675532,24712.21,24818.205,24994.2425,25042.765,-411.3500000000022,34.27189352421428,-124.77856334995886,-71.43904551625495,0.0051124095970236
2025-08-06,24641.35,24671.4,24539.2,24574.2,0.0008932132073475,1,-0.0030568509364268,24656.04,24753.635,24949.1475,25039.2,-645.7000000000007,34.7627556084971,-136.23075838016302,-84.39738808903657,0.005121078676714
2025-08-07,24464.2,24634.2,24344.15,24596.15,-0.0094669287673071,0,0.0008932132073475,24621.6,24707.04,24911.1925,25034.451,-465.9499999999971,38.66370253068184,-141.89979142798984,-95.89786875682722,0.0051049450408889
2025-08-08,24544.25,24585.5,24337.5,24363.3,0.0091018047637224,1,-0.0094669287673071,24581.19,24659.67,24871.865,25026.703,-473.7000000000007,29.24560602602142,-163.29917867140466,-109.37813073974272,0.0052059615773876
2025-08-11,24371.5,24600.85,24347.45,24585.05,-0.0039719260282162,0,0.0091018047637225,24553.65,24650.085,24847.0025,25024.072,-95.85000000000218,37.76326278704962,-160.51466236728447,-119.60543706525108,0.0057158170163203
2025-08-12,24563.35,24702.6,24465.65,24487.4,0.0053884855068319,1,-0.0039719260282162,24521.22,24616.715,24811.5825,25022.97,-333.6999999999971,30.54965480616039,-164.29357794249154,-128.54306524069918,0.0055992874111113
2025-08-13,24586.2,24664.55,24535.25,24619.35,0.000485390556615,1,0.005388485506832,24530.25,24593.145,24781.9475,25022.953,-235.70000000000076,38.07985353902481,-154.85604937102107,-133.80566206676357,0.0057881916662316
2025-08-14,24607.25,24673.65,24596.9,24631.3,0.0099730830285044,1,0.0004853905566151,24537.28,24579.44,24757.94,25020.561,-137.04999999999927,43.74391727493913,-144.74395662275856,-135.99332097796258,0.0057599847203296
2025-08-18,24938.2,25022.0,24852.85,24876.95,0.0041685174428537,1,0.0099730830285045,24640.01,24610.6,24753.3675,25018.039000000004,311.6000000000022,55.65458163883359,-115.5758616590465,-131.90982911417936,0.006133807555801
2025-08-19,24891.35,25012.65,24873.95,24980.65,0.0027981657803138,1,0.0041685174428538,24719.13,24636.39,24747.865,25015.588,257.90000000000146,54.7008043369377,-83.13389709591866,-122.15464271052724,0.0061042017673887
2025-08-20,24965.8,25088.7,24929.7,25050.55,0.0013253202025504,1,0.0027981657803137,24831.76,24676.49,24747.3475,25014.514,401.0,55.64050778995961,-51.19294027755677,-107.96230222393316,0.0061353157101029
2025-08-21,25142.0,25153.65,25054.9,25083.75,-0.0085174664872677,0,0.0013253202025504,24924.640000000003,24727.445,24740.54,25013.361,509.5499999999993,59.389699315272445,-22.93614573009836,-90.9570709251662,0.0059622304455726
2025-08-22,25064.15,25084.85,24859.15,24870.1,0.0039264015826233,1,-0.0085174664872677,24972.4,24754.84,24730.94,25012.999,273.9499999999971,59.01547199952666,-17.579555748696293,-76.2815678898722,0.0061018144938407
2025-08-25,24949.15,25021.55,24894.35,24967.75,-0.0102412111623995,0,0.0039264015826234,24990.56,24815.285,24737.4775,25017.982,604.4500000000007,57.51349362119725,-5.39271680886668,-62.1037976736711,0.0058187261655583
2025-08-26,24899.5,24919.65,24689.6,24712.05,-0.0085444145669824,0,-0.0102412111623995,24936.84,24827.985,24739.035,25013.293,127.0,51.723757515582776,-16.180888957904244,-52.91921593051774,0.0061133914905494
2025-08-28,24695.8,24702.65,24481.6,24500.9,-0.0030223379549323,0,-0.0085444145669824,24826.91,24829.335,24723.025,25006.243,13.5,48.11925899317496,-41.29263763355266,-50.59390027112472,0.0062534989530739
2025-08-29,24466.7,24572.45,24404.7,24426.85,0.0081140220699763,1,-0.0030223379549323,24695.53,24810.085,24701.615,24998.539,-192.5,45.76919232307071,-66.40363573973082,-53.75584736484595,0.0062567167436058
2025-09-01,24432.7,24635.6,24432.7,24625.05,-0.0018456815316111,0,0.0081140220699762,24646.52,24809.46,24694.45,24995.175,-6.25,56.65640973476082,-69.50993185437983,-56.90666426275273,0.0065310776697936
2025-09-02,24653.0,24756.1,24522.35,24579.6,0.0055106673827076,1,-0.0018456815316111,24568.89,24779.725,24695.1625,24984.519000000004,-297.3500000000022,49.84775260496688,-74.7771446866027,-60.480760347522725,0.0062747948792974
2025-09-03,24616.5,24737.05,24533.2,24715.05,0.0007788776474253,1,0.0055106673827076,24569.49,24753.165,24694.777500000004,24979.382,-265.6000000000022,56.22794298689567,-67.24658898892812,-61.83392607580381,0.006230003854825
2025-09-04,24980.75,24980.75,24708.2,24734.3,0.0002708789009594,1,0.0007788776474253,24616.17,24721.54,24699.015,24973.181,-316.25,53.35140966208928,-59.04462553361009,-61.27606596736507,0.0061923780378257
2025-09-05,24818.85,24832.35,24621.6,24741.0,0.0012994624307829,1,0.0002708789009593,24679.0,24687.265,24707.355000000003,24963.106,-342.75,53.20816517517694,-51.41123962948768,-59.3031006997896,0.0061450756283468
2025-09-08,24802.6,24885.5,24751.55,24773.15,0.0038529617751475,1,0.0012994624307829,24708.620000000003,24677.57,24716.205,24947.589000000004,-96.94999999999708,46.53121240475877,-42.28011119030634,-55.89850279789295,0.0061476148947524
2025-09-09,24864.1,24891.8,24814.0,24868.6,0.0042020861648826,1,0.0038529617751474,24766.42,24667.655,24741.47,24932.205,-99.15000000000146,46.234752511845066,-27.030023539206013,-50.124806946155566,0.0057325958655361
2025-09-10,24991.0,25035.7,24915.05,24973.1,0.001297395998094,1,0.0042020861648826,24818.03,24693.76,24760.8725,24921.326,261.0499999999993,47.45656957078584,-6.437732376216445,-41.38739203216775,0.0054686723673324
2025-09-11,24945.5,25037.3,24940.15,25005.5,0.0043390454100097,1,0.0012973959980939,24872.27,24744.22,24786.7775,24910.6,504.59999999999854,47.42894693609333,12.353808932406537,-30.639151839252893,0.0053524941529273
2025-09-12,25074.45,25139.45,25038.05,25114.0,-0.0017838655729871,0,0.0043390454100098,24946.870000000003,24812.935,24811.51,24903.812,687.1500000000015,58.608640406607385,35.591012989789306,-17.393118873444454,0.0053128351417476
2025-09-15,25118.9,25138.45,25048.75,25069.2,0.0067772405980245,1,-0.0017838655729871,25006.08,24857.35,24833.405,24897.09,444.1500000000015,53.71952337305227,49.81741488101761,-3.951012122552042,0.0053487065714021
2025-09-16,25073.6,25261.4,25070.45,25239.1,0.0036114599965926,1,0.0067772405980246,25080.18,24923.3,24851.5125,24892.652,659.5,70.62091631127974,73.94901277436293,11.628992856830951,0.0051054340515014
2025-09-17,25276.6,25346.5,25275.35,25330.25,0.0036853169629197,1,0.0036114599965926,25151.61,24984.82,24868.9925,24890.031000000003,615.2000000000007,85.81113174143941,99.2840366192977,29.160001609324304,0.0050872052226989
2025-09-18,25441.05,25448.95,25329.75,25423.6,-0.003797652574773,0,0.0036853169629198,25235.23,25053.75,24887.645,24888.053,689.2999999999993,92.33382883839457,125.44869590955204,48.41774046936985,0.0051102102599877
2025-09-19,25410.2,25431.4,25286.3,25327.05,-0.0049235896008418,0,-0.003797652574773,25277.84,25112.355000000003,24899.81,24885.072,586.0499999999993,82.63294905169212,136.81646377616926,66.09748513072974,0.0052074196146452
2025-09-22,25238.1,25331.7,25151.05,25202.35,-0.0013034498766979,0,-0.0049235896008418,25304.47,25155.275,24916.4225,24882.014000000003,429.1999999999971,76.96237606615581,134.21609428390366,79.72120696136453,0.0049349088727842
2025-09-23,25209.0,25261.9,25084.65,25169.5,-0.0044736685273842,0,-0.0013034498766979,25290.55,25185.365,24926.51,24882.407000000003,300.90000000000146,71.59420289855083,128.02872679812572,89.38271092871678,0.004891948082328
2025-09-24,25108.75,25149.85,25027.45,25056.9,-0.0066269171365972,0,-0.0044736685273842,25235.88,25193.745000000003,24943.7525,24881.899,83.80000000000291,64.07995810055881,112.73972119760948,94.05411298249533,0.004373280857929
2025-09-25,25034.5,25092.7,24878.3,24890.85,-0.0094874220848222,0,-0.0066269171365972,25129.33,25182.28,24963.25,24875.8,-114.65000000000146,55.741599294992106,86.23021856247215,92.48933409849069,0.0041764894363055
2025-09-26,24818.55,24868.6,24629.45,24654.7,-0.0008030923109994,0,-0.0094874220848222,24994.86,25136.35,24974.6425,24864.653,-459.2999999999993,46.07508532423205,45.639808024257945,83.11942888364415,0.0047045595590743
2025-09-29,24728.55,24791.3,24606.2,24634.9,-0.0009661090566636,0,-0.0008030923109995,24881.370000000003,25092.92,24975.135,24855.122,-434.2999999999993,41.84748482522857,11.73860537438668,68.84326418179266,0.0043518013368731
