Date,Open,High,Low,Close,Next_Day_Return,Target,Daily_Return,SMA_5,SMA_10,SMA_20,SMA_50,Momentum_10,RSI_14,MACD,MACD_Signal,Volatility_20
2021-12-01,17104.4,17213.05,17064.25,17166.9,0.0136745714135924,1,0.010816571670827724,17153.35,17376.515,17680.754999999997,17821.28,-832.2999999999993,30.32077393075363,-220.36115516729478,-130.54517758135393,0.009849219268276792
2021-12-02,17183.2,17420.35,17149.3,17401.65,-0.0117776187890229,0,0.013674571413592407,17126.43,17326.815000000002,17656.390000000003,17821.375,-497.0,39.51944216206622,-204.07439607999186,-145.25102128108153,0.010463024874961233
2021-12-03,17424.9,17489.8,17180.8,17196.7,-0.0165409642547698,0,-0.011777618789022948,17160.480000000003,17270.004999999997,17624.765000000003,17814.069,-568.0999999999985,29.66080768626398,-205.33776834970922,-157.26837069480706,0.010715499537529555
2021-12-06,17209.05,17216.75,16891.7,16912.25,0.015636594775976,1,-0.016540964254769808,17132.14,17219.575,17574.5375,17801.380999999998,-504.2999999999993,26.10474631751228,-226.67872647157128,-171.15044185015992,0.011081039312270297
2021-12-07,17044.1,17251.65,16987.75,17176.7,0.017060902268771,1,0.01563659477597601,17170.840000000004,17186.91,17529.945,17788.456000000002,-326.6499999999978,34.53540405369836,-219.71989051039054,-180.86433158220606,0.011570494393786625
2021-12-08,17315.25,17484.6,17308.95,17469.75,0.0026960889537628,1,0.017060902268771105,17231.410000000003,17192.38,17501.219999999998,17780.787,54.70000000000073,42.48018795146923,-188.38667270023143,-182.36879980581114,0.012368624430517504
2021-12-09,17524.4,17543.25,17379.6,17516.85,-0.0003168377876158,0,0.002696088953762832,17254.45,17190.440000000002,17476.2025,17774.022,-19.400000000001455,45.51635594293049,-157.9337337013858,-177.48178658492608,0.01240493736682323
2021-12-10,17476.05,17534.35,17405.25,17511.3,-0.0081690108672685,0,-0.0003168377876159312,17317.370000000003,17238.925,17458.0875,17769.275999999998,484.84999999999854,51.95574545379487,-132.7175138737839,-168.52893204269765,0.01230710267035698
2021-12-13,17619.1,17639.5,17355.95,17368.25,-0.0024959336720739,0,-0.008169010867268511,17408.57,17270.355000000003,17421.3625,17762.415,314.2999999999993,47.2746711853466,-122.86016199889855,-159.39517803393784,0.011960992181257624
2021-12-14,17283.2,17376.2,17225.8,17324.9,-0.0059740604563374,0,-0.0024959336720740133,17438.21,17304.525,17382.135000000002,17756.55,341.7000000000007,48.14784377375552,-117.19516936758737,-150.95517630066774,0.01194825646222864
2021-12-15,17323.65,17351.2,17192.2,17221.4,0.0015678167860917,1,-0.0059740604563374156,17388.54,17309.975,17343.245,17750.337,54.5,43.48392971708854,-119.67763759812806,-144.6996685601598,0.01194630423803467
2021-12-16,17373.0,17379.35,17184.95,17248.4,-0.0152593863778669,0,0.001567816786091747,17334.85,17294.65,17310.732500000002,17741.48,-153.25,55.7406305770375,-118.10489746424355,-139.38071434097657,0.011944730221254432
2021-12-17,17276.0,17298.15,16966.45,16985.2,-0.0218425452747097,0,-0.015259386377866946,17229.629999999997,17273.5,17271.752500000002,17724.738,-211.5,48.41505867164626,-136.52278029422814,-138.8091275316269,0.012262575437866267
2021-12-20,16824.25,16840.1,16410.2,16614.2,0.0094286814893282,1,-0.021842545274709746,17078.82,17243.695,17231.635,17704.102000000003,-298.0499999999993,42.52764165080393,-178.99237190980784,-146.8457764072631,0.012439077392858973
2021-12-21,16773.15,16936.4,16688.25,16770.85,0.0110071940301178,1,0.009428681489328294,16968.010000000002,17203.11,17195.010000000002,17683.712,-405.8500000000022,41.89103417210942,-197.730173068343,-157.0226557394791,0.012614191409409047
2021-12-22,16865.55,16971.0,16819.5,16955.45,0.0069092828559547,1,0.011007194030117962,16914.82,17151.68,17172.030000000002,17664.917,-514.2999999999993,40.67268698524184,-195.4315252800916,-164.70442964760161,0.012921166391276882
2021-12-23,17066.8,17118.65,17015.55,17072.6,-0.004032777667139,0,0.006909282855954713,16879.66,17107.255,17148.8475,17647.45,-444.25,47.30697452367513,-182.0581513687248,-168.17517399182628,0.012919490635720631
2021-12-24,17149.5,17155.6,16909.6,17003.75,0.0048518709108284,1,-0.004032777667139054,16883.370000000003,17056.5,17147.7125,17627.686,-507.5499999999993,52.190567392865695,-174.99800769037392,-169.53974073153583,0.0111784297540151
2021-12-27,16937.75,17112.05,16833.2,17086.25,0.0086034091740434,1,0.004851870910828504,16977.78,17028.3,17149.3275,17606.176,-282.0,47.627914295455106,-160.89108021941138,-167.81000862911097,0.011226480941851927
2021-12-28,17177.6,17250.25,17161.15,17233.25,-0.0011402376220388,0,0.008603409174043453,17070.260000000002,17019.135000000002,17161.829999999998,17584.07,-91.65000000000146,43.283158193694945,-136.27863185646856,-161.5037332745825,0.01133085676215169
2021-12-29,17220.1,17285.95,17176.65,17213.6,-0.0005606032439465,0,-0.0011402376220388533,17121.890000000003,17018.355000000003,17164.165,17558.801,-7.80000000000291,41.250973716857544,-117.0098631179062,-152.60495924324727,0.011086919337050052
2021-12-30,17201.45,17264.05,17146.35,17203.95,0.0087247405392365,1,-0.000560603243946467,17148.16,17013.909999999996,17154.28,17534.505,-44.45000000000073,41.15361367757536,-101.34960427011174,-142.35388824862017,0.010623205629997369
2021-12-31,17244.5,17400.8,17238.5,17354.05,0.0156534065535135,1,0.008724740539236553,17218.22,17050.795000000002,17162.1475,17516.254,368.84999999999854,49.59293658984059,-75.9514002808719,-129.0733906550705,0.010467506195897883
2022-01-03,17387.15,17646.65,17383.3,17625.7,0.0101868294592554,1,0.015653406553513438,17326.11,17151.945,17197.82,17505.206000000002,1011.5,57.62484157160963,-33.51689401829208,-109.96209132771483,0.010179225254487596
2022-01-04,17681.4,17827.6,17593.55,17805.25,0.006739585234692,1,0.01018682945925553,17440.510000000002,17255.385,17229.2475,17499.013,1034.4000000000015,64.25032339947768,14.434549851459451,-85.08276309187997,0.009866419124909051
2022-01-05,17820.1,17944.7,17748.85,17925.25,-0.0100054392546825,0,0.0067395852346920915,17582.840000000004,17352.364999999998,17252.0225,17495.01,969.7999999999993,65.80280637855759,61.41149818415215,-55.78391083667354,0.009281231476194893
2022-01-06,17768.5,17797.95,17655.55,17745.9,0.0037642497703694,1,-0.010005439254682558,17691.23,17419.695,17263.475,17484.56,673.3000000000029,68.48422996549553,83.20983094413532,-27.98516248051177,0.009611437478888797
2022-01-07,17797.6,17905.0,17704.55,17812.7,0.0107002307342513,1,0.0037642497703693767,17782.960000000003,17500.59,17278.545000000002,17476.595,808.9500000000007,84.17450812660408,104.66881152880524,-1.4543676786483672,0.009632151186937499
2022-01-10,17913.3,18017.45,17879.15,18003.3,0.002913354773847,1,0.010700230734251415,17858.48,17592.295000000002,17310.2975,17479.516,917.0499999999993,84.47509021231377,135.49315459053832,25.935136775188973,0.009621424954270886
2022-01-11,17997.75,18081.25,17964.4,18055.75,0.0086731373662129,1,0.002913354773847132,17908.579999999998,17674.545000000002,17346.84,17487.198,822.5,83.23566725064957,162.28324497120775,53.204758414392735,0.009568971402857075
2022-01-12,18170.4,18227.95,18128.8,18212.35,0.0024955593319917,1,0.008673137366213002,17966.0,17774.42,17396.3875,17492.852,998.75,83.62590352559388,193.91555800482456,81.3469183324791,0.009477626372083341
2022-01-13,18257.0,18272.25,18163.8,18257.8,-0.000112280778626,0,0.002495559331991748,18068.379999999997,17879.805,17446.8575,17500.229000000003,1053.8499999999985,87.51607981571793,220.11448635873967,109.10043193773123,0.009473320163628337
2022-01-14,18185.0,18286.95,18119.65,18255.75,0.0028675896635305,1,-0.00011228077862612817,18156.989999999998,17969.975,17510.385,17508.76,901.7000000000007,86.75592431956767,237.96875231854574,134.87409601389413,0.008501572169909086
2022-01-17,18235.65,18321.55,18228.75,18308.1,-0.0106537543491678,0,0.002867589663530623,18217.95,18038.215000000004,17595.08,17516.586,682.3999999999978,85.91812865497089,253.4213110925375,158.5835390296228,0.006041850850002284
2022-01-18,18337.2,18350.95,18085.9,18113.05,-0.0096422192838863,0,-0.010653754349167821,18229.41,18068.995000000003,17662.19,17517.476,307.7999999999993,76.90305985104555,247.0804803759529,176.28292729888884,0.006860079817808358
2022-01-19,18129.2,18129.2,17884.9,17938.4,-0.010112384605093,0,-0.00964221928388631,18174.62,18070.31,17711.3375,17515.359,13.150000000001455,69.99428306971944,225.3646673600997,186.099275311131,0.007272357746055794
2022-01-20,17921.0,17943.7,17648.45,17757.0,-0.0078757673030353,0,-0.010112384605093117,18074.46,18071.42,17745.557500000003,17510.155,11.099999999998545,60.78588827324077,191.31194015554138,187.1418082800131,0.007752100852792086
2022-01-21,17613.7,17707.6,17485.85,17617.15,-0.0265678614304812,0,-0.007875767303035297,17946.739999999998,18051.864999999998,17776.2275,17505.026,-195.54999999999927,49.75376551565247,151.29613462313137,179.97267354863675,0.007954380728700293
2022-01-24,17575.15,17599.4,16997.85,17149.1,0.0075135138287141,1,-0.026567861430481288,17714.94,17966.445,17779.370000000003,17485.953,-854.2000000000007,33.79596473464541,80.88322562055328,160.15478396302007,0.010126715320530104
2022-01-25,17001.55,17309.15,16836.8,17277.95,-0.0097118003003828,0,0.0075135138287141245,17547.920000000002,17888.665,17781.605,17469.323,-777.7999999999993,34.08409146791246,35.07330289066522,135.1384877485491,0.010082133016846078
2022-01-27,17062.0,17182.5,16866.75,17110.15,-0.0004792476980038,0,-0.009711800300382767,17382.27,17778.445,17776.432500000003,17451.542,-1102.199999999997,34.27879027671305,-14.603112956294353,105.1901676075804,0.010320487917409282
2022-01-28,17208.3,17373.5,17077.1,17101.95,0.0139106943944987,1,-0.0004792476980038929,17251.260000000002,17662.86,17771.3325,17435.608,-1155.8499999999985,31.899559426490427,-54.01109559472388,73.34991496711956,0.010320375289127453
2022-01-31,17301.05,17410.0,17264.15,17339.85,0.0136679383039645,1,0.013910694394498657,17195.8,17571.269999999997,17770.6225,17427.109,-915.9000000000015,33.50160395891872,-65.2930068288806,45.62133060791953,0.01061848021278343
2022-02-01,17529.45,17622.4,17244.55,17576.85,0.0115578161047059,1,0.013667938303964622,17281.35,17498.144999999997,17768.18,17430.315,-731.25,39.09211005830899,-54.48204831628027,25.60065482307957,0.010472841368533842
2022-02-02,17706.2,17794.6,17674.8,17780.0,-0.0123622047244094,0,0.011557816104706076,17381.76,17464.84,17766.917500000003,17435.848,-333.0499999999993,40.356864057098285,-29.18534807630931,14.643454243201793,0.01054784157297012
2022-02-03,17767.75,17781.15,17511.15,17560.2,-0.0024999715265202,0,-0.012362204724409409,17471.77,17427.02,17748.665,17438.751,-378.2000000000007,35.56351144406277,-26.56730261107441,6.4013028723465535,0.010766317738880673
2022-02-04,17590.2,17617.8,17462.55,17516.3,-0.0172810467964125,0,-0.0024999715265202616,17554.64,17402.95,17737.185,17438.352,-240.70000000000073,34.95799344982606,-27.715360407702974,-0.4220297836633522,0.010563810098821841
2022-02-07,17456.3,17536.75,17119.4,17213.6,0.0030876748617373,1,-0.017281046796412514,17529.39,17362.595,17707.23,17442.095,-403.5500000000029,29.793597459661058,-52.44599987334732,-10.826823801600145,0.011138957401559504
2022-02-08,17279.85,17306.45,17043.65,17266.75,0.0114121070844252,1,0.003087674861737222,17467.370000000003,17374.36,17670.4025,17446.351,117.65000000000146,33.51192331670828,-66.98429575243426,-22.058318191766972,0.010820234134555188
2022-02-09,17370.1,17477.15,17339.0,17463.8,0.0081339685520905,1,0.011412107084425305,17404.129999999997,17392.945,17640.805,17455.963,185.84999999999854,40.8335908529048,-61.892256389866816,-30.025105831386945,0.011185336934551406
2022-02-10,17554.1,17639.45,17427.15,17605.85,-0.0131263188088049,0,0.008133968552090476,17413.26,17442.515,17610.48,17464.742,495.6999999999971,47.035635136990315,-45.86581807002585,-33.19324827911473,0.011159880389035757
2022-02-11,17451.0,17454.75,17303.0,17374.75,-0.0306162678599692,0,-0.013126318808804993,17384.95,17469.795,17566.327500000003,17464.203999999998,272.7999999999993,45.41030787291246,-51.22213200097394,-36.79902502348657,0.01139985664616471
2022-02-14,17076.15,17099.5,16809.65,16842.8,0.0302592205571521,1,-0.030616267859969293,17310.79,17420.09,17495.68,17457.126,-497.0499999999993,44.337425127560465,-97.26970408931084,-48.893160836651425,0.013003527658178412
2022-02-15,16933.25,17375.0,16839.25,17352.45,-0.0017432696823791,0,0.030259220557152133,17327.93,17397.65,17447.8975,17465.93,-224.39999999999782,51.207298891553776,-91.58253459625121,-57.43103558857139,0.015041013614890655
2022-02-16,17408.45,17490.6,17257.7,17322.2,-0.0010160372239093,0,-0.001743269682379145,17299.61,17351.870000000003,17408.355,17468.84,-457.7999999999993,53.596689112403936,-88.49620482708997,-63.64406943627512,0.014920427058426836
2022-02-17,17396.55,17442.9,17235.85,17304.6,-0.0016354033031679,0,-0.0010160372239093052,17239.36,17326.309999999998,17376.665,17465.537,-255.60000000000218,53.42632513314731,-86.47362503840486,-68.20998055670107,0.014815964349749085
2022-02-18,17236.05,17380.8,17219.2,17276.3,-0.0040315345299628,0,-0.001635403303167915,17219.670000000002,17302.31,17352.629999999997,17460.726,-240.0,48.843557221625765,-86.16107819497847,-71.80020008435655,0.014683070083905276
2022-02-21,17192.25,17351.05,17070.7,17206.65,-0.0066514981126483,0,-0.004031534529962855,17292.44,17301.614999999998,17332.105,17454.633,-6.94999999999709,42.826415533077615,-90.49043803907625,-75.53824767530048,0.014617038970336449
2022-02-22,16847.95,17148.55,16843.8,17092.2,-0.0016937550461614,0,-0.006651498112648313,17240.39,17284.16,17329.26,17449.112,-174.54999999999927,36.197624016696125,-101.98107110167257,-80.8268123605749,0.01341823745936373
2022-02-23,17194.5,17220.7,17027.85,17063.25,-0.0477810499172197,0,-0.001693755046161427,17188.6,17244.105000000003,17318.525,17443.879,-400.5499999999993,39.20026078452679,-112.13092810396847,-87.08763550925363,0.013301416930592388
2022-02-24,16548.9,16705.25,16203.25,16247.95,0.0252616483925664,1,-0.047781049917219764,16977.27,17108.315,17275.415,17424.41,-1357.8999999999978,29.357290496883323,-183.84342657466914,-106.43879372233673,0.01691571296330889
2022-02-25,16515.65,16748.8,16478.3,16658.4,0.0081340344811026,1,0.025261648392566505,16853.690000000002,17036.68,17253.2375,17412.61,-716.3499999999985,41.270165728482084,-205.19090057223002,-126.1892150923154,0.018016541581542492
2022-02-28,16481.6,16815.9,16356.3,16793.9,-0.0111915636034512,0,0.008134034481102725,16771.140000000003,17031.79,17225.94,17408.784,-48.89999999999782,42.7527013564258,-208.76865483730217,-142.70510304131275,0.017807353370588853
2022-03-02,16593.1,16678.5,16478.65,16605.95,-0.0064976710155095,0,-0.011191563603451304,16673.890000000003,16957.14,17177.394999999997,17408.619,-746.5,36.815086915758606,-224.1857710867189,-159.001236650394,0.017562774877976122
2022-03-03,16723.2,16768.95,16442.95,16498.05,-0.0153169617015343,0,-0.006497671015509576,16560.85,16874.725,17113.297499999997,17403.163,-824.1500000000015,32.792792792792824,-242.3172921244477,-175.66444774520474,0.017253219548169125
2022-03-04,16339.45,16456.0,16133.8,16245.35,-0.023526732264925,0,-0.015316961701534404,16560.329999999998,16768.800000000003,17047.555,17388.961,-1059.2499999999982,32.57421465160775,-273.9198537109951,-195.3155289383628,0.017344679346543195
2022-03-07,15867.95,15944.6,15711.45,15863.15,0.0094747890551372,1,-0.023526732264925077,16401.28,16627.485,16964.8975,17364.772,-1413.1499999999996,34.15241761974863,-326.04699052426076,-221.46182125554242,0.01789413937837282
2022-03-08,15747.75,16028.75,15671.45,16013.45,0.0207263269314232,1,0.009474789055137212,16245.189999999999,16508.165,16904.89,17344.966,-1193.2000000000007,25.489657697235984,-351.1819610699931,-247.4058492184326,0.017911365413350602
2022-03-09,16078.0,16418.05,15990.0,16345.35,0.0152673390291429,1,0.02072632693142329,16193.070000000002,16433.48,16858.82,17330.148,-746.8500000000004,33.89710367110101,-340.39617490417004,-266.0039143555801,0.018668626480241538
2022-03-10,16757.1,16757.3,16447.9,16594.9,0.0021422244183453,1,0.015267339029142901,16212.440000000002,16386.645,16815.375,17317.380999999998,-468.34999999999854,39.13203270956484,-308.1594914420057,-274.4350297728652,0.018839729708422584
2022-03-11,16528.8,16694.4,16470.9,16630.45,0.0144824704081969,1,0.0021422244183453287,16289.460000000001,16424.895,16766.605000000003,17305.718,382.5,40.13170962763766,-276.5551440976669,-274.8590526378256,0.018710962671128307
2022-03-14,16633.7,16887.95,16606.5,16871.3,-0.0123464107685832,0,0.014482470408196946,16491.09,16446.184999999998,16741.4325,17299.065,212.89999999999782,45.13075169519824,-229.42917231395404,-265.7730765730513,0.018916869833522997
2022-03-15,16900.65,16927.75,16555.0,16663.0,0.0187451239272639,1,-0.012346410768583338,16621.0,16433.095,16732.442499999997,17285.244,-130.90000000000146,43.9333974105275,-206.50906140291045,-253.92027353902313,0.017836858588019172
2022-03-16,16876.65,16987.9,16837.85,16975.35,0.0183619189000521,1,0.018745123927264018,16747.0,16470.035,16713.5875,17272.237,369.3999999999978,48.8497173366834,-161.28152081559165,-235.39252299433684,0.016960015271461223
2022-03-17,17202.9,17344.6,17175.75,17287.05,-0.0098021351242693,0,0.01836191890005212,16885.43,16548.935,16711.83,17261.873,789.0,65.66230555890508,-99.14391470512055,-208.1428013364936,0.017498433297731344
2022-03-21,17329.5,17353.35,17096.4,17117.6,0.0115612001682479,1,-0.009802135124269418,16982.86,16636.159999999996,16702.48,17245.72,872.2499999999982,57.46375398218577,-62.84813880996444,-179.08386883118777,0.01763622924994615
2022-03-22,17120.4,17334.4,17006.3,17315.5,-0.0040339580144955,0,0.01156120016824791,17071.7,16781.394999999997,16704.44,17237.112,1452.3500000000004,58.30943732874527,-17.90816466065371,-146.84872799708094,0.017833103076947323
2022-03-23,17405.05,17442.4,17199.6,17245.65,-0.001327871086332,0,-0.0040339580144955756,17188.23,16904.615,16706.390000000003,17225.771,1232.2000000000007,60.589306406224146,11.933218671834766,-115.09233866329781,0.017833133822602435
2022-03-24,17094.95,17291.75,17091.15,17222.75,-0.0040498758909001,0,-0.001327871086332033,17237.71,16992.355000000003,16712.917500000003,17210.16,877.3999999999996,62.34372338613525,33.35044813550121,-85.40378130353801,0.017764048039378973
2022-03-25,17289.0,17294.9,17076.55,17153.0,0.0040226199498629,1,-0.004049875890900112,17210.9,17048.165,16717.405000000002,17192.105,558.0999999999985,66.48743892027392,44.186164118309534,-59.4857922191685,0.017787382347425818
2022-03-28,17181.85,17235.1,17003.9,17222.0,0.0059981419115084,1,0.004022619949862971,17231.78,17107.32,16766.107500000002,17172.298,591.5499999999993,77.8527066636604,57.67641266189821,-36.05335124295516,0.013702654353938979
2022-03-29,17297.2,17343.65,17235.7,17325.3,0.0099825111253485,1,0.005998141911508492,17233.739999999998,17152.72,16799.4525,17153.647999999997,454.0,77.41760193951552,75.8288704933475,-13.67690689569463,0.01269586004366486
2022-03-30,17468.15,17522.5,17387.2,17498.25,-0.0019144771620019,0,0.009982511125348426,17284.260000000002,17236.245000000003,16834.670000000002,17138.498,835.25,75.81042356944569,102.98331613914706,9.655137711273708,0.01274916614992853
2022-03-31,17519.2,17559.8,17435.2,17464.75,0.0117780099915544,1,-0.001914477162001882,17332.66,17285.185,16877.61,17121.631,489.40000000000146,71.55922373410661,120.41220299965426,31.80655076894982,0.012402902284234678
2022-04-01,17436.9,17703.7,17422.7,17670.45,0.0216717740634789,1,0.011778009991554539,17436.15,17323.525,16936.230000000003,17112.779000000002,383.40000000000146,73.77142857142857,149.10421175931697,55.26608296702325,0.012370742067636454
2022-04-04,17809.1,18114.65,17791.4,18053.4,-0.0053175579115291,0,0.021671774063478866,17602.43,17417.105000000003,17026.6325,17115.079,935.8000000000029,75.3713083791209,200.43323045409852,84.29951246443831,0.012171077529973137
2022-04-05,18080.6,18095.45,17921.55,17957.4,-0.0083391805049728,0,-0.005317557911529103,17728.85,17481.295000000002,17131.345,17119.087000000003,641.9000000000015,79.18865286609841,230.70601455452197,113.58081288245505,0.01045675813735019
2022-04-06,17842.75,17901.0,17779.85,17807.65,-0.0094397632478177,0,-0.008339180504972843,17790.730000000003,17537.495,17221.055,17122.897,562.0,70.25356499732324,239.8490104787379,138.83445240171164,0.010918024964598875
2022-04-07,17723.3,17787.5,17623.7,17639.55,0.0082088261888766,1,-0.009439763247817812,17825.690000000002,17579.175,17285.765,17132.706000000002,416.7999999999993,59.22243733975195,230.869317707351,157.24142546283952,0.010769114744463343
2022-04-08,17698.15,17842.75,17600.55,17784.35,-0.0061514758762618,0,0.008208826188876639,17848.47,17642.309999999998,17345.2375,17142.834,631.3499999999985,67.67208248297061,232.75395365333316,172.34393110093825,0.01048800688525052
2022-04-11,17740.9,17779.05,17650.95,17674.95,-0.0081838986814673,0,-0.006151475876261858,17772.78,17687.605,17397.4625,17154.13,452.9500000000007,59.99610667704888,222.85098804231166,182.44534248921295,0.010706991759125758
2022-04-12,17584.85,17595.3,17442.35,17530.3,-0.0031174594844353,0,-0.008183898681467405,17687.36,17708.105,17430.4125,17162.697,205.0,57.59978641035903,201.01361056310998,186.15899610399237,0.010638646161666978
2022-04-13,17599.9,17663.65,17457.4,17475.65,-0.0172811883964258,0,-0.0031174594844354253,17620.96,17705.845,17471.045000000002,17165.413,-22.599999999998545,56.639537936466304,177.25425657726373,184.37804819864664,0.010174988147492224
2022-04-18,17183.45,17237.75,17067.85,17173.65,-0.012519179091224,0,-0.017281188396425895,17527.780000000002,17676.735,17480.96,17157.349000000002,-291.09999999999854,50.48321048321051,132.5282184792086,174.00808225475902,0.010322992360503342
2022-04-19,17258.95,17275.65,16824.7,16958.65,0.0104902218042118,1,-0.01251917909122402,17362.640000000003,17605.555,17464.54,17140.922000000002,-711.7999999999993,44.23173803526451,78.82516049948754,154.97149790370472,0.009829059745817657
2022-04-20,17045.25,17186.9,16978.95,17136.55,0.0149417473178673,1,0.010490221804211775,17254.96,17513.870000000003,17465.4875,17132.449,-916.8500000000022,45.99656393832057,50.043275637890474,133.98585345054187,0.00991016324989398
2022-04-21,17234.6,17414.7,17215.5,17392.6,-0.0126864298609752,0,0.014941747317867238,17227.420000000002,17457.39,17469.342500000002,17129.975,-564.8000000000029,47.83544018521171,47.34871313221447,116.65842538687639,0.010142017022456566
2022-04-22,17242.75,17315.3,17149.2,17171.95,-0.0126951219867283,0,-0.012686429860975235,17166.68,17393.82,17465.6575,17129.142000000003,-635.7000000000007,44.42837570406454,27.096292785805417,98.7459988666622,0.010513067004526616
2022-04-25,17009.05,17054.3,16888.7,16953.95,0.0145600287838526,1,-0.012695121986728397,17122.739999999998,17325.260000000002,17452.2175,17122.886000000002,-685.5999999999985,36.42941020493197,-6.470091164064797,77.70278086051681,0.010880287334558886
2022-04-26,17121.3,17223.85,17064.45,17200.8,-0.0094414213292403,0,0.014560028783852541,17171.17,17266.905,17454.607500000002,17117.626,-583.5499999999993,32.97387970285156,-13.003069003261771,59.5616108877611,0.011366346080628507
2022-04-27,17073.35,17110.7,16958.45,17038.4,0.0121284862428395,1,-0.009441421329240418,17151.54,17203.25,17445.427499999998,17106.277000000002,-636.5499999999993,32.12201385106211,-30.928301566698792,41.46362839686912,0.011525655991407278
2022-04-28,17189.5,17322.5,17071.05,17245.05,-0.008263240756043,0,0.012128486242839465,17122.03,17174.725000000002,17441.415,17103.683,-285.25,39.29237562331079,-28.13492763130853,27.54391719123359,0.011785393230356307
2022-04-29,17329.25,17377.65,17053.25,17102.55,-0.0019558486892305,0,-0.008263240756043011,17108.15,17137.415,17421.629999999997,17108.878,-373.1000000000022,39.679031328079894,-36.99328221034739,14.636477310917396,0.011664006516296574
2022-05-02,16924.45,17092.25,16917.25,17069.1,-0.0229361829270436,0,-0.0019558486892305993,17131.18,17126.96,17401.8475,17103.211,-104.55000000000291,35.63841535650455,-46.18038870719829,2.47310410729426,0.01166416623270885
2022-05-04,17096.6,17132.85,16623.95,16677.6,0.0003028013623065,1,-0.02293618292704358,17026.54,17098.855,17352.204999999998,17090.319,-281.0500000000029,32.011903688339686,-84.08276116248089,-14.838068946660771,0.012219633184378343
2022-05-05,16854.75,16945.7,16651.85,16682.65,-0.0162683986057371,0,0.0003028013623065373,16955.389999999996,17053.465,17283.667500000003,17077.88,-453.8999999999978,33.90120221070022,-112.41729501021109,-34.35391415937084,0.010819813193490417
2022-05-06,16415.55,16484.2,16340.9,16411.25,-0.0066661588849112,0,-0.016268398605737144,16788.629999999997,16955.33,17206.36,17060.579,-981.3499999999985,31.322383659717772,-154.98574979108162,-58.480281285713,0.01116763096337653
2022-05-09,16227.7,16403.7,16142.1,16301.85,-0.0037909807782552,0,-0.0066661588849112885,16628.489999999998,16868.32,17131.07,17042.483,-870.1000000000004,33.59304426377591,-195.29794940810098,-85.8438149101906,0.011143065388762814
2022-05-10,16248.9,16404.55,16197.3,16240.05,-0.0044919812439,0,-0.0037909807782553484,16462.68,16796.93,17061.094999999998,17025.44,-713.9000000000015,35.64866592107359,-229.58587845952206,-114.5922276200569,0.011078634518801775
2022-05-11,16270.05,16318.75,15992.6,16167.1,-0.0222117757668351,0,-0.004491981243900045,16360.579999999998,16693.56,16980.232500000002,17007.517,-1033.699999999999,29.79175786379838,-259.6526504689318,-143.6043121898319,0.010695363235082737
2022-05-12,16021.1,16041.95,15735.75,15808.0,-0.0016352479757085,0,-0.022211775766835085,16185.65,16570.52,16886.885000000002,16998.718,-1230.4000000000015,18.329535915577395,-308.89638750799713,-176.66272725346494,0.01139030682538238
2022-05-13,15977.0,16083.6,15740.85,15782.15,0.0038112677930446,1,-0.0016352479757085758,16059.829999999998,16424.23,16799.4775,16981.193,-1462.8999999999996,19.877324548094805,-346.0195844758309,-210.53409869793813,0.011403341529336603
2022-05-16,15845.1,15977.95,15739.65,15842.3,0.026321935577536,1,0.003811267793044637,15967.920000000002,16298.204999999998,16717.81,16962.161,-1260.25,24.136246248342246,-366.3631765791142,-241.69991427417335,0.0115731831598402
2022-05-17,15912.6,16284.25,15900.8,16259.3,-0.0011685619922136,0,0.02632193557753615,15971.769999999999,16217.225,16672.092500000002,16955.228,-809.7999999999993,29.70205243187307,-344.861852140617,-262.3323018474621,0.013109297000337363
2022-05-18,16318.15,16399.8,16211.2,16240.3,-0.0265327610943147,0,-0.0011685619922137125,15986.41,16173.495,16636.175,16950.073,-437.2999999999993,31.65961945031711,-325.6017050490191,-274.9861824877735,0.012903647067576771
2022-05-19,15917.4,15984.75,15775.2,15809.4,0.0288910395081407,1,-0.026532761094314794,15986.689999999999,16086.169999999998,16569.8175,16941.354,-873.2500000000018,20.091248098997994,-341.17507464906157,-288.2239609200311,0.013639661432489143
2022-05-20,16043.8,16283.05,16003.85,16266.15,-0.003163010300532,0,0.02889103950814076,16083.49,16071.659999999998,16513.495,16949.414,-145.10000000000036,34.59271266993335,-313.0525001231799,-293.1896687606609,0.014949430817902658
2022-05-23,16290.95,16414.7,16185.75,16214.7,-0.0055227663786564,0,-0.00316301030053201,16157.970000000001,16062.944999999998,16465.6325,16953.439000000002,-87.14999999999964,34.36482084690559,-291.5558676584769,-292.8629085402241,0.014783333834104176
2022-05-24,16225.55,16262.8,16078.6,16125.15,-0.0061611829967473,0,-0.005522766378656452,16131.14,16051.454999999998,16424.1925,16949.035,-114.89999999999964,38.63435307671738,-278.5347924492853,-289.99728532203636,0.014615690923581419
2022-05-25,16196.35,16223.35,16006.95,16025.8,0.0090073506470816,1,-0.006161182996747394,16088.24,16037.325,16365.442500000001,16937.653000000002,-141.3000000000011,36.99126611609526,-273.08426580448395,-286.6146814185259,0.014074459087940618
2022-05-26,16105.0,16204.45,15903.7,16170.15,0.0112738595498496,1,0.00900735064708158,16160.39,16073.539999999999,16322.029999999999,16928.447,362.14999999999964,44.97205538872205,-254.18673905081414,-280.12909294498354,0.014263561064036617
2022-05-27,16296.6,16370.6,16221.95,16352.45,0.0188931933746931,1,0.011273859549849607,16177.65,16130.569999999998,16277.4,16918.07,570.3000000000011,51.02408419348311,-221.9418193543388,-268.4916382268546,0.014218591061008567
2022-05-30,16527.9,16695.5,16506.15,16661.4,-0.0046124575365816,0,0.018893193374693196,16266.990000000002,16212.480000000001,16255.342499999999,16918.038,819.1000000000022,57.75210199988964,-169.5038700838304,-248.6940845982498,0.014924244156216026
2022-05-31,16578.45,16690.75,16521.9,16584.55,-0.0037263597746094,0,-0.004612457536581682,16358.87,16245.005,16231.115,16910.222,325.25,57.66934283772112,-132.61882299059653,-225.47903227671915,0.014943134286646065
2022-06-01,16594.4,16649.2,16438.85,16522.75,0.0063700049931155,1,-0.0037263597746094446,16458.260000000002,16273.25,16223.372500000001,16894.936,282.4500000000007,64.74167268227285,-107.13887073247133,-201.8109999678696,0.01407354332535536
2022-06-02,16481.65,16646.4,16443.05,16628.0,-0.0026280971854703,0,0.006370004993115463,16549.83,16355.11,16220.64,16885.144,818.6000000000004,66.89233718770593,-77.55897798627848,-176.96059557155138,0.014154026254714043
2022-06-03,16761.65,16793.85,16567.9,16584.3,-0.0008893953920273,0,-0.0026280971854703017,16596.2,16386.925,16229.2925,16870.52,318.14999999999964,64.9163718237375,-56.986025230871746,-152.96568150341545,0.013652110648966665
2022-06-06,16530.7,16610.95,16444.55,16569.55,-0.0092458757178077,0,-0.0008893953920273701,16577.829999999998,16422.41,16242.6775,16856.998,354.84999999999854,57.44022638432575,-41.39483973611277,-130.65151314995492,0.01355073589087105
2022-06-07,16469.6,16487.25,16347.1,16416.35,-0.0036609843235553,0,-0.009245875717807661,16544.19,16451.530000000002,16251.492500000002,16840.87,291.1999999999989,53.96660883671674,-40.92887002100542,-112.70698452416502,0.013704188192812529
2022-06-08,16474.95,16514.3,16293.35,16356.25,0.0074497516239968,1,-0.0036609843235554385,16510.89,16484.575,16260.95,16824.935,330.4500000000007,64.79292341818376,-44.891670158503985,-99.14392165103283,0.013689096243974132
2022-06-09,16263.85,16492.8,16243.85,16478.1,-0.016767709869463,0,0.007449751623996859,16480.909999999996,16515.37,16294.454999999998,16810.057,307.9499999999989,57.00221348574444,-37.76461419604311,-86.86806016003489,0.012646623519450017
2022-06-10,16283.95,16324.7,16172.6,16201.8,-0.0263797849621646,0,-0.016767709869463077,16404.41,16500.305,16315.4375,16787.587000000003,-150.65000000000146,49.62894782258524,-53.791398109264264,-80.25272774988076,0.01331997949285822
2022-06-13,15877.55,15886.15,15684.0,15774.4,-0.0026815599959427,0,-0.026379784962164643,16245.38,16411.605,16312.0425,16753.11,-887.0000000000018,41.55287431062303,-99.82957470099791,-84.1680971401042,0.01467392789530143
2022-06-14,15674.25,15858.0,15659.45,15732.1,-0.0025393939779178,0,-0.0026815599959427727,16108.529999999999,16326.36,16285.682499999999,16718.457000000002,-852.4499999999989,42.726957555346466,-138.13607117940774,-94.96169194796491,0.013292091690534014
2022-06-15,15729.25,15783.65,15678.9,15692.15,-0.0211283985942015,0,-0.002539393977917803,15975.709999999997,16243.3,16258.275,16678.891,-830.6000000000004,37.51762678226355,-169.76097786557875,-109.9215491314877,0.013293486289279113
2022-06-16,15832.25,15863.15,15335.1,15360.6,-0.0043683189458745,0,-0.02112839859420146,15752.210000000001,16116.560000000001,16235.834999999997,16625.035,-1267.3999999999996,25.972043896412202,-219.0521614189529,-131.74767158898075,0.012806685311233463
2022-06-17,15272.65,15400.4,15183.4,15293.5,0.0037041880537483,1,-0.0043683189458745275,15570.55,15987.48,16187.2025,16571.756999999998,-1290.7999999999993,12.463640853959646,-260.5269956967368,-157.50353641053198,0.010649327875862258
2022-06-20,15334.5,15382.5,15191.1,15350.15,0.0188043765044641,1,0.0037041880537482808,15485.7,15865.539999999999,16143.975,16522.607,-1219.3999999999996,15.74726677396076,-285.5334670460343,-183.10952253763244,0.010754797093333383
2022-06-21,15455.95,15707.25,15419.85,15638.8,-0.0144192649052356,0,0.018804376504464093,15467.039999999999,15787.784999999998,16119.657499999998,16482.592,-777.5499999999993,28.21441774491676,-278.84527830777915,-202.25667369166177,0.011746417314158115
2022-06-22,15545.65,15565.4,15385.95,15413.3,0.0093004093866985,1,-0.014419264905235707,15411.269999999999,15693.49,16089.032499999998,16435.171000000002,-942.9500000000007,21.73801768264302,-288.41612441532743,-219.48856383639492,0.012061133813538408
2022-06-23,15451.55,15628.45,15367.5,15556.65,0.0091664979285386,1,0.009300409386698627,15450.48,15601.345000000001,16058.357500000002,16392.804999999997,-921.4499999999989,27.149623107197613,-281.19252949200563,-231.82935696751707,0.012075223151081022
2022-06-24,15657.4,15749.25,15619.45,15699.25,0.0084590028186059,1,0.00916649792853863,15531.63,15551.09,16025.6975,16356.184,-502.5499999999993,31.689459288870182,-260.9530459538819,-237.65409476479005,0.011963236866598254
2022-06-27,15926.2,15927.45,15815.5,15832.05,0.0011464087089164,1,0.00845900281860601,15628.009999999998,15556.855,15984.23,16323.312,57.649999999999636,37.600271635329555,-231.52834465245724,-236.4289447423235,0.011209375607412326
2022-06-28,15757.45,15892.1,15710.15,15850.2,-0.0032239340828507,0,0.0011464087089165798,15670.289999999999,15568.664999999999,15947.5125,16296.842999999999,118.10000000000036,39.06617980684053,-204.38844084476113,-230.02084396281103,0.011225929865911139
2022-06-29,15701.7,15861.6,15687.8,15799.1,-0.0011931059364141,0,-0.00322393408285071,15747.45,15579.36,15911.329999999998,16273.652,106.95000000000073,34.866720156904734,-184.87212372084286,-220.99109991441742,0.011222900236263336
2022-06-30,15774.5,15890.0,15728.85,15780.25,-0.0017870439314966,0,-0.001193105936414085,15792.170000000002,15621.325,15868.9425,16246.526000000002,419.64999999999964,39.38669150784262,-168.97846074659356,-210.58857208085266,0.011045787520290605
2022-07-01,15703.7,15793.95,15511.05,15752.05,0.0052882005834161,1,-0.0017870439314966458,15802.730000000001,15667.179999999998,15827.330000000002,16213.715,458.5499999999993,49.29573026626752,-156.850052880769,-199.84086824083596,0.011047094538428144
2022-07-04,15710.5,15852.35,15661.8,15835.35,-0.0015471713602793,0,0.00528820058341628,15803.39,15715.7,15790.62,16186.982999999998,485.2000000000007,53.17155582859775,-138.91525979067046,-187.65574655080286,0.011180430596907556
2022-07-05,15909.15,16025.75,15785.45,15810.85,0.0113181770746037,1,-0.0015471713602793757,15795.52,15732.905000000002,15760.344999999998,16164.121000000001,172.0500000000011,53.6810767226943,-125.23511979368959,-175.1716211993802,0.01105706676169179
2022-07-06,15818.2,16011.35,15800.9,15989.8,0.0089494552777395,1,0.011318177074603808,15833.66,15790.554999999998,15742.022500000001,16139.900999999998,576.5,71.55237377543324,-98.81466686393287,-159.90023033229073,0.011426852702333823
2022-07-07,16113.75,16150.5,16045.95,16132.9,0.0054360964240775,1,0.008949455277739604,15904.189999999999,15848.179999999998,15724.7625,16121.791,576.25,77.3295565540144,-65.57340411994664,-141.03486508982192,0.011490446724934366
2022-07-08,16273.65,16275.5,16157.9,16220.6,-0.0002835900028359,0,0.005436096424077608,15997.9,15900.314999999999,15725.702500000003,16101.302,521.3500000000004,77.7788415509813,-31.786393091240825,-119.1851706901057,0.010946051535728819
2022-07-11,16136.15,16248.55,16115.5,16216.0,-0.0097249629995067,0,-0.0002835900028359539,16074.029999999999,15938.710000000001,15747.782500000001,16083.570999999998,383.9500000000007,72.49941529586025,-5.319801623267267,-96.41209687673802,0.009004755743981479
2022-07-12,16126.2,16158.75,16031.15,16058.3,-0.0057073289202468,0,-0.009724962999506759,16123.519999999999,15959.519999999999,15764.092500000002,16063.355,208.09999999999854,76.54539468268982,2.896699402903323,-76.55033762080976,0.009306292579493301
2022-07-13,16128.2,16140.0,15950.15,15966.65,-0.0017536552752142,0,-0.005707328920246835,16118.89,15976.275,15777.8175,16049.136,167.54999999999927,67.6237964236588,1.9900070512921957,-60.84226868638937,0.009397434696365645
2022-07-14,16018.85,16070.85,15858.2,15938.65,0.0069359701103921,1,-0.0017536552752143164,16080.039999999999,15992.115,15806.720000000001,16034.256,158.39999999999964,61.41522029372491,-0.9766608259087661,-48.86914711429325,0.007882621728108271
2022-07-15,16010.8,16066.95,15927.3,16049.2,0.014287316501757,1,0.006935970110392153,16045.76,16021.829999999998,15844.505000000001,16027.015,297.15000000000146,60.57874993910461,5.528960191393708,-37.98952565315586,0.007816147185004198
2022-07-18,16151.4,16287.95,16142.2,16278.5,0.0038117762693122,1,0.014287316501756964,16058.26,16066.144999999999,15890.9225,16026.548,443.14999999999964,67.30505050505042,28.8546865133103,-24.62068321986263,0.008252077419374011
2022-07-19,16187.05,16359.5,16187.05,16340.55,0.0110339003277123,1,0.0038117762693121726,16114.710000000001,16119.115,15926.01,16028.557999999997,529.6999999999989,71.68488926268564,51.75085743203999,-9.346375089482107,0.007372276661750497
2022-07-20,16562.8,16588.0,16490.95,16520.85,0.005108695981139,1,0.011033900327712232,16225.55,16172.220000000001,15981.3875,16035.633,531.0499999999993,76.26427406199014,83.4826055030444,9.219421029023195,0.006492645646813415
2022-07-21,16523.55,16626.95,16483.9,16605.25,0.0068773430089881,1,0.005108695981139055,16358.87,16219.454999999998,16033.8175,16051.578000000001,472.35000000000036,79.09760589318599,114.12505649311242,30.20054812184104,0.006361737686990646
2022-07-22,16661.25,16752.25,16610.9,16719.45,-0.0052902457915781,0,0.006877343008988124,16492.920000000002,16269.34,16084.8275,16070.323999999999,498.85000000000036,79.52905811623245,145.94207585577897,53.348853668628635,0.0062703062137561775
2022-07-25,16662.55,16706.05,16564.25,16631.0,-0.0088479345800012,0,-0.005290245791578108,16563.420000000002,16310.84,16124.775,16086.098,415.0,76.2708606938082,162.15094201335887,75.10927133757468,0.006412206928221876
2022-07-26,16632.9,16636.1,16463.3,16483.85,0.0095821061220528,1,-0.008847934580001326,16592.079999999998,16353.395,16156.457499999999,16090.589,425.5499999999993,66.15439950299178,161.2638606039036,92.34018919084048,0.006893334319457808
2022-07-27,16475.35,16653.45,16438.75,16641.8,0.0172938023531107,1,0.009582106122052902,16616.269999999997,16420.909999999996,16198.592500000002,16098.618999999999,675.1499999999996,66.47992227979267,171.33108900841762,108.13836915435591,0.006978319118921881
2022-07-28,16774.85,16947.65,16746.25,16929.6,0.0135059304413572,1,0.017293802353110843,16681.140000000003,16520.004999999997,16256.060000000001,16121.023000000001,990.9499999999989,70.32566939969028,200.22443218564695,126.55558176061413,0.007639097672056654
2022-07-29,17079.5,17172.8,17018.15,17158.25,0.0105954861364066,1,0.013505930441357172,16768.9,16630.91,16326.369999999999,16138.865,1109.0499999999993,73.9374539542209,238.8197929975995,149.00842400801122,0.007839617371169031
2022-08-01,17243.2,17356.25,17154.8,17340.05,0.000311417787146,1,0.010595486136406596,16910.71,16737.065,16401.605,16161.372,1061.5499999999993,82.16840255991963,280.83929456824626,175.37459812005824,0.00796318930602
2022-08-02,17310.15,17390.15,17215.85,17345.45,0.002461740687039,1,0.00031141778714594004,17083.03,16837.555,16478.335,16185.778,1004.9000000000015,86.16998950682049,310.9908779119942,202.49785407844544,0.007898516324228501
2022-08-03,17349.25,17407.5,17225.85,17388.15,-0.0003536891503697,0,0.0024617406870390823,17232.3,16924.285,16548.2525,16213.025,867.3000000000029,87.73363877752895,334.476125512796,228.89350836531554,0.007753220654155195
2022-08-04,17463.1,17490.7,17161.25,17382.0,0.0008917270739845,1,-0.00035368915036970705,17322.78,17001.96,16610.7075,16237.261999999999,776.75,86.68997412321738,348.57395624832134,252.82959794191672,0.007734169520443722
2022-08-05,17423.65,17474.4,17348.75,17397.5,0.0073343871245867,1,0.0008917270739845495,17370.629999999997,17069.765,16669.552499999998,16258.163,678.0499999999993,84.91419656786256,356.8833796878571,273.6403542911048,0.007749199434512284
2022-08-08,17401.5,17548.8,17359.75,17525.1,0.0005506387980668,1,0.007334387124586783,17407.640000000003,17159.175,16735.0075,16275.437,894.0999999999985,85.50702916579223,369.5054820443256,292.813379841749,0.007738749058396247
2022-08-10,17566.1,17566.1,17442.8,17534.75,0.0070859293688247,1,0.000550638798066938,17445.5,17264.265,16808.829999999998,16294.440999999999,1050.9000000000015,83.85534927207144,375.95350546270856,309.44140496594093,0.0071000821839529715
2022-08-11,17711.65,17719.3,17631.95,17659.0,0.002216999830115,1,0.007085929368824795,17499.670000000002,17365.985,16893.447500000002,16317.166,1017.2000000000007,84.27386566921435,386.63268614135086,324.87966120102294,0.006703807757946266
2022-08-12,17659.65,17724.65,17597.85,17698.15,0.0071815415735542,1,0.0022169998301151406,17562.9,17442.84,16981.4225,16338.569,768.5500000000029,83.46669402270535,393.71657201616836,338.647043364052,0.006548040178232776
2022-08-16,17797.2,17839.1,17764.05,17825.25,0.0066759231988331,1,0.007181541573554107,17648.45,17509.54,17070.225,16363.388,667.0,89.78578805343624,404.91885784953047,351.9014062611477,0.006551558502504192
2022-08-17,17868.15,17965.95,17833.35,17944.25,0.0006826699360519,1,0.006675923198833145,17732.28,17569.96,17153.5125,16390.881999999998,604.2000000000007,99.58239967406794,418.5739950939096,365.23592402770015,0.0062132508162976285
2022-08-18,17898.65,17968.45,17852.05,17956.5,-0.011029432239022,0,0.0006826699360520383,17816.629999999997,17631.065,17234.31,16421.685,611.0499999999993,99.53654860587781,425.4795984039629,377.2846589029527,0.0062811577158829535
2022-08-19,17966.55,17992.2,17710.75,17758.45,-0.0150773293840397,0,-0.011029432239022086,17836.519999999997,17668.095,17296.19,16449.729,370.2999999999993,83.49565568801778,410.2423406166381,383.87619524568976,0.007013315230391108
2022-08-22,17682.9,17690.05,17467.35,17490.7,0.004962637287244,1,-0.015077329384039717,17795.03,17678.965000000004,17340.4625,16469.981,108.70000000000073,63.0234653504133,372.27021738592157,381.5549996737361,0.00815127861261574
2022-08-23,17357.35,17625.55,17345.2,17577.5,0.0015616555255298,1,0.004962637287243998,17745.48,17696.965000000004,17383.364999999998,16497.495,180.0,60.04994286197995,345.2017992719884,374.2843595933866,0.008109938253315574
2022-08-24,17525.45,17623.65,17499.25,17604.95,-0.0046861820113093,0,0.0015616555255297815,17677.620000000003,17704.95,17432.0625,16534.106,79.85000000000218,60.78195113844107,322.25016913404033,363.8775215015174,0.007904005861913558
2022-08-25,17679.0,17726.5,17487.45,17522.45,0.0020801885581069,1,-0.0046861820113093255,17590.81,17703.72,17483.9925,16569.912999999997,-12.299999999999272,55.40138352638349,294.01455954865014,349.90492911094395,0.00762901406358839
2022-08-26,17619.3,17685.85,17519.35,17558.9,-0.0140099892362277,0,0.002080188558106988,17550.9,17693.71,17529.847499999996,16607.248,-100.09999999999854,56.94542599136244,271.44974224330144,334.2138917374155,0.007475766305811367
2022-08-29,17188.65,17380.15,17166.2,17312.9,0.0257842418081313,1,-0.01400998923622776,17515.34,17655.185,17549.0125,16646.293999999998,-385.25,47.18750000000005,231.05337834602688,313.5817890591378,0.007538927285252347
2022-08-30,17414.95,17777.65,17401.5,17759.3,-0.0121907958083933,0,0.025784241808131325,17551.700000000004,17648.590000000004,17579.065,16695.61,-65.95000000000073,56.42418257625633,232.38097496957198,297.3416262412247,0.008963619391059338
2022-09-01,17485.7,17695.6,17468.45,17542.8,-0.0001909615340765,0,-0.012190795808393329,17539.27,17608.445,17589.202500000003,16739.463,-401.4500000000007,50.19831005345747,213.50224326472016,280.5737496459238,0.009225901724666382
2022-09-02,17598.4,17643.85,17476.45,17539.45,0.0072037606652431,1,-0.00019096153407660577,17542.670000000002,17566.74,17598.9025,16777.476000000002,-417.0499999999993,46.868369351669955,196.01090368667792,263.6611804540746,0.009227474788861057
2022-09-05,17546.45,17683.15,17540.35,17665.8,-0.0005773868152022,0,0.007203760665243086,17564.05,17557.475,17612.784999999996,16822.525999999998,-92.65000000000146,49.189608958140184,190.15232249377732,248.95940886201515,0.009338181553948673
2022-09-06,17695.7,17764.65,17587.65,17655.6,-0.001767144701964,0,-0.0005773868152022521,17632.59,17573.965,17626.465,16864.505,164.89999999999782,45.48575077831878,182.5816127558246,235.68384964077705,0.009339812432384602
2022-09-07,17519.4,17650.75,17484.3,17624.4,0.009892535348721,1,-0.0017671447019640407,17605.609999999997,17578.655000000002,17637.809999999998,16903.008,46.900000000001455,41.07187718073971,172.08055398385477,222.96319050939263,0.009357681550450705
2022-09-08,17748.15,17807.65,17691.95,17798.75,0.0019439567385349,1,0.009892535348720921,17656.8,17598.035,17651.4925,16942.342,193.79999999999927,45.96206517009239,175.80045888918903,213.53064418535192,0.009470096033416291
2022-09-09,17923.35,17925.95,17786.0,17833.35,0.0057756955367331,1,0.0019439567385348688,17715.579999999998,17629.125,17666.4225,16982.005,310.8999999999978,52.09229565897532,179.4716042265427,206.7188361935901,0.009473154178051084
2022-09-12,17890.85,17980.55,17889.15,17936.35,0.0074541364324403,1,0.005775695536733183,17769.690000000002,17666.870000000003,17680.29,17024.75,377.4499999999971,63.71104205765623,188.51912146547693,203.07889324796747,0.009432473314861736
2022-09-13,18044.45,18088.3,18015.45,18070.05,-0.0036690545958643,0,0.007454136432440306,17852.579999999998,17742.585,17698.885,17070.546,757.1499999999978,64.72892557040764,204.12479313169752,203.2880732247135,0.009545269472456997
2022-09-14,17771.15,18091.55,17771.15,18003.75,-0.007017982364785,0,-0.0036690545958644183,17928.45,17767.03,17707.809999999998,17115.58,244.45000000000073,61.654684668887754,208.73636160943352,204.3777309016575,0.00948862145764686
2022-09-15,18046.35,18096.15,17861.5,17877.4,-0.0193848098716817,0,-0.007017982364785014,17944.18,17800.489999999998,17704.4675,17156.421000000002,334.6000000000022,60.11397634990748,199.89144960071644,203.48047464146927,0.009516656828965206
2022-09-16,17796.8,17820.05,17497.25,17530.85,0.0052136661941663,1,-0.019384809871681674,17883.68,17799.629999999997,17683.184999999998,17190.821,-8.600000000002183,49.3207739060948,163.03869575227873,195.3921188636312,0.01043821182094462
2022-09-19,17540.65,17667.2,17429.7,17622.25,0.0110088098852303,1,0.005213666194166411,17820.859999999997,17795.275,17676.375,17223.47,-43.54999999999927,58.097107708415116,139.59863281402068,184.2334216537091,0.0102592100381068
2022-09-20,17770.4,17919.3,17744.4,17816.25,-0.0054949835122431,0,0.011008809885230342,17770.1,17811.34,17692.6525,17257.137,160.65000000000146,51.71758603009925,135.11882700411297,174.41050272378988,0.009939542640218936
2022-09-21,17766.35,17838.7,17663.6,17718.35,-0.0049976436857833,0,-0.00549498351224309,17713.02,17820.735,17699.695,17287.092,93.94999999999709,55.702452493097276,122.25950533533614,163.98030324609914,0.009993336724215514
2022-09-22,17609.65,17722.75,17532.45,17629.8,-0.0171556115214013,0,-0.004997643685783371,17663.5,17803.84,17700.9375,17315.368000000002,-168.95000000000073,52.78094124165098,103.7274498360348,151.9297325640863,0.010062207262417133
2022-09-23,17593.85,17642.15,17291.65,17327.35,-0.0179513889890836,0,-0.017155611521401326,17622.8,17753.239999999998,17691.1825,17340.749,-506.0,40.60148288023102,63.89888840682397,134.32356373263383,0.010739126647736828
2022-09-26,17156.3,17196.4,16978.3,17016.3,-0.000523027920288,0,-0.01795138898908366,17501.61,17661.234999999997,17664.0525,17361.742,-920.0499999999993,34.788712287046735,7.152877162781806,108.88942641866343,0.011399167381674978
2022-09-27,17110.9,17176.45,16942.35,17007.4,-0.0087491327304586,0,-0.0005230279202880217,17339.84,17554.969999999998,17648.7775,17383.117000000002,-1062.6499999999978,35.16184887691789,-38.09773423540537,79.49199428784968,0.01101294853244188
2022-09-28,16870.55,17037.6,16820.4,16858.6,-0.00240233471344,0,-0.00874913273045863,17167.89,17440.454999999998,17603.7425,17399.305,-1145.1500000000015,27.109152443329847,-84.98641570993641,46.59631228829247,0.00917384974189557
2022-09-29,16993.6,17026.05,16788.6,16818.1,0.0164257555847569,1,-0.0024023347134399797,17005.549999999996,17334.525,17567.5075,17410.096999999998,-1059.300000000003,25.351428779528575,-123.98482523317216,12.480084783999544,0.008889646954879012
2022-09-30,16798.05,17187.1,16747.7,17094.35,-0.0121092641720802,0,0.016425755584756896,16958.95,17290.875,17545.2525,17425.173,-436.5,31.14390648094239,-131.08916517037142,-16.23376520687465,0.009803942870613792
2022-10-03,17102.1,17114.65,16855.55,16887.35,0.0229136010090393,1,-0.012109264172080247,16933.159999999996,17217.385,17506.33,17432.502999999997,-734.9000000000015,24.356027753686064,-151.6741703613916,-43.32184623777804,0.009879475008839695
2022-10-04,17147.45,17287.3,17117.3,17274.3,0.0033286442865991,1,0.022913601009039386,16986.54,17163.19,17487.265,17445.884,-541.9500000000007,36.11444235052254,-135.20573658955618,-61.698624308133674,0.011367417485751076
2022-10-06,17379.25,17428.8,17315.65,17331.8,-0.0009895106105538,0,0.0033286442865991805,17081.18,17124.534999999996,17472.635000000002,17458.131,-386.5499999999993,39.33458440847601,-116.17541683567106,-72.59398281364115,0.01140705812372973
2022-10-07,17287.2,17337.35,17216.95,17314.65,-0.0042536233767359,0,-0.0009895106105538565,17180.489999999998,17093.019999999997,17448.43,17471.804,-315.1499999999978,45.14898581942207,-101.30977695059482,-78.33714164103189,0.011127559407657533
2022-10-10,17094.35,17280.15,17064.7,17241.0,-0.0149324285134273,0,-0.00425362337673596,17209.82,17084.385,17418.8125,17486.947,-86.34999999999854,41.376970574265485,-94.38359439732449,-81.54643219229041,0.011118200630386236
2022-10-11,17256.05,17261.8,16950.3,16983.55,0.0082462147195373,1,-0.014932428513427354,17229.06,17081.11,17371.1725,17493.782,-32.75,31.691658238423997,-108.41882351487948,-86.92091045680823,0.011354080447124288
2022-10-12,17025.55,17142.35,16960.05,17123.6,-0.0063800836272746,0,0.008246214719537459,17198.920000000002,17092.73,17323.85,17497.662,116.19999999999709,37.16135995682677,-107.00746372362119,-90.93822111017083,0.011392548196801895
2022-10-13,17087.35,17112.35,16956.95,17014.35,0.0100709107312358,1,-0.006380083627274602,17135.43,17108.305,17274.38,17494.784,155.75,36.83219581077899,-113.39733894444362,-95.43004467702539,0.01142171904109374
2022-10-14,17322.3,17348.55,17169.75,17185.7,0.0073374957086414,1,0.010070910731235783,17109.64,17145.065,17239.795,17491.697,367.6000000000022,46.78921957522049,-103.44242820355794,-97.03252138233191,0.011721700001436108
2022-10-17,17144.8,17328.55,17098.55,17311.8,0.0101173765870678,1,0.007337495708641395,17123.8,17166.809999999998,17228.842500000002,17491.023999999998,217.45000000000073,57.31109901529022,-84.40490636150935,-94.5069983781674,0.011132659538965764
2022-10-18,17438.75,17527.8,17434.05,17486.95,0.001446793180057,1,0.010117376587067906,17224.48,17226.77,17222.0775,17493.0,599.6000000000022,60.962896920650124,-54.555509974019515,-86.51670069733782,0.011319173279071691
2022-10-19,17568.15,17607.6,17472.85,17512.25,0.0029522191608731,1,0.0014467931800570266,17302.21,17250.565,17206.8775,17495.605,237.95000000000073,65.83723015046158,-28.529281921440997,-74.91921694215846,0.011013082493348718
2022-10-20,17423.1,17584.15,17421.0,17563.95,0.0007031447937393,1,0.002952219160873071,17412.129999999997,17273.78,17199.157499999998,17498.933999999997,232.15000000000146,67.9735884521773,-3.6890259609099303,-60.67317874590876,0.01098559913899529
2022-10-21,17622.85,17670.15,17520.75,17576.3,0.0087874012164107,1,0.0007031447937393409,17490.25,17299.945,17196.4825,17499.958,261.6499999999978,63.30655180982359,16.799938406580623,-45.17855531541088,0.010933321527736063
2022-10-24,17736.35,17777.55,17707.4,17730.75,-0.0041960999957701,0,0.008787401216410862,17574.04,17348.920000000002,17216.6525,17503.878,489.75,73.98202911737945,44.981891248269676,-27.14646600267477,0.010324739043956154
2022-10-25,17808.3,17811.5,17637.0,17656.35,0.0045649298977422,1,-0.004196099995770197,17607.920000000002,17416.2,17248.655,17503.825,672.7999999999993,63.21195144724552,60.614111950468214,-9.594350412046174,0.009398300427767787
2022-10-27,17771.4,17783.9,17654.5,17736.95,0.002810517028012,1,0.004564929897742376,17652.86,17477.535,17285.1325,17504.601,613.3500000000022,63.7904625753089,78.60044883167575,8.04460943669821,0.009398415809455985
2022-10-28,17756.4,17838.9,17723.7,17786.8,0.0126723187982099,1,0.0028105170280121605,17697.43,17554.780000000002,17331.5425,17503.832,772.4500000000007,65.72104018912518,95.77321477755686,25.590330504869943,0.009041932960172217
2022-10-31,17910.2,18022.8,17899.9,18012.2,0.007394987841574,1,0.01267231879821007,17784.61,17637.43,17391.2475,17505.191,826.5,73.32164025644123,126.1168551650444,45.69563543690484,0.009218858702477569
2022-11-01,18130.7,18175.8,18060.15,18145.4,-0.0034471546507656,0,0.007394987841573997,17867.54,17720.79,17443.8,17508.968999999997,833.6000000000022,87.99005983716438,159.07877449808802,68.37226324914148,0.008760981041149253
2022-11-02,18177.9,18178.75,18048.65,18082.85,-0.0016673256704555,0,-0.003447154650765616,17952.84,17780.379999999997,17503.575,17515.457,595.8999999999978,83.03998897805926,178.1010329556193,90.31801719043705,0.0081674731496687
2022-11-03,17968.35,18106.3,17959.2,18052.7,0.0035701030870728,1,-0.0016673256704555772,18015.989999999998,17834.425,17542.495,17526.697,540.4500000000007,87.82558012458553,188.56974219778203,109.96836219190604,0.006824691406115845
2022-11-04,18053.4,18135.1,18017.15,18117.15,0.0047275647659812,1,0.003570103087072951,18082.06,17889.745,17581.7625,17537.49,553.2000000000007,86.79729783115383,199.76408998354964,127.92750775023478,0.006826953502100823
2022-11-07,18211.75,18255.5,18064.75,18202.8,-0.0025160964247258,0,0.00472756476598124,18120.18,17952.395,17626.17,17549.447,626.5,86.36141038197832,213.09055517201705,144.96011723459122,0.006804247513378088
2022-11-09,18288.25,18296.4,18117.5,18157.0,-0.0070936828771272,0,-0.0025160964247258333,18122.5,17995.02,17671.969999999998,17562.138,426.25,80.57215859834822,217.44957427783083,159.45800864323917,0.0067237422194628025
2022-11-10,18044.35,18103.1,17969.4,18028.2,0.0178331724742348,1,-0.007093682877127194,18111.57,18032.204999999998,17724.2025,17571.524,371.8500000000022,71.50956768249468,208.11205848577083,169.18881861174552,0.005814087371940878
2022-11-11,18272.35,18362.3,18259.35,18349.7,-0.0011199093173184,0,0.017833172474234882,18170.97,18093.480000000003,17785.5075,17592.26,612.75,76.74165333696354,224.07141724144094,180.1653383376846,0.0066097059244414275
2022-11-14,18376.4,18399.45,18311.4,18329.15,0.0040509243472828,1,-0.0011199093173185348,18213.370000000003,18147.715,17851.247499999998,17603.657,542.3500000000022,75.4797441364606,232.38235168259052,190.60874100666578,0.006293622219939304
2022-11-15,18362.75,18427.95,18282.0,18403.4,0.0003396111588076,1,0.004050924347282825,18253.49,18186.835,17912.1325,17620.869000000002,391.2000000000007,74.072218444691,242.16861255035474,200.92071531540358,0.006116748623289335
2022-11-16,18398.25,18442.15,18344.15,18409.65,-0.003571496470601,0,0.00033961115880765114,18304.02,18213.260000000002,17967.025,17638.272999999997,264.25,78.34085778781049,247.57473018122255,210.25151828856738,0.006082507828505197
2022-11-17,18358.7,18417.6,18312.95,18343.9,-0.0019761337556353,0,-0.0035714964706010655,18367.16,18239.365,18009.8725,17651.835,261.0500000000029,73.092873720656,243.74391373610342,216.9499973780746,0.00602076417430184
2022-11-18,18382.95,18394.6,18209.8,18307.65,-0.0080676657025888,0,-0.001976133755635434,18358.75,18264.86,18049.6425,17664.876,254.95000000000073,70.0242205220869,235.07311551002567,220.57462100446486,0.006097805273100296
2022-11-21,18246.4,18262.3,18133.35,18159.95,0.0046393299541022,1,-0.008067665702588878,18324.910000000003,18269.140000000003,18079.4425,17675.587,42.79999999999927,56.04121519401399,213.81852299090679,219.22340140175325,0.00651383592026988
2022-11-22,18179.15,18261.85,18137.7,18244.2,0.001263415222372,1,0.0046393299541023225,18293.07,18273.280000000002,18112.8375,17684.496,41.400000000001455,54.20819490586929,201.45018386064476,215.66875789353156,0.006541854903269901
2022-11-23,18325.2,18325.4,18246.0,18267.25,0.0118709712737274,1,0.0012634152223720552,18264.590000000004,18284.305,18139.662500000002,17693.174000000003,110.25,58.127644569816745,191.30290751801294,210.79558781842786,0.006337277803406496
2022-11-24,18326.1,18529.7,18294.25,18484.1,0.0015499807943043,1,0.011870971273727493,18292.629999999997,18329.895,18181.05,17704.129,455.8999999999978,66.32730300507151,198.47124761973464,208.33071977868923,0.006589166337395426
2022-11-25,18528.45,18534.9,18445.1,18512.75,0.0027008413120687,1,0.001549980794304462,18333.65,18346.2,18219.84,17712.983,163.04999999999927,65.38940325215903,204.1111579829667,207.48680741954473,0.006569415592555126
2022-11-28,18430.55,18614.25,18365.6,18562.75,0.0029790844567749,1,0.0027008413120686026,18414.21,18369.56,18258.6375,17724.163,233.59999999999854,64.4020325691194,210.19244207971133,208.02793435157804,0.006568892538652965
2022-11-29,18552.45,18678.1,18552.15,18618.05,0.0075356978845797,1,0.002979084456774972,18488.98,18391.025,18288.93,17738.976000000002,214.64999999999782,68.30798554580471,216.9730214480478,209.816951770872,0.0060926008727497085
2022-11-30,18625.7,18816.05,18616.55,18758.35,0.0028867144498317,1,0.007535697884579751,18587.2,18425.894999999997,18319.577500000003,17763.526,348.6999999999971,78.73135796639511,231.00483694804643,214.0545288063069,0.006099633322958572
2022-12-01,18871.95,18887.6,18778.2,18812.5,-0.0061873754152824,0,0.0028867144498316843,18652.879999999997,18472.754999999997,18356.06,17787.331000000002,468.59999999999854,73.063889165753,243.68554895576017,219.98073283619755,0.00598272414906565
2022-12-02,18752.4,18781.95,18639.2,18696.1,0.0002647610999085,1,-0.00618737541528247,18689.549999999996,18511.6,18388.230000000003,17804.928,388.4499999999971,66.69244416139729,241.5580663526198,224.29619953948202,0.006209499251264158
2022-12-05,18719.55,18728.6,18591.35,18701.05,-0.0031174720136034,0,0.00026476109990847263,18717.21,18565.71,18417.425,17824.582000000002,541.0999999999985,64.45113366024165,237.53330857121546,226.94362134582872,0.006203071487745074
2022-12-06,18600.65,18654.9,18577.9,18642.75,-0.0044119027503989,0,-0.0031174720136034617,18722.15,18605.565,18439.4225,17844.841,398.5499999999993,60.77271466863842,227.02236377300505,226.959369831264,0.0062431669585930934
2022-12-07,18638.85,18668.3,18528.4,18560.5,0.0026319334069663,1,-0.004411902750398933,18682.579999999998,18634.89,18459.5975,17869.504,293.25,59.85979606700648,209.63889005619785,223.4952738762508,0.006316728385035952
2022-12-08,18570.85,18625.0,18536.95,18609.35,-0.0060587822788007,0,0.0026319334069664357,18641.95,18647.415,18488.655,17901.365,125.25,63.57785778577844,197.52717828312962,218.30165475762658,0.006018578025552557
2022-12-09,18662.4,18664.7,18410.1,18496.6,2.9735194576457857e-05,1,-0.006058782278800745,18602.05,18645.8,18496.0,17931.148999999998,-16.150000000001455,65.64286046187436,176.79262144345194,209.99984809479167,0.004893969795406814
2022-12-12,18402.15,18521.55,18345.7,18497.15,0.0059928151093546,1,2.9735194576385737e-05,18561.27,18639.239999999998,18504.4,17963.92,-65.59999999999854,62.74499924421828,158.57674219363616,199.7152269145606,0.004881789312256248
2022-12-13,18524.4,18617.25,18490.2,18608.0,0.002810619088564,1,0.005992815109354677,18554.32,18638.235,18514.629999999997,17999.718,-10.049999999999272,65.77327223070867,151.34063460824473,190.04030845329743,0.004975226411684442
2022-12-14,18671.25,18696.1,18632.9,18660.3,-0.013150913972444,0,0.002810619088563948,18574.28,18628.43,18527.1625,18031.037,-98.04999999999927,59.62210572302317,148.1187197238687,181.6559907074117,0.0049999624056968756
2022-12-15,18614.4,18652.9,18387.7,18414.9,-0.0079229319735649,0,-0.013150913972444056,18535.39,18588.670000000002,18530.7125,18061.588,-397.59999999999854,45.67933942685571,124.33039644153541,170.19087185423643,0.005820931750645965
2022-12-16,18319.1,18440.95,18255.15,18269.0,0.0082899994526247,1,-0.007922931973564973,18489.870000000003,18545.96,18528.78,18081.482,-427.09999999999854,38.04192957459801,92.6372041668692,154.680138316763,0.006084364482864308
2022-12-19,18288.1,18431.65,18244.55,18420.45,-0.0019082052827157,0,0.008289999452624652,18474.530000000002,18517.9,18541.805,18103.255,-280.59999999999854,42.54001812141353,78.83214236572894,139.51053912655618,0.006054617004732809
2022-12-20,18340.3,18404.9,18202.65,18385.3,-0.0101276563341365,0,-0.0019082052827157359,18429.989999999998,18492.155000000002,18548.859999999997,18124.668,-257.4500000000007,34.70166085708435,64.31385015838896,124.47120133292275,0.00600894434899542
2022-12-21,18435.15,18473.35,18162.75,18199.1,-0.00394250265123,0,-0.010127656334136592,18337.75,18456.015,18545.4525,18143.83,-361.40000000000146,27.303337526826013,37.3526371736225,107.0474885010627,0.006446928551894393
2022-12-22,18288.8,18318.75,18068.6,18127.35,-0.0176832245198553,0,-0.003942502651229973,18280.239999999998,18407.815,18527.614999999998,18166.706000000002,-482.0,28.23632954501973,10.079861904378049,87.65396318172577,0.0058333430779547975
2022-12-23,17977.65,18050.45,17779.5,17806.8,0.0116696992160297,1,-0.017683224519855267,18187.8,18338.835,18492.317499999997,18180.37,-689.7999999999993,22.43797195253505,-36.97350745932272,62.72846905351607,0.006888150904613381
2022-12-26,17830.4,18084.1,17774.25,18014.6,0.0065335894219133,1,0.011669699216029894,18106.629999999997,18290.579999999998,18464.91,18200.375,-482.5500000000029,32.27317623818254,-56.84069419773368,38.81463640326612,0.007471987999766801
2022-12-27,18089.8,18149.25,17967.45,18132.3,-0.000540471975425,0,0.006533589421913399,18056.03,18243.010000000002,18440.6225,18219.307,-475.7000000000007,38.15294378043381,-62.36922290505754,18.57786454160139,0.007624130427749126
2022-12-28,18084.75,18173.1,18068.35,18122.5,0.0037798317009242,1,-0.0005404719754250609,18040.71,18189.230000000003,18408.829999999998,18235.521,-537.7999999999993,36.232785679948016,-66.77169727228102,1.5079521788249082,0.007340495944344283
2022-12-29,18045.7,18229.7,17992.8,18191.0,-0.0047111208839536,0,0.00377983170092433,18053.44,18166.84,18377.754999999997,18249.602,-223.90000000000146,41.13637682000121,-63.995610838937864,-11.592760424727647,0.007372495965033358
2022-12-30,18259.1,18265.25,18080.3,18105.3,0.0050896698756718,1,-0.004711120883953646,18113.139999999996,18150.469999999998,18348.215,18261.463,-163.70000000000073,39.169729968768074,-67.92778687162718,-22.859765714107553,0.0073319815323755365
2023-01-02,18131.7,18215.15,18086.5,18197.45,0.0019288416783669,1,0.005089669875671943,18149.71,18128.170000000002,18323.035,18274.133,-223.0,38.53436478900777,-62.88344858531491,-30.864502288349026,0.007473831763456225
2023-01-03,18163.2,18251.95,18149.8,18232.55,-0.0103989842342403,0,0.0019288416783669327,18169.76,18112.894999999997,18302.525,18287.257999999998,-152.75,37.9381327016891,-55.414711197627184,-35.774544070204655,0.007495722009326815
2023-01-04,18230.65,18243.0,18020.6,18042.95,-0.0028155041165662,0,-0.01039898423424035,18153.85,18097.280000000002,18276.6475,18293.502,-156.14999999999782,39.17081550062596,-64.05641596570786,-41.430918449305295,0.007750790444338424
2023-01-05,18101.95,18120.3,17892.6,17992.15,-0.007375438733003,0,-0.002815504116566281,18114.079999999998,18083.760000000002,18245.7875,18300.218,-135.1999999999971,41.467098166127336,-74.149416385535,-47.97461803655124,0.007697756546871724
2023-01-06,18008.05,18047.4,17795.55,17859.45,0.0135362511163557,1,-0.007375438733003059,18064.910000000003,18089.025,18213.93,18302.668,52.650000000001455,32.50701590271281,-91.79778518869716,-56.73925146698042,0.007742882739284901
2023-01-09,17952.55,18141.4,17936.15,18101.2,-0.0103335690451461,0,0.013536251116355702,18045.66,18097.685,18194.1325,18308.956000000002,86.60000000000218,42.15236727252641,-85.29382587278451,-62.450166348141245,0.008459604312103373
2023-01-10,18121.3,18127.6,17856.0,17914.15,-0.0010299121085845,0,-0.010333569045146151,17981.98,18075.87,18159.440000000002,18306.995,-218.14999999999782,42.132582346282405,-94.14748936176693,-68.78963095086638,0.008531914757835567
2023-01-11,17924.25,17976.35,17824.35,17895.7,-0.0020954754494096,0,-0.0010299121085846075,17952.53,18053.19,18121.21,18302.001,-226.79999999999927,43.41023525730383,-101.483009310552,-75.32830662280351,0.008464125652509435
2023-01-12,17920.85,17945.8,17761.65,17858.2,0.0055100738036307,1,-0.0020954754494096894,17925.74,18019.91,18093.375,18297.508,-332.7999999999993,51.7428455174285,-109.06516301047304,-82.07567790033741,0.008052368438112491
2023-01-13,17867.5,17999.35,17774.25,17956.6,-0.0034388469977612,0,0.005510073803630666,17945.17,18005.04,18077.755,18295.586,-148.70000000000073,47.87576911807793,-105.91311633080477,-86.84316558643089,0.00804890849608764
2023-01-16,18033.15,18049.65,17853.65,17894.85,0.0088545028318203,1,-0.0034388469977613134,17903.9,17974.78,18051.475,18291.14,-302.6000000000022,40.931831201069265,-107.16250293413395,-90.9070330559715,0.0077718749181429165
2023-01-17,17922.8,18072.05,17886.95,18053.3,0.0062066215041017,1,0.008854502831820321,17931.73,17956.855,18034.875,18288.15,-179.25,47.62672336922969,-94.28025593749408,-91.58167763227603,0.008101732733010047
2023-01-18,18074.3,18183.75,18032.45,18165.35,-0.0031653670311884,0,0.006206621504101673,17985.659999999996,17969.094999999998,18033.1875,18288.317,122.39999999999782,49.14582570182152,-74.1744469693258,-88.10023149968598,0.007942119852070424
2023-01-19,18119.8,18155.2,18063.75,18107.85,-0.0044290183539181,0,-0.0031653670311885262,18035.589999999997,17980.665,18032.2125,18289.91,115.69999999999709,50.08654335652467,-62.16363427951728,-82.91291205565224,0.007924019837496507
2023-01-20,18115.6,18145.45,18016.2,18027.65,0.0050422545367808,1,-0.004429018353918179,18049.8,17997.485,18043.255,18283.468999999997,168.20000000000073,44.19010470129336,-58.442756710242975,-78.0188809865704,0.0068509793721903516
2023-01-23,18118.45,18162.6,18063.45,18118.55,-1.379801363795668e-05,0,0.005042254536780977,18094.54,17999.22,18048.4525,18279.256999999998,17.349999999998545,46.2428317184101,-47.61024286866814,-71.93715336298995,0.006437127325714983
2023-01-24,18183.95,18201.25,18078.65,18118.3,-0.0124928939249266,0,-1.3798013637988937e-05,18107.539999999997,18019.635000000002,18047.7525,18273.555,204.14999999999782,52.837507060817124,-38.600606749278086,-65.26984404024758,0.0062680888879373675
2023-01-25,18093.35,18100.6,17846.15,17891.95,-0.0160742680367429,0,-0.012492893924926696,18052.86,18019.260000000002,18036.225,18263.201,-3.75,46.66733186988621,-49.15829233380646,-62.047533698959356,0.006861983929988493
2023-01-27,17877.2,17884.75,17493.55,17604.35,0.0025334647402489,1,-0.016074268036742945,17952.16,17993.874999999996,18006.892499999998,18248.41,-253.85000000000218,42.307924255216406,-79.81222500164222,-65.60047195949593,0.007589854022775695
2023-01-30,17541.95,17709.15,17405.55,17648.95,0.000747919847923,1,0.0025334647402490695,17876.420000000002,17963.11,17984.075,18235.236,-307.6499999999978,34.52311693644977,-99.36146313169229,-72.35267019393521,0.007606933400163261
2023-01-31,17731.45,17735.7,17537.55,17662.15,-0.0025959466995808,0,0.0007479198479229954,17785.14,17939.84,17957.31,18225.28,-232.6999999999971,40.211311373523905,-112.49250197282163,-80.3806365497125,0.0074773967119400155
2023-02-01,17811.6,17972.2,17353.4,17616.3,-0.0003349170938277,0,-0.0025959466995808533,17684.739999999998,17896.14,17926.4975,18212.721999999998,-437.0,39.37319336680352,-125.15593693983101,-89.33569662773621,0.007437647973870095
2023-02-02,17517.1,17653.9,17445.95,17610.4,0.0138355744332892,1,-0.0003349170938277135,17628.43,17840.645,17904.87,18199.585,-554.9499999999971,40.342946219797355,-134.12180835911568,-98.29291897401211,0.007152501309010008
2023-02-03,17721.75,17870.3,17584.2,17854.05,-0.0050100677437332,0,0.0138355744332892,17678.370000000003,17815.265,17897.965000000004,18186.984,-253.79999999999927,46.40994223700334,-120.18143060090006,-102.67062129938971,0.007884727950237893
2023-02-06,17818.55,17823.7,17698.35,17764.6,-0.0024261734010334,0,-0.005010067743733249,17701.5,17788.96,17893.2225,18172.021,-263.0500000000029,45.526975514269026,-115.02550579773015,-105.1415981990578,0.007791074967486124
2023-02-07,17790.1,17811.15,17652.55,17721.5,0.0084755805095505,1,-0.00242617340103346,17713.370000000003,17749.254999999997,17874.2375,18155.196,-397.0499999999993,37.62494405490077,-113.1133082362976,-106.73594020650576,0.007092080006117038
2023-02-08,17750.3,17898.7,17744.15,17871.7,0.0012170078951638,1,0.008475580509550662,17764.45,17724.595,17872.114999999998,18140.269,-246.59999999999854,39.350861287398054,-98.34434082222651,-105.05762032964991,0.007041125208326357
2023-02-09,17885.5,17916.9,17779.8,17893.45,-0.0020650014390741,0,0.0012170078951638796,17821.06,17724.745,17872.0025,18122.970999999998,1.5,42.017870439315026,-83.91743654257516,-100.82958357223497,0.00704334873633319
2023-02-10,17847.55,17876.95,17801.0,17856.5,-0.0047937725758126,0,-0.0020650014390740656,17821.55,17749.96,17871.917500000003,18103.851,252.15000000000146,43.41604154645119,-74.60556069335871,-95.58477899645972,0.007042870897386982
2023-02-13,17859.1,17880.7,17719.75,17770.9,0.0089443978639234,1,-0.004793772575812594,17822.809999999998,17762.155,17862.6325,18085.346999999998,121.95000000000073,36.57151686044275,-73.28821567538398,-91.12546633224457,0.006996757166326502
2023-02-14,17840.35,17954.55,17800.05,17929.85,0.0047964706899388,1,0.008944397863923426,17864.48,17788.925,17864.3825,18069.923,267.6999999999971,43.51581048067987,-58.74114233451837,-84.64860153269933,0.007265419101186245
2023-02-15,17896.6,18034.1,17853.8,18015.85,0.0011101335768226,1,0.004796470689938825,17893.309999999998,17828.879999999997,17862.510000000002,18057.385,399.5499999999993,54.718921389396634,-39.81404906364696,-75.68169103888886,0.007062567008540918
2023-02-16,18094.75,18134.75,18000.65,18035.85,-0.0050815459210404,0,0.0011101335768226583,17921.79,17871.425,17856.034999999996,18046.892,425.4499999999971,70.6419823957138,-22.935966882039793,-65.13254620751904,0.0069141819015896035
2023-02-17,17974.85,18034.25,17884.6,17944.2,-0.0055505400073562,0,-0.005081545921040487,17939.329999999998,17880.44,17847.8525,18033.589,90.15000000000146,63.51567864499894,-16.76213079238005,-55.458463124491246,0.006968529831673956
2023-02-20,17965.55,18004.35,17818.4,17844.6,-0.0010031045806573,0,-0.0055505400073562194,17954.07,17888.44,17838.7,18020.549,80.0,57.73978704449998,-19.67935743675116,-48.302641986943236,0.007006804987757891
2023-02-21,17905.8,17924.9,17800.3,17826.7,-0.0152804501113499,0,-0.0010031045806573324,17933.44,17898.96,17824.1075,18007.14,105.20000000000073,59.14226123229353,-23.16858791383129,-43.27583117232085,0.006885070582498096
2023-02-22,17755.35,17772.5,17529.45,17554.3,-0.0024523905823643,0,-0.01528045011134993,17841.13,17867.219999999998,17795.9075,17986.066,-317.40000000000146,48.020745131244624,-47.36820053360498,-44.09430504457768,0.007603410374741886
2023-02-23,17574.65,17620.05,17455.4,17511.25,-0.0025954743379256,0,-0.00245239058236435,17736.21,17829.0,17776.8725,17963.085,-382.2000000000007,35.91155679763271,-69.22239047179391,-49.11992213002093,0.007161667918340398
2023-02-24,17591.35,17599.75,17421.8,17465.8,-0.0041853221724741,0,-0.0025954743379256184,17640.53,17789.93,17769.945,17944.103,-390.7000000000007,37.25908238103358,-89.18140093080729,-57.13221789017821,0.006249574762251134
2023-02-27,17428.6,17451.6,17299.0,17392.7,-0.0051027155070805,0,-0.004185322172474137,17550.15,17752.109999999997,17757.1325,17926.577,-378.2000000000007,36.32961915848991,-109.63382905760591,-67.63254012366376,0.006265483637083005
2023-02-28,17383.25,17440.45,17255.2,17303.95,0.0084922806642414,1,-0.005102715507080524,17445.6,17689.52,17739.222499999996,17904.247,-625.8999999999978,25.123778644349883,-131.48819492267285,-80.40367108346558,0.006329964162437651
2023-03-01,17360.1,17467.75,17345.25,17450.9,-0.0073921688852723,0,0.008492280664241347,17424.920000000002,17633.025,17730.9525,17885.558999999997,-564.9499999999971,32.52655269080424,-135.38961325088894,-91.40085951695025,0.006660244726485537
2023-03-02,17421.5,17445.8,17306.0,17321.9,0.0157286440863875,1,-0.007392168885272388,17387.05,17561.629999999997,17716.527500000004,17868.015,-713.9499999999971,30.322438162544145,-147.19397674734137,-102.55948296302849,0.006838365004727115
2023-03-03,17451.25,17644.75,17427.7,17594.35,0.0066555456723324,1,0.015728644086387522,17412.760000000002,17526.645,17703.5425,17857.355,-349.8500000000022,44.287332146901676,-133.0310823158179,-108.65380283358638,0.007061128098361088
2023-03-06,17680.35,17799.95,17671.95,17711.45,0.0024249849673516,1,0.006655545672332508,17476.510000000002,17513.33,17700.885000000002,17855.448,-133.14999999999782,42.736464014899624,-111.0774632333887,-109.13853491354686,0.007168121462535159
2023-03-08,17665.75,17766.5,17602.25,17754.4,-0.009282206101023,0,0.002424984967351662,17566.6,17506.1,17702.53,17850.244000000002,-72.29999999999927,41.04837881329828,-89.18528345959567,-105.14788462275662,0.007168248150761247
2023-03-09,17772.05,17772.35,17573.6,17589.6,-0.0100457088279436,0,-0.009282206101023038,17594.340000000004,17509.63,17688.425,17839.39,35.29999999999927,36.09942995981686,-84.16337299911174,-100.95098229802765,0.007178215043647581
2023-03-10,17443.8,17451.5,17324.35,17412.9,-0.014851058697862,0,-0.010045708827943645,17612.54,17499.795000000002,17664.3975,17825.198,-98.34999999999854,34.282925097621614,-93.3654275044355,-99.43387133930922,0.007450678662167862
2023-03-13,17421.9,17529.9,17113.45,17154.3,-0.0064706808205522,0,-0.014851058697862074,17524.530000000002,17468.645,17629.2875,17804.464,-311.5,31.335171966255714,-120.14008072080833,-103.57511321560905,0.008041813808082462
2023-03-14,17160.55,17224.65,16987.1,17043.3,-0.0041746610104849,0,-0.006470680820552244,17390.9,17433.705,17592.9075,17783.224,-349.40000000000146,29.833187458168155,-148.6029562524891,-112.58068182298507,0.008081413763869064
2023-03-15,17166.45,17211.35,16938.9,16972.15,0.0007924747306615,1,-0.004174661010484915,17234.45,17400.525,17545.0225,17758.718,-331.7999999999993,33.28164038942023,-174.88523245249235,-125.04159194888655,0.007663044521314679
2023-03-16,16994.65,17062.45,16850.15,16985.6,0.0067380604747551,1,0.0007924747306615743,17113.65,17353.995000000003,17493.510000000002,17733.779000000002,-465.3000000000029,34.6431388588623,-192.41083081486067,-138.5154397220814,0.007507250502680122
2023-03-17,17111.8,17145.8,16958.15,17100.05,-0.0065292206747932,0,0.006738060474755114,17051.079999999998,17331.81,17446.72,17714.921000000002,-221.85000000000218,39.72872026734814,-194.81908217210366,-149.77616821208585,0.007766979055681153
2023-03-20,17066.6,17066.6,16828.35,16988.4,0.0070106661015751,1,-0.0065292206747932235,17017.9,17271.215,17398.93,17694.845999999998,-605.9499999999971,38.88675096206707,-203.3922810169861,-160.4993907730659,0.007797695843050143
2023-03-21,17060.4,17127.7,17016.0,17107.5,0.002595352915388,1,0.007010666101575191,17030.739999999998,17210.82,17362.075,17679.807,-603.9500000000007,44.68867439911317,-198.2904592456871,-168.05760446759012,0.00805789760888277
2023-03-22,17177.45,17207.25,17107.85,17151.9,-0.0043726934042292,0,0.0025953529153881494,17066.690000000002,17150.57,17328.335,17660.821,-602.5,41.4414930158003,-188.49170476110157,-172.14442452629243,0.008123029166399143
2023-03-23,17097.4,17205.4,17045.3,17076.9,-0.0077209563796709,0,-0.0043726934042293,17084.95,17099.3,17304.465,17644.076,-512.6999999999971,42.76346880907371,-184.64947028160168,-174.64543367735428,0.007520968642571809
2023-03-24,17076.2,17109.45,16917.35,16945.05,0.0023989306611666,1,-0.007720956379670962,17053.950000000004,17052.515,17276.155,17625.063000000002,-467.8500000000022,29.084525190052858,-190.05285386282776,-177.72691771444897,0.007652697373818726
2023-03-27,16984.3,17091.0,16918.55,16985.7,-0.0020016837692882,0,0.0023989306611666983,17053.41,17035.655000000002,17252.15,17607.613,-168.59999999999854,25.41080806369642,-188.87769451634813,-179.9570730748288,0.007700332553468296
2023-03-28,17031.75,17061.75,16913.75,16951.7,0.0076098562386073,1,-0.0020016837692883316,17022.25,17026.495,17230.1,17587.515,-91.59999999999854,22.63771475320422,-188.5167839797432,-181.6690152558117,0.007673666376796513
2023-03-29,16977.3,17126.15,16940.6,17080.7,0.0163371524586228,1,0.0076098562386073265,17008.010000000002,17037.35,17218.9375,17571.232,108.54999999999927,32.21872816212442,-175.7950816051416,-180.4942285256777,0.007862391852393558
2023-03-31,17210.35,17381.6,17204.65,17359.75,0.0022062529702328,1,0.016337152458622883,17064.579999999998,17074.765,17214.379999999997,17557.361,374.15000000000146,48.266866664492724,-141.5641742563239,-172.70821767180695,0.008509921918336515
2023-04-03,17427.95,17428.05,17312.75,17398.05,0.009138955227741,1,0.0022062529702329137,17155.18,17104.565,17218.1875,17542.015,298.0,59.28182475914858,-110.07654970375734,-160.18188407819704,0.008353821167268299
2023-04-05,17422.3,17570.55,17402.7,17557.05,0.0023978971410346,1,0.009138955227740997,17269.45,17161.43,17216.322500000002,17530.999,568.6499999999978,68.87329635208117,-71.4685640890275,-142.43922008036313,0.007824477314296124
2023-04-06,17533.85,17638.7,17502.85,17599.15,0.0014148410576645,1,0.002397897141034555,17398.940000000002,17210.595,17210.7075,17522.429,491.65000000000146,73.53603603603604,-37.04728118188359,-121.36083230066723,0.007688397801570018
2023-04-10,17634.9,17694.1,17597.95,17624.05,0.0055747685690859,1,0.0014148410576646508,17507.609999999997,17257.809999999998,17204.190000000002,17512.539,472.1499999999978,73.76158398154008,-7.670523563101597,-98.62277055315411,0.007672926593345784
2023-04-11,17704.8,17748.75,17655.15,17722.3,0.0050839902270022,1,0.005574768569085897,17580.12,17322.35,17210.825,17504.619,645.3999999999978,73.4413260501036,23.270474839795497,-74.2441214745642,0.007478388948663165
2023-04-12,17759.55,17825.75,17717.25,17812.4,0.0008757943904245,1,0.005083990227002344,17662.99,17409.085,17230.8,17503.028000000002,867.3500000000022,81.55395573255714,54.43427159602652,-48.50844286044605,0.007122639290799367
2023-04-13,17807.3,17842.15,17729.65,17828.0,-0.0067954902400718,0,0.0008757943904245113,17717.18,17493.315,17264.484999999997,17507.501,842.2999999999993,79.9658958575943,79.47446254070019,-22.911861780216803,0.006049367565832697
2023-04-17,17863.0,17863.0,17574.05,17706.85,-0.0026373973914048,0,-0.006795490240071866,17738.72,17568.83,17297.6625,17508.659,755.1499999999978,71.69553149067576,88.52276641426943,-0.6249361413195551,0.006073538322959185
2023-04-18,17766.6,17766.6,17610.2,17660.15,-0.002344260949086,0,-0.0026373973914048943,17745.940000000002,17626.775,17332.0625,17508.619000000002,579.4500000000007,73.31787470515329,90.8777308005192,17.6755972470482,0.00600152871603025
2023-04-19,17653.35,17666.15,17579.85,17618.75,0.0003235189783611,1,-0.002344260949086019,17725.23,17652.675,17363.72,17508.668,259.0,79.03378727805553,88.38458060967969,31.8173939195745,0.006075438016593472
2023-04-20,17638.6,17684.45,17584.35,17624.45,-2.2695743697049e-05,0,0.000323518978361248,17687.640000000003,17675.315000000002,17389.94,17508.949,226.40000000000146,78.38258164852255,85.87872697742932,42.62966053114546,0.005972196020564662
2023-04-21,17639.75,17663.2,17553.95,17624.05,0.006771996221073,1,-2.2695743697065396e-05,17646.85,17682.015,17421.722499999996,17504.349000000002,67.0,80.79512664315475,82.90486755641177,50.68470193619872,0.0056802539209779125
2023-04-24,17707.55,17754.5,17612.5,17743.4,0.0014568797411994,1,0.006771996221073051,17654.16,17696.44,17453.517499999998,17503.925000000003,144.25,80.62384473197775,89.1509336219242,58.37794827334382,0.005669089173319473
2023-04-25,17761.55,17807.45,17716.85,17769.25,0.0024958847447133,1,0.0014568797411995682,17675.98,17710.96,17484.385000000002,17504.88,145.20000000000073,74.7043918918918,95.09071833282724,65.7205022852405,0.005666838771627923
2023-04-26,17767.3,17827.75,17711.2,17813.6,0.0056950868998967,1,0.002495884744713406,17714.95,17720.09,17521.22,17503.718,91.29999999999927,74.88770437803187,102.19863264099695,73.01612835639179,0.0054790532032955785
2023-04-27,17813.1,17931.6,17797.9,17915.05,0.0083700575772884,1,0.00569508689989684,17773.07,17730.355,17569.72,17504.15,102.64999999999782,73.02843175093263,114.6957320831134,81.35204910173611,0.005011026955604882
2023-04-28,17950.4,18089.15,17885.3,18065.0,0.0045751453086078,1,0.008370057577288481,17861.26,17754.055,17623.685,17508.32,237.0,76.31474891261355,135.14165635163226,92.10997055171535,0.005161554108112112
2023-05-02,18124.8,18180.25,18101.75,18147.65,-0.0031849853837826,0,0.004575145308607809,17942.11,17798.135000000002,17683.4825,17515.855,440.8000000000029,77.76540460282105,156.21362942409542,104.93070232619137,0.005027342493022783
2023-05-03,18113.8,18116.35,18042.4,18089.85,0.0091736526284076,1,-0.003184985383782646,18006.23,17841.105,17733.94,17519.055,429.6999999999971,70.36400908637576,166.33197152447246,117.21095616584759,0.005132928837633057
2023-05-04,18081.0,18267.45,18066.7,18255.8,-0.0102323645088135,0,0.009173652628407636,18094.67,17904.81,17778.7425,17523.854,637.0499999999993,72.66176019625856,185.60210312420168,130.88918555751843,0.0043324788724886125
2023-05-05,18117.3,18216.95,18055.45,18069.0,0.0108141014998063,1,-0.010232364508813596,18125.46,17949.265,17812.29,17524.517,444.5499999999993,60.48281861678984,183.6832363932299,141.44799572466073,0.005189244015961728
2023-05-08,18120.6,18286.95,18100.3,18264.4,8.486454523550034e-05,1,0.010814101499806439,18165.340000000004,18013.3,17847.6575,17530.921000000002,640.3500000000022,72.78038815117466,195.67405891006638,152.29320836174188,0.005323894757038752
2023-05-09,18303.4,18344.2,18229.65,18265.95,0.0026907990003256,1,8.486454523559672e-05,18189.0,18065.555,17880.997499999998,17539.348,522.5499999999993,75.69998303071417,202.96232089437035,162.4270308682676,0.005339674701676936
2023-05-10,18313.6,18326.75,18211.95,18315.1,-0.0009882555923799,0,0.002690799000325539,18234.05,18120.14,17915.55,17549.115999999998,545.8499999999985,79.34842162936718,210.28033446161862,171.99769158693783,0.005341513753705377
2023-05-11,18357.8,18389.7,18270.4,18297.0,0.0009728370771164,1,-0.0009882555923800274,18242.29,18168.48,17944.285,17563.97,483.40000000000146,78.0521376433784,212.17358914295255,180.0328710981408,0.005307854012670731
2023-05-12,18273.75,18342.75,18194.55,18314.8,0.0045891847030816,1,0.000972837077116484,18291.45,18208.455,17969.405000000002,17580.041,399.75,78.39904617029146,212.65891871786516,186.55808062208567,0.005245488581480041
2023-05-15,18339.3,18458.9,18287.9,18398.85,-0.0061063599083637,0,0.004589184703081672,18318.340000000004,18241.840000000004,17997.9475,17598.702,333.84999999999854,77.75331329127314,217.32054253048773,192.7105730037661,0.005291299526917902
2023-05-16,18432.35,18432.35,18264.35,18286.5,-0.0057282694884204,0,-0.006106359908363723,18322.45,18255.725,18026.93,17616.578,138.84999999999854,70.40675425099619,209.533831357694,196.0752246745517,0.005235769371881211
2023-05-17,18300.45,18309.0,18115.35,18181.75,-0.00284901068379,0,-0.005728269488420423,18295.78,18264.915,18053.01,17634.134,91.90000000000146,63.86367915646776,192.68915643476066,195.39801102659348,0.005410888094067629
2023-05-18,18287.5,18297.2,18104.85,18129.95,0.0040513073670915,1,-0.0028490106837900653,18262.370000000003,18252.329999999998,18078.57,17647.715000000004,-125.84999999999854,58.40701040607158,173.16367999730937,190.9511448207367,0.005430757248515449
2023-05-19,18186.15,18218.1,18060.4,18203.4,0.0060977619565575,1,0.004051307367091583,18240.09,18265.769999999997,18107.5175,17665.345,134.40000000000146,55.75898801597876,161.75182603637222,185.1112810638638,0.005454157703733042
2023-05-22,18201.1,18335.25,18178.85,18314.4,0.0018346219368365,1,0.006097761956557646,18223.200000000004,18270.77,18142.035,17679.746,50.0,56.778730842717195,159.82229001528322,180.0534828541477,0.005527667773175682
2023-05-23,18362.9,18419.75,18324.2,18348.0,-0.0034118160017439,0,0.001834621936836589,18235.5,18278.975,18172.265,17692.477,82.04999999999927,60.70495542193669,159.16955051140394,175.87669638559893,0.005409380794569552
2023-05-24,18294.8,18392.6,18262.95,18285.4,0.0019551117284828,1,-0.003411816001744006,18256.23,18276.005,18198.072500000002,17703.096999999998,-29.69999999999709,51.34252539912929,151.85051471193947,171.07146005086705,0.005528690157958455
2023-05-25,18268.9,18338.1,18202.4,18321.15,0.0097264636772253,1,0.001955111728482839,18294.47,18278.420000000002,18223.45,17717.728,24.150000000001455,63.25222052872254,147.23758906037256,166.30468585276816,0.005524612434257216
2023-05-26,18368.35,18508.55,18333.15,18499.35,0.0053677561644059,1,0.009726463677225405,18353.66,18296.875,18252.665,17739.457,184.54999999999927,62.575603489803584,156.160936893928,164.27593606100012,0.005757432176875942
2023-05-29,18619.15,18641.2,18581.25,18598.65,0.0018926104851694,1,0.005367756164405879,18410.510000000002,18316.855000000003,18279.3475,17768.344,199.8000000000029,66.12074813450934,169.2939195339568,165.27953275559148,0.005609459354233283
2023-05-30,18606.65,18662.45,18575.5,18633.85,-0.0053370613158309,0,0.0018926104851695325,18467.68,18351.59,18303.6575,17800.155,347.34999999999854,65.65646642762431,180.46199516892375,168.31602523825794,0.005563226316174479
2023-05-31,18594.2,18603.9,18483.85,18534.4,-0.0025169414709945,0,-0.005337061315831004,18517.480000000003,18386.855000000003,18325.885000000002,17831.4,352.65000000000146,60.797780405712906,179.22203169011846,170.49722652863005,0.005674993992284304
2023-06-01,18579.4,18580.3,18464.55,18487.75,0.0025070654893104,1,-0.0025169414709945714,18550.8,18422.635000000002,18337.482500000002,17861.443,357.7999999999993,57.6652040952002,172.4867664951562,170.8951345219353,0.005409580290323294
2023-06-02,18550.85,18573.7,18478.4,18534.1,0.0032237875051931,1,0.002507065489310456,18557.75,18455.705,18360.7375,17890.124,330.6999999999971,56.20156815993403,168.9416240604114,170.50443242963053,0.004774018734078162
2023-06-05,18612.0,18640.15,18582.8,18593.85,0.0002769733003117,1,0.003223787505193032,18556.79,18483.65,18377.21,17922.233,279.4499999999971,64.8070530423472,169.0052119071479,170.204588325134,0.004249259492820025
2023-06-06,18600.8,18622.75,18531.6,18599.0,0.0068498306360557,1,0.00027697330031184464,18549.82,18508.75,18393.8625,17952.063000000002,251.0,72.23554489741558,167.5398723351318,169.6716451271336,0.004247529963882856
2023-06-07,18665.6,18738.95,18636.0,18726.4,-0.004904840225564,0,0.00684983063605582,18588.219999999998,18552.85,18414.427499999998,17983.553,441.0,79.41510085318359,174.64549093443566,170.666414288594,0.004436772013299354
2023-06-08,18725.35,18777.9,18615.6,18634.55,-0.0038181764518058,0,-0.004904840225564033,18617.579999999998,18584.19,18431.305,18014.706000000002,313.3999999999978,70.88399128118185,170.89524350159263,170.71218013119375,0.004617494900997476
2023-06-09,18655.9,18676.65,18555.4,18563.4,0.002052425740974,1,-0.0038181764518058214,18623.440000000002,18590.595,18443.735,18047.072999999997,64.05000000000291,62.54534461910527,160.3337078376644,168.63648567248788,0.004737573008869148
2023-06-12,18595.05,18633.6,18559.75,18601.5,0.0061634814396689,1,0.0020524257409741953,18624.97,18590.879999999997,18453.8675,18079.389,2.849999999998545,62.714414685525206,153.2711518862925,165.5634189152488,0.004660883131707432
2023-06-13,18631.8,18728.9,18631.8,18716.15,0.0021238342287275,1,0.006163481439668939,18648.4,18599.11,18475.35,18114.678,82.30000000000291,70.53243719910392,155.13699948124122,163.4781350284473,0.004543526932023381
2023-06-14,18744.6,18769.7,18690.0,18755.9,-0.0036148625232595,0,0.002123834228727528,18654.3,18621.260000000002,18504.057500000003,18148.182,221.5,70.64438007502736,158.0018430444543,162.38287663164868,0.00424539396012251
2023-06-15,18774.45,18794.1,18669.05,18688.1,0.0073790272954447,1,-0.0036148625232594878,18665.010000000002,18641.295000000002,18531.965,18174.749,200.34999999999854,60.01273142008378,153.03724078720188,160.51374946275934,0.004290510042534981
2023-06-16,18723.3,18864.7,18710.5,18826.0,-0.0037474768936576,0,0.007379027295444818,18717.53,18670.485,18563.094999999998,18203.308,291.90000000000146,61.585894103857626,158.40415080460298,160.0918297311281,0.0044549696616644156
2023-06-19,18873.3,18881.45,18719.15,18755.45,0.0032657174314665,1,-0.0037474768936576197,18748.32,18686.644999999997,18585.1475,18227.276,161.60000000000218,55.98130841121504,155.1758990996641,159.10864360483532,0.004486388874499751
2023-06-20,18752.35,18839.7,18660.65,18816.7,0.0021337428985952,1,0.0032657174314665305,18768.43,18708.415,18608.5825,18251.627,217.70000000000073,64.42808954308481,155.76429563739657,158.4397740113476,0.004508400344224968
2023-06-21,18849.4,18875.9,18794.85,18856.85,-0.0045394644386521,0,0.002133742898595248,18788.620000000003,18721.46,18637.155,18276.283,130.4499999999971,68.99053303148783,157.65304739046042,158.28242868717015,0.004373716585227437
2023-06-22,18853.6,18886.6,18759.5,18771.25,-0.0056336152360657,0,-0.004539464438652163,18805.25,18735.13,18659.659999999996,18297.262,136.70000000000073,61.72790663171954,150.50773269681667,156.72748948909947,0.00457828421588161
2023-06-23,18741.85,18756.4,18647.1,18665.5,0.0013768717687713,1,-0.005633615236065759,18773.15,18745.340000000004,18667.9675,18314.324,102.09999999999854,53.3891490468758,134.7584663961352,152.33368487050663,0.0043600906402673865
2023-06-26,18682.35,18722.05,18646.7,18691.2,0.0067518404382811,1,0.001376871768771215,18760.3,18754.31,18672.594999999998,18331.588,89.70000000000073,54.278025241276936,122.93373107342268,146.45369411108985,0.004212295522856268
2023-06-27,18748.55,18829.25,18714.25,18817.4,0.008221114500409,1,0.0067518404382811426,18760.44,18764.435,18681.7725,18353.799,101.25,54.227053140096615,122.33561956903577,141.63007920267904,0.004445315679851951
2023-06-28,18908.15,19011.25,18861.35,18972.1,0.0114352127597894,1,0.008221114500408966,18783.489999999998,18786.055,18703.657499999998,18380.038,216.1999999999971,64.81457098968622,132.81361631552863,139.86678662524898,0.004541154190504668
2023-06-30,19076.85,19201.7,19024.6,19189.05,0.0069570927169401,1,0.011435212759789426,18867.05,18836.15,18738.722499999996,18411.444,500.9500000000007,74.34341076222708,156.8158802472135,143.2566053496419,0.004992930376521327
2023-07-03,19246.5,19345.1,19234.4,19322.55,0.0034389870902132,1,0.0069570927169402275,18998.46,18885.805,18778.145,18445.406000000003,496.5499999999993,76.11648375529714,184.48356987748411,151.50199825521034,0.005120108118349649
2023-07-04,19406.6,19434.15,19300.0,19389.0,0.0004899685388622,1,0.0034389870902133968,19138.02,18949.16,18817.902500000004,18480.705,633.5499999999993,75.25239256896222,209.35901252368058,163.0734011089044,0.00512282472496012
2023-07-05,19405.95,19421.6,19339.6,19398.5,0.0050931773075237,1,0.0004899685388621844,19254.239999999998,19007.34,18857.877500000002,18513.807,581.7999999999993,74.67741935483866,227.22029650547483,175.9027801882185,0.00511903704153218
2023-07-06,19385.7,19512.2,19373.0,19497.3,-0.0084883547978438,0,0.0050931773075237885,19359.28,19071.385,18896.4225,18548.368,640.4500000000007,80.35258814703687,246.50625636009136,190.02347542259307,0.005048173562609664
2023-07-07,19422.8,19523.6,19303.6,19331.8,0.0012466505964267,1,-0.008488354797843822,19387.829999999998,19127.44,18931.285,18578.732,560.5499999999993,68.58738791709544,245.6048715583238,201.13975464973922,0.005361202689445556
2023-07-10,19400.35,19435.85,19327.1,19355.9,0.0043139301194984,1,0.0012466505964268126,19394.5,19196.48,18970.91,18607.549000000003,690.4000000000015,72.84556557470614,244.02224960185777,209.71625364016293,0.005196355195766574
2023-07-11,19427.1,19515.1,19406.45,19439.4,-0.0028344496229308,0,0.0043139301194985435,19404.579999999998,19271.3,19012.805,18635.037,748.2000000000007,73.29766536964986,246.66239194819354,217.10548130176906,0.005219698078510483
2023-07-12,19497.45,19507.7,19361.75,19384.3,0.00151927075004,1,-0.00283444962293089,19401.739999999998,19327.989999999998,19046.2125,18659.77,566.8999999999978,69.51566951566952,241.52447051642957,221.9892791447012,0.005249452022083697
2023-07-13,19495.2,19567.0,19385.8,19413.75,0.0077651149314274,1,0.0015192707500399916,19385.03,19372.155000000002,19079.105,18686.248,441.65000000000146,74.80311920938843,237.09590562810627,225.0106044413822,0.005249038499597338
2023-07-14,19493.45,19595.35,19433.5,19564.5,0.0075110531830611,1,0.007765114931427508,19431.57,19409.7,19122.925,18712.422,375.4500000000007,83.53977018355458,242.9499256657109,228.59846868624797,0.00525501512776906
2023-07-17,19612.15,19731.85,19562.95,19711.45,0.0019176671427012,1,0.007511053183061112,19502.68,19448.59,19167.197500000002,18745.271,388.90000000000146,84.90540216907856,256.4902556021152,234.17682606942145,0.005261800149409899
2023-07-18,19787.5,19819.45,19690.2,19749.25,0.0042482625922504,1,0.0019176671427012515,19564.65,19484.614999999998,19216.8875,18774.968,360.25,83.93357852955087,267.1911949471323,240.77969984496366,0.005067217697484317
2023-07-19,19802.95,19851.7,19727.45,19833.15,0.007361412584486,1,0.004248262592250418,19654.420000000002,19528.08,19267.71,18806.311999999998,434.65000000000146,83.06008830869641,279.223085374746,248.46837695092015,0.005078791163339132
2023-07-20,19831.7,19991.85,19758.4,19979.15,-0.0117197178058126,0,0.007361412584486082,19767.5,19576.265,19323.825,18839.593,481.8500000000022,82.08397628522691,297.1144743379773,258.1975964283316,0.005184452600486898
2023-07-21,19800.45,19887.4,19700.0,19745.0,-0.0036794125094961,0,-0.011719717805812602,19803.6,19617.585,19372.5125,18868.553,413.2000000000007,65.85832801531582,289.06739190930966,264.37155552452725,0.005923255228330548
2023-07-24,19748.45,19782.75,19658.3,19672.35,0.000419370334505,1,-0.003679412509496105,19795.780000000002,19649.230000000003,19422.855000000003,18895.703999999998,316.4499999999971,60.58737809662582,273.6730408109579,266.23185258181337,0.005795927542516719
2023-07-25,19729.35,19729.35,19615.95,19680.6,0.0049642795443228,1,0.00041937033450500927,19782.05,19673.35,19472.325,18921.339,241.1999999999971,60.55052733936707,259.1512780893354,264.81573768331776,0.005810900117207906
2023-07-26,19733.35,19825.6,19716.7,19778.3,-0.0059863587871555,0,0.004964279544322769,19771.079999999998,19712.75,19520.37,18951.175,394.0,60.51804162299737,252.61426993889472,262.37544413443317,0.00575715219820778
2023-07-27,19850.9,19867.55,19603.55,19659.9,-0.0007044796769058,0,-0.005986358787155477,19707.23,19737.364999999998,19554.760000000002,18980.738,246.15000000000146,62.72988282765578,235.16887301260795,256.9341299100681,0.00589023445265643
2023-07-28,19659.75,19695.9,19563.1,19646.05,0.0054845630546598,1,-0.0007044796769059003,19687.44,19745.519999999997,19577.61,19011.06,81.54999999999927,61.34772576166436,217.715996526058,249.0905032332661,0.0054542898431188536
2023-07-31,19666.35,19772.75,19597.6,19753.8,-0.0010251192175682,0,0.00548456305465983,19703.73,19749.755,19599.172499999997,19042.068,42.349999999998545,62.0672449527902,210.15643806479056,241.303690199571,0.0053818246764556436
2023-08-01,19784.0,19795.6,19704.6,19733.55,-0.0104897496902483,0,-0.0010251192175683155,19714.32,19748.185,19616.4,19070.451,-15.700000000000728,63.773317032771956,200.2233772981017,233.08762761927716,0.005373064811815137
2023-08-02,19655.4,19678.25,19423.55,19526.55,-0.0074206657089961,0,-0.010489749690248296,19663.97,19717.525,19622.802499999998,19094.022,-306.6000000000022,53.9020340390203,173.6464963293438,221.19940136129048,0.005946887580000069
2023-08-03,19463.75,19537.65,19296.45,19381.65,0.006983409565233,1,-0.0074206657089961325,19608.32,19657.775,19617.019999999997,19115.947,-597.5,43.64905699697828,139.28630187998715,204.81678146502983,0.006077984170364104
2023-08-04,19462.8,19538.85,19436.45,19517.0,0.0041143618383972,1,0.006983409565233023,19582.510000000002,19634.975,19626.28,19139.863999999998,-228.0,43.19128821037149,121.57576432701171,188.16857803742624,0.0059617294412276705
2023-08-07,19576.85,19620.45,19524.8,19597.3,-0.001349675720635,0,0.004114361838397196,19551.21,19627.469999999998,19638.35,19161.823,-75.04999999999927,44.83321432214626,112.72020625186633,173.07890368031428,0.0060150377960345395
2023-08-08,19627.2,19634.4,19533.1,19570.85,0.0031526479432421,1,-0.0013496757206350463,19518.67,19616.495000000003,19644.9225,19181.267,-109.75,40.718329794762816,102.38755868585213,158.94063468142187,0.005965945952871618
2023-08-09,19578.8,19645.5,19467.5,19632.55,-0.0045562089489139,0,0.003152647943242215,19539.87,19601.92,19657.335,19201.241,-145.75,36.95717618725062,98.0473070750304,146.76196916014356,0.005947720396595382
2023-08-10,19605.55,19623.6,19495.4,19543.1,-0.0058741960077981,0,-0.0045562089489139534,19572.159999999996,19590.239999999998,19663.8025,19221.415,-116.80000000000291,41.47381756756751,86.39386427937279,134.6883481839894,0.006055340523490425
2023-08-11,19554.25,19557.75,19412.75,19428.3,0.0003216956707483,1,-0.005874196007798149,19554.42,19568.465,19656.9925,19240.226,-217.75,40.04811809321862,67.12129383514548,121.17493731422063,0.00594323305857899
2023-08-14,19383.95,19465.85,19257.9,19434.55,0.0015667972759853,1,0.0003216956707483565,19521.87,19536.54,19643.1475,19258.235,-319.25,39.950169505371086,51.75536207588084,107.29102226655269,0.005654256453912042
2023-08-16,19369.0,19482.75,19317.2,19465.0,-0.0051245825841253,0,0.0015667972759854099,19500.7,19509.685,19628.935,19275.658,-268.5499999999993,36.45950384648631,41.55578178499127,94.14397417024041,0.005646272292122507
2023-08-17,19450.55,19461.55,19326.25,19365.25,-0.0028453027975367,0,-0.005124582584125403,19447.239999999998,19493.555,19605.54,19290.983,-161.29999999999927,37.05688556995381,25.133822505405988,80.34194383727353,0.0056019244726822496
2023-08-18,19301.75,19373.8,19253.6,19310.15,0.0043215614586109,1,-0.0028453027975366973,19400.65,19486.405,19572.090000000004,19302.658,-71.5,35.76091564222132,7.58574816948385,65.79070470371559,0.005235995934140464
2023-08-21,19320.65,19425.95,19296.3,19393.6,0.0001469556967248,1,0.004321561458610956,19393.71,19474.065,19554.52,19317.839,-123.40000000000146,34.40962603878104,0.4077896650560433,52.714121695983685,0.004831498269312882
2023-08-22,19417.1,19443.5,19381.3,19396.45,0.0024514795233147,1,0.00014695569672484865,19386.09,19453.98,19540.725,19334.5,-200.84999999999854,35.186324485849894,-4.993263746280718,41.172644607530806,0.004790663219974105
2023-08-23,19439.2,19472.05,19366.6,19444.0,-0.0029469245011314,0,0.0024514795233148146,19381.89,19441.295,19528.895,19351.35,-126.84999999999854,45.78116216078092,-5.37479261559929,31.863157162904788,0.004836869409498012
2023-08-24,19535.15,19584.45,19369.0,19386.7,-0.0062362341192674,0,-0.0029469245011314316,19386.18,19416.71,19509.315000000002,19364.761000000002,-245.84999999999854,50.28346898680883,-10.183400218451425,23.453845686633546,0.004679362649787354
2023-08-25,19297.4,19339.55,19229.7,19265.8,0.00208919432362,1,-0.006236234119267436,19377.31,19388.98,19489.61,19374.959,-277.2999999999993,35.6670090151774,-23.479222127025423,14.067232123901753,0.004693719295836713
2023-08-28,19298.35,19366.85,19249.7,19306.05,0.0018957787843708,1,0.0020891943236200916,19359.8,19376.755,19472.61,19387.318,-122.25,32.585949177877424,-30.417780920044606,5.1702295151124815,0.0047443199407201505
2023-08-29,19374.85,19377.9,19309.1,19342.65,0.000248156276415,1,0.0018957787843707496,19349.04,19367.565,19452.0525,19397.651,-91.89999999999782,36.51937618147468,-32.58767420893855,-2.3813512296977253,0.004555776049978236
2023-08-30,19433.45,19452.8,19334.75,19347.45,-0.0048404311679317,0,0.00024815627641494586,19329.730000000003,19355.81,19432.747499999998,19409.490999999998,-117.54999999999927,31.944268524382608,-33.53345756395356,-8.611772496548893,0.004564900594907465
2023-08-31,19375.55,19388.2,19223.65,19253.8,0.0094267105714196,1,-0.004840431167931758,19303.15,19344.665,19419.109999999997,19418.233,-111.45000000000073,31.775229935744036,-41.36296352513091,-15.162010702265297,0.00409603455736315
2023-09-01,19258.15,19458.55,19255.7,19435.3,0.004810833895026,1,0.009426710571419639,19337.05,19357.18,19421.792500000003,19429.802,125.14999999999782,50.406787540678756,-32.54718655995748,-18.639045873803735,0.004363719455328969
2023-09-04,19525.05,19545.15,19432.85,19528.8,0.0023606161156856,1,0.004810833895026123,19381.6,19370.7,19422.3825,19444.953,135.20000000000073,54.97282752070911,-17.810641227581073,-18.4733649445592,0.0042088808179362855
2023-09-05,19564.65,19587.05,19525.75,19574.9,0.0018467527292603,1,0.002360616115685721,19428.05,19388.545000000002,19421.2625,19463.141,178.45000000000073,55.704349631475196,-2.3844516796816606,-15.255582291583693,0.004137155954247401
2023-09-06,19581.2,19636.45,19491.5,19611.05,0.0059150325964188,1,0.0018467527292602703,19480.769999999997,19405.25,19423.2725,19481.537999999997,167.04999999999927,63.660108925197235,12.612528184679832,-9.681960196330989,0.004145998403031955
2023-09-07,19598.65,19737.0,19550.05,19727.05,0.0047092697590365,1,0.00591503259641879,19575.42,19439.285,19427.9975,19499.731,340.34999999999854,71.6999791796792,33.4721274723197,-1.051142662600852,0.004295969251609598
2023-09-08,19774.8,19867.15,19728.05,19819.95,0.0089001233605532,1,0.004709269759036516,19652.35,19494.7,19441.84,19516.688,554.1500000000015,71.97567135714651,56.8444958318978,10.52798503629888,0.004249862834028461
2023-09-11,19890.0,20008.15,19865.35,19996.35,-0.0001575287489965,0,0.008900123360553236,19745.86,19563.73,19470.2425,19532.834000000003,690.2999999999993,76.2285764253234,88.58017479359114,26.13842298775733,0.004328084752510985
2023-09-12,20110.15,20110.35,19914.65,19993.2,0.0038413060440549,1,-0.00015752874899654934,19829.519999999997,19628.785,19498.175,19546.247,650.5499999999993,74.98180494905387,112.18356799955654,43.34745199011718,0.004335984486719375
2023-09-13,19989.5,20096.9,19944.1,20070.0,0.0016492277030392,1,0.0038413060440549707,19921.31,19701.04,19528.425,19559.867,722.5499999999993,80.53991239831943,135.5243054914099,61.782822690375724,0.004369544869224703
2023-09-14,20127.95,20167.65,20043.45,20103.1,0.0044396137909078,1,0.0016492277030393243,19996.52,19785.97,19565.317499999997,19573.959,849.2999999999993,90.61014647395484,154.90722739538614,80.40770363137781,0.004078557027015707
2023-09-15,20156.45,20222.45,20129.7,20192.35,-0.0029243748251193,0,0.004439613790907959,20071.0,19861.675,19609.427499999998,19587.86,757.0499999999993,91.03620705620895,175.44761091108376,99.415685087319,0.003957919010316475
2023-09-18,20155.95,20195.35,20115.7,20133.3,-0.0115182309904485,0,-0.0029243748251194246,20098.39,19922.125,19646.4125,19603.89,604.5,85.86202204381556,184.83055969505585,116.49866000886638,0.00408721903082051
2023-09-20,19980.75,20050.65,19878.85,19901.4,-0.007991900067332,0,-0.011518230990448575,20080.03,19954.775,19671.659999999996,19614.8,326.5,70.8338034525557,171.5763963811296,127.51420728331904,0.005063475842092135
2023-09-21,19840.55,19848.75,19709.95,19742.35,-0.0034494373770092,0,-0.00799190006733208,20014.5,19967.905000000002,19686.5775,19620.859,131.29999999999927,67.51263576728684,146.54904453823474,131.3211747343022,0.00546113479352095
2023-09-22,19744.85,19798.65,19657.5,19674.25,1.524835762477718e-05,1,-0.0034494373770092013,19928.73,19962.625,19700.954999999998,19626.658,-52.79999999999927,59.32342268523945,119.83816723068958,129.02457323357967,0.005480286433514821
2023-09-25,19678.2,19734.15,19601.55,19674.55,-0.0005006467746402,0,1.524835762478638e-05,19825.170000000002,19948.085,19721.392499999998,19631.874,-145.40000000000146,56.13296865137812,97.56909620932856,122.73347782872946,0.0052335282368779915
2023-09-26,19682.8,19699.35,19637.45,19664.7,0.0026316190941128,1,-0.0005006467746402343,19731.45,19914.920000000002,19739.325,19633.878,-331.6499999999978,53.89756944444446,78.22416482553308,113.83161522809019,0.005238845969527155
2023-09-27,19637.05,19730.7,19554.0,19716.45,-0.0097837085276508,0,0.0026316190941126916,19694.46,19887.245,19758.015,19633.978,-276.75,54.513532031517734,66.30464120774195,104.32622042402053,0.005248532323022396
2023-09-28,19761.8,19766.65,19492.1,19523.55,0.0058775171523621,1,-0.00978370852765087,19650.7,19832.6,19766.82,19629.464,-546.4500000000007,41.824025713137765,40.82234046778467,91.62544443277336,0.005774244133664044
2023-09-29,19581.2,19726.25,19551.05,19638.3,-0.0055783850944327,0,0.005877517152362177,19643.51,19786.120000000003,19786.045,19625.567000000003,-464.7999999999993,42.827812216211846,29.546209227446525,79.209597391708,0.005752867414288826
2023-10-03,19622.4,19623.2,19479.65,19528.75,-0.0047442872687704,0,-0.005578385094432758,19614.35,19719.760000000002,19790.7175,19616.558999999997,-663.5999999999985,30.508545227177933,11.63589319325547,65.6948565520175,0.005572344099907859
2023-10-04,19446.3,19457.8,19333.6,19436.1,0.0056415638939911,1,-0.0047442872687705195,19568.629999999997,19650.04,19786.082499999997,19610.381,-697.2000000000007,28.39022498060497,-9.919891656249092,50.571906910364184,0.005570764155246035
2023-10-05,19521.85,19576.95,19487.3,19545.75,0.0055127073660514,1,0.005641563893991064,19534.489999999998,19614.475,19784.625,19607.849000000002,-355.65000000000146,30.169837727427435,-17.948271334280435,36.86787126143526,0.005697715939659421
2023-10-06,19621.2,19675.75,19589.4,19653.5,-0.0071819268832524,0,0.0055127073660514725,19560.48,19605.59,19786.747499999998,19607.307,-88.84999999999854,33.902613677049814,-15.438332092460769,26.406630590656057,0.005819910874430714
2023-10-09,19539.45,19588.95,19480.5,19512.35,0.0090968027941278,1,-0.007181926883252476,19535.29,19589.4,19776.0125,19601.988,-161.90000000000146,26.525821596244157,-24.555749129867763,16.214154646551293,0.005870649901184969
2023-10-10,19565.6,19717.8,19565.45,19689.85,0.0061706920062875,1,0.009096802794127834,19567.510000000002,19590.93,19769.5075,19602.587,15.299999999999272,35.84899639403899,-17.25964283006033,9.519395151228968,0.006151997121493458
2023-10-11,19767.0,19839.2,19756.95,19811.35,-0.0008757606119723,0,0.006170692006287615,19642.559999999998,19605.594999999998,19760.2575,19605.892999999996,146.64999999999782,46.90857907926799,-1.6543214518023888,7.284651830622697,0.005964315238348119
2023-10-12,19822.7,19843.3,19772.65,19794.0,-0.0021698494493281,0,-0.0008757606119723649,19692.21,19613.35,19750.297499999997,19606.697,77.54999999999927,51.96425175888958,9.206877023487323,7.669096869195622,0.005964638355158507
2023-10-13,19654.55,19805.4,19635.3,19751.05,-0.0009771632394226,0,-0.0021698494493280762,19711.719999999998,19636.1,19734.35,19607.047,227.5,52.977667493796496,14.18523050670774,8.972323596698045,0.005886170287042707
2023-10-16,19737.25,19781.3,19691.85,19731.75,0.004041709427699,1,-0.0009771632394226515,19755.6,19645.445,19715.7825,19611.151,93.45000000000073,52.185541800397395,16.384393714288308,10.454737620216097,0.005858255117726683
2023-10-17,19843.2,19849.75,19775.65,19811.5,-0.0070867930242536,0,0.004041709427698992,19779.93,19673.719999999998,19696.739999999998,19619.748,282.75,55.32462821907867,24.28249145567679,13.220288387308237,0.0058397579094545855
2023-10-18,19820.45,19840.95,19659.95,19671.1,-0.0023587903065917,0,-0.007086793024253635,19751.879999999997,19697.219999999998,19673.629999999997,19622.83,235.0,48.45448658964652,18.99373622222629,14.374977954291849,0.005986696145634482
2023-10-19,19545.2,19681.8,19512.35,19624.7,-0.0041809556324427,0,-0.002358790306591807,19718.019999999997,19705.114999999998,19659.795000000002,19623.377999999997,78.95000000000073,53.829553628894914,10.932247236221883,13.686431810677856,0.005480191188248044
2023-10-20,19542.15,19593.8,19518.7,19542.65,-0.0133502877040729,0,-0.0041809556324428065,19676.340000000004,19694.03,19649.809999999998,19622.814,-110.84999999999854,46.28673473349129,-2.053617322460923,10.538421984050101,0.0052751965665584445
2023-10-23,19521.6,19556.85,19257.85,19281.75,-0.0082772569917148,0,-0.013350287704072983,19586.340000000004,19670.97,19630.184999999998,19615.798,-230.59999999999854,41.41944000555827,-33.01686029780831,1.8273655276784195,0.005983990974774041
2023-10-25,19286.45,19347.3,19074.15,19122.15,-0.0138530447674556,0,-0.008277256991714887,19448.47,19614.2,19602.565,19607.379,-567.6999999999971,39.578423236514624,-69.63117476227853,-12.464342530312972,0.006194265360798458
2023-10-26,19027.25,19041.7,18837.85,18857.25,0.0100757003274602,1,-0.013853044767455636,19285.7,19518.79,19562.192499999997,19595.958,-954.0999999999985,29.280770388203422,-118.65570974427465,-33.70261597310531,0.006783262143885427
2023-10-27,18928.75,19076.15,18926.65,19047.25,0.0049167202614551,1,0.010075700327460302,19170.21,19444.114999999998,19528.7325,19588.212,-746.75,32.61648745519713,-140.55634872168957,-55.073362522822165,0.007243568113766
2023-10-30,19053.4,19158.5,18940.0,19140.9,-0.0032025662325179,0,0.004916720261455065,19089.859999999997,19383.1,19509.6,19581.73,-610.1499999999978,39.050847457627206,-148.64253198066945,-73.78719641439163,0.007125004317098739
2023-10-31,19232.95,19233.7,19056.45,19079.6,-0.004740665422755,0,-0.0032025662325179116,19049.43,19317.885000000002,19481.665,19576.017,-652.1500000000015,30.68890224992883,-158.1739572464685,-90.66454858080701,0.006953270045262989
2023-11-01,19064.05,19096.05,18973.7,18989.15,0.0075885439843278,1,-0.004740665422755086,19022.829999999998,19235.65,19454.685,19569.596999999998,-822.3499999999985,23.46029696578448,-171.05443052028568,-106.74252496870275,0.006929377994175062
2023-11-02,19120.0,19175.25,19064.15,19133.25,0.0050880012543607,1,0.007588543984327734,19078.03,19181.865,19439.542500000003,19564.39,-537.8499999999985,30.284947038639416,-167.70147447532509,-118.93431487002722,0.00715891414880733
2023-11-03,19241.0,19276.25,19210.9,19230.6,0.0094198828949695,1,0.005088001254360819,19114.7,19142.454999999998,19423.785,19561.073,-394.1000000000022,34.95939658411116,-155.3975747309778,-126.22696684221734,0.007133885679655198
2023-11-06,19345.85,19423.0,19309.7,19411.75,-0.0002601517122361,0,0.009419882894969644,19168.870000000003,19129.364999999998,19411.697500000002,19560.428,-130.90000000000146,41.54334038054969,-129.5361424557086,-126.8888019649156,0.007365261513498015
2023-11-07,19404.05,19423.5,19329.1,19406.7,0.0018962523252278,1,-0.0002601517122361452,19234.29,19141.86,19406.415,19560.827999999998,124.95000000000073,38.862598360204714,-108.2009901892634,-123.15123960978516,0.007200123085741742
2023-11-08,19449.6,19464.4,19401.5,19443.5,-0.0024789775503381,0,0.0018962523252279428,19325.159999999996,19173.995000000003,19394.0975,19564.381999999998,321.34999999999854,43.3593977942464,-87.31674279886647,-115.98434024760144,0.0068812926921541905
2023-11-09,19457.4,19463.9,19378.35,19395.3,0.0015493444288048,1,-0.0024789775503382128,19377.57,19227.8,19373.295,19566.167,538.0499999999993,43.31390265228792,-73.80439236138773,-107.5483506703587,0.006702401741293341
2023-11-10,19351.85,19451.3,19329.45,19425.35,0.0051582082176125,1,0.001549344428804833,19416.52,19265.61,19354.8625,19567.821,378.09999999999854,46.47430117222714,-59.9795663222103,-98.03459380072903,0.006727405608490846
2023-11-12,19547.25,19547.25,19510.25,19525.55,-0.0041996256187405,0,0.005158208217612481,19439.28,19304.075,19343.5875,19571.383,384.6499999999978,58.11152515304762,-40.471459695250815,-86.52196697963339,0.006854004401506082
2023-11-13,19486.75,19494.4,19414.75,19443.55,0.0119268343486658,1,-0.004199625618740543,19446.65,19340.47,19329.177499999998,19575.178,363.9500000000007,61.275610440639824,-31.267427896975278,-75.47105916310177,0.006902241553362672
2023-11-15,19651.4,19693.2,19579.65,19675.45,0.0045615220998757,1,0.011926834348665816,19493.04,19409.1,19322.375,19579.981,686.2999999999993,79.38514581238329,-5.2008226089055825,-61.41701185226253,0.007395671149888212
2023-11-16,19674.7,19875.25,19627.0,19765.2,-0.0016898387064133,0,0.004561522099875814,19567.02,19472.295000000002,19327.079999999998,19584.709,631.9500000000007,77.78551801540308,22.4405441849849,-44.64550064481305,0.007292545984500328
2023-11-17,19674.75,19806.0,19667.45,19731.8,-0.001915689394784,0,-0.0016898387064133713,19628.309999999998,19522.415,19332.435,19587.846999999998,501.2000000000007,73.98717220102287,41.17676552852208,-27.48104741014602,0.007281409209414406
2023-11-20,19731.15,19756.45,19670.5,19694.0,0.0045394536407028,1,-0.001915689394784037,19662.0,19550.64,19340.002500000002,19589.506,282.25,75.42625393146841,52.371505720424466,-11.510536784031924,0.007225485184802546
2023-11-21,19770.9,19829.1,19754.05,19783.4,0.0014380743451579,1,0.004539453640702851,19729.97,19588.31,19365.085,19590.633,376.7000000000007,82.8977343329329,67.67711121868706,4.326992816511874,0.006503548528498183
2023-11-22,19784.0,19825.55,19703.85,19811.85,-0.0004971771944567,0,0.0014380743451578581,19757.25,19625.144999999997,19399.57,19590.471,368.34999999999854,81.0856619331195,81.1669490168315,19.694984056575798,0.006100486737876725
2023-11-23,19828.45,19875.15,19786.75,19802.0,-0.0003686496313503,0,-0.0004971771944567438,19764.609999999997,19665.815,19446.807500000003,19586.584,406.7000000000007,78.45617529880485,90.02517579296182,33.761022403853005,0.004913387662869758
2023-11-24,19809.6,19832.85,19768.85,19794.7,0.0047992644495748,1,-0.00036864963135030404,19777.190000000002,19702.75,19484.18,19582.613999999998,369.3500000000022,73.06510871529252,95.35711784499654,46.08024149208171,0.0046066714624724
2023-11-28,19844.65,19916.85,19800.0,19889.7,0.0104023690653955,1,0.004799264449574903,19816.33,19739.165,19521.62,19579.008,364.15000000000146,76.24714704923382,106.02622209835681,58.06943761333673,0.004602745342543215
2023-11-29,19976.55,20104.65,19956.3,20096.6,0.0018187156036345,1,0.0104023690653956,19878.969999999998,19804.469999999998,19572.47,19578.878,653.0499999999993,79.9532195927353,129.68177418177947,72.39190492702528,0.004805078104664164
2023-11-30,20108.5,20158.7,20015.85,20133.15,0.0066929417403635,1,0.0018187156036346686,19943.230000000003,19850.24,19629.67,19577.694000000003,457.7000000000007,84.20564646979754,149.653140923132,87.84415212624663,0.004490447029810752
2023-12-01,20194.1,20291.55,20183.7,20267.9,0.0206681501290216,1,0.0066929417403636116,20036.41,19900.510000000002,19686.4025,19580.386,502.7000000000007,85.60321149376729,174.3440619777757,105.14413409655245,0.004445882565278692
2023-12-04,20601.95,20702.65,20507.75,20686.8,0.0081356227159347,1,0.020668150129021567,20214.83,19996.010000000002,19759.2125,19596.093999999997,955.0,88.6580778321516,225.11849799519769,129.1390068762815,0.005958276453235086
2023-12-05,20808.9,20864.05,20711.15,20855.1,0.0039606619004465,1,0.00813562271593482,20407.909999999996,20112.120000000003,19831.379999999997,19618.349,1161.0999999999985,94.43727372894703,275.7592270915229,158.46305091932982,0.005899714961387073
2023-12-06,20950.75,20961.95,20852.15,20937.7,-0.0017456549668778,0,0.003960661900446416,20576.13,20227.55,19907.93,19643.618000000002,1154.2999999999993,93.86010632753057,318.8816304907341,190.5467668336107,0.005829101584783378
2023-12-07,20932.4,20941.25,20850.8,20901.15,0.0032653705657344,1,-0.001745654966877841,20729.73,20336.480000000003,19980.8125,19668.15,1089.300000000003,90.98683023633424,346.11734106856966,221.66088168060247,0.005948027934660191
2023-12-08,20934.1,21006.1,20862.7,20969.4,0.0013209724646388,1,0.0032653705657343934,20870.030000000002,20453.22,20059.5175,19694.244,1167.4000000000015,93.55905955230207,368.9559480333264,251.11989495114727,0.005773240483610503
2023-12-11,20965.3,21026.1,20923.7,20997.1,-0.0043196441413336,0,0.0013209724646388032,20932.09,20573.46,20138.105,19719.857,1202.3999999999978,96.19283941864606,384.85450393980864,277.86681674887956,0.00577840998863912
2023-12-12,21018.55,21037.9,20867.15,20906.4,0.0009542532430259,1,-0.004319644141333678,20942.350000000002,20675.129999999997,20207.1475,19747.514,1016.7000000000007,89.77192236860778,385.68950353674154,299.431354106452,0.006053079875843845
2023-12-13,20929.75,20950.0,20769.5,20926.35,0.0122501057279459,1,0.0009542532430260042,20940.079999999998,20758.105000000003,20281.2875,19773.274999999998,829.75,89.70996935794233,383.53983651398084,316.2530505879578,0.005815794910178669
2023-12-14,21110.4,21210.9,21074.45,21182.7,0.0129327234016438,1,0.012250105727946048,20996.390000000003,20863.059999999998,20356.65,19806.354000000003,1049.5499999999993,91.84446599587851,397.9343727609448,332.5893150225552,0.005840268167654065
2023-12-15,21287.45,21492.3,21235.3,21456.65,-0.0017710127163373,0,0.012932723401643864,21093.84,20981.935,20441.2225,19846.765,1188.75,93.36011896997069,426.5308399315145,351.3776200043471,0.0061935293557013
2023-12-18,21434.8,21482.8,21365.35,21418.65,0.0016084113611267,1,-0.0017710127163373945,21178.15,21055.120000000003,20525.565,19884.222999999998,731.8500000000022,91.1129635107157,441.043390108669,369.3107740252115,0.006197570627188872
2023-12-19,21477.65,21505.05,21337.75,21453.1,-0.0141215022537534,0,0.0016084113611267714,21287.489999999998,21114.920000000002,20613.519999999997,19920.215,598.0,90.2045050385301,450.13563437728226,385.4757460956257,0.006065383370188552
2023-12-20,21543.5,21593.0,21087.35,21150.15,0.0049597756989902,1,-0.014121502253753415,21332.25,21136.165,20681.857500000002,19952.971,212.45000000000073,76.03153475990598,427.9624851931185,393.9730939151243,0.007330649445682533
2023-12-21,21033.95,21288.35,20976.8,21255.05,0.0044389450977533,1,0.00495977569899031,21346.719999999998,21171.555,20754.017499999998,19984.275,353.8999999999978,75.65958774141576,414.081385573696,397.9947522468387,0.007324064463421493
2023-12-22,21295.85,21390.5,21232.45,21349.4,0.0043069126064431,1,0.004438945097753333,21325.27,21209.555,20831.3875,20015.036,380.0,70.7191994996875,406.01349971148375,399.59850173976776,0.007263519534547345
2023-12-26,21365.2,21477.15,21329.45,21441.35,0.0099527315211029,1,0.004306912606443225,21329.81,21253.98,20913.72,20047.983,444.25,69.25097691524661,402.4006147799955,400.1589243478133,0.007197430598283268
2023-12-27,21497.65,21675.75,21495.8,21654.75,0.0057239173853311,1,0.009952731521102987,21370.14,21328.815,21001.9725,20086.057,748.3499999999985,71.68344975656976,412.00760675925267,402.5286608301012,0.007317744008352454
2023-12-28,21715.0,21801.45,21678.0,21778.7,-0.0021718468044465,0,0.005723917385331179,21495.85,21414.05,21086.0775,20126.996,852.3500000000022,75.20464141080522,424.7269582329209,406.9683203106652,0.007185501224356838
2023-12-29,21737.65,21770.3,21676.9,21731.4,0.0004831718158977,1,-0.0021718468044464867,21591.120000000003,21468.92,21165.99,20165.394,548.7000000000007,72.15245072387947,426.0788494646258,410.7904261414573,0.007305176879238392
2024-01-01,21727.75,21834.35,21680.85,21741.9,-0.0035001540803702,0,0.0004831718158977427,21669.620000000003,21497.445,21239.69,20206.81,285.25,71.87114582721581,423.12003092006853,413.25634709717957,0.007310042501245871
2024-01-02,21751.35,21755.6,21555.65,21665.8,-0.0068518125340398,0,-0.003500154080370299,21714.510000000002,21522.16,21288.64,20247.632,247.14999999999782,72.49274332089331,409.9093322778099,412.5869441333057,0.006250726683288566
2024-01-03,21661.1,21677.0,21500.35,21517.35,0.0065644700671783,1,-0.0068518125340398806,21687.030000000002,21528.585,21321.7525,20287.126,64.25,66.2666519872289,383.0455731446673,406.67866993557806,0.006414723703025634
2024-01-04,21605.8,21685.65,21564.55,21658.6,0.0024101280784538,1,0.006564470067178307,21663.010000000002,21579.43,21357.7975,20334.663,508.4499999999971,63.98471936526591,368.90108296178005,399.12315254081847,0.006491465854297989
2024-01-05,21705.75,21749.6,21629.2,21710.8,-0.0091106730290914,0,0.002410128078453866,21658.89,21625.005,21398.28,20386.436,455.75,58.58759925663113,357.77931905254445,390.85438584316364,0.006441212902803718
2024-01-08,21747.6,21763.95,21492.9,21513.0,0.0014805001626922,1,-0.00911067302909152,21613.109999999997,21641.364999999998,21425.46,20439.551,163.59999999999854,52.87731389710588,329.20951178403266,378.52541103133746,0.006884563597801648
2024-01-09,21653.6,21724.45,21517.85,21544.85,0.0034277333098166,1,0.0014805001626922998,21588.920000000002,21651.715000000004,21452.8475,20489.503,103.5,52.8024680045206,305.6148250433507,363.9432938337401,0.0068846779368266255
2024-01-10,21529.3,21641.85,21448.65,21618.7,0.0013183031357112,1,0.003427733309816494,21609.19,21648.11,21488.4625,20539.058999999997,-36.04999999999927,66.64062222537908,289.53733742551776,349.0621025520956,0.00676816384002953
2024-01-11,21688.0,21726.5,21593.75,21647.2,0.0114264200450865,1,0.0013183031357111297,21606.91,21634.96,21524.504999999997,20590.411,-131.5,64.72642607683353,275.9149486944407,334.43267178056465,0.006766546700080467
2024-01-12,21773.55,21928.25,21715.15,21894.55,0.0092671463903118,1,0.01142642004508665,21643.66,21651.275,21560.0975,20648.519,163.14999999999782,68.36201960321996,281.82943104252627,323.912023632957,0.006701251939534575
2024-01-15,22053.15,22115.55,21963.55,22097.45,-0.0029483039898269,0,0.009267146390311787,21760.55,21686.829999999998,21592.1375,20707.803,355.5499999999993,70.56224144415194,299.4373083119099,319.0170805687476,0.006421444006819655
2024-01-16,22080.5,22124.15,21969.8,22032.3,-0.0208943233343771,0,-0.002948303989826928,21858.04,21723.48,21622.82,20763.837,366.5,63.044604913105,304.62311177581796,316.1382868101617,0.006458221404967732
2024-01-17,21647.25,21851.5,21550.45,21571.95,-0.0050853075405793,0,-0.02089432333437724,21848.69,21728.94,21628.7625,20807.041,54.60000000000218,44.20397521796418,268.4914978312918,306.60892901438774,0.008161634939807738
2024-01-18,21414.2,21539.4,21285.55,21462.25,0.0074619389858939,1,-0.005085307540579342,21811.7,21709.305,21644.3675,20848.152000000002,-196.34999999999854,42.70971586446001,228.3725239678497,290.9616480050801,0.00754783556351441
2024-01-19,21615.2,21670.6,21575.0,21622.4,-0.0023401657540329,0,0.007461938985893868,21757.27,21700.465,21662.735,20891.73,-88.39999999999782,47.00591300861897,207.11324217776564,274.19196683961724,0.007641273000743685
2024-01-20,21706.15,21720.3,21541.8,21571.8,-0.0154368202931605,0,-0.0023401657540329523,21652.14,21706.344999999998,21673.855,20935.26,58.79999999999927,47.614334297751384,184.06037761655898,256.1656489950056,0.007625667494245754
2024-01-23,21716.7,21750.25,21192.6,21238.8,0.0101300450119593,1,-0.015436820293160514,21493.44,21675.739999999998,21663.7275,20971.529,-306.0499999999993,43.536073144130164,137.3373597681275,232.39999114962998,0.008356158063599305
2024-01-24,21185.25,21482.35,21137.2,21453.95,-0.0047240717909756,0,0.010130045011959243,21469.84,21659.265,21653.6875,21010.097,-164.75,45.40844944021904,116.32887159892198,209.18576723948837,0.008367851991390084
2024-01-25,21454.6,21459.0,21247.05,21352.6,0.0180305911223925,1,-0.00472407179097567,21447.91,21629.805,21632.3825,21048.278000000002,-294.6000000000022,42.136804671379025,90.45864443958635,185.44034267950798,0.008289056337111128
2024-01-29,21433.1,21763.25,21429.6,21737.6,-0.0099136979243338,0,0.01803059112239258,21470.949999999997,21614.11,21632.692499999997,21089.521,-156.95000000000073,54.55596575925996,99.87133091657597,168.3265403269216,0.00930198843663891
2024-01-30,21775.75,21813.05,21501.8,21522.1,0.0094600433972522,1,-0.00991369792433383,21461.010000000002,21556.575,21621.7025,21124.659,-575.3500000000022,49.57051971833645,88.91692481260543,152.44461722405836,0.009563661533075593
2024-01-31,21487.25,21741.35,21448.85,21725.7,-0.0013003033273956,0,0.00946004339725226,21558.39,21525.915,21624.697500000002,21164.537,-306.59999999999854,51.92563798005973,95.56271006091993,141.06823579143068,0.009783684927297927
2024-02-01,21780.65,21832.95,21658.75,21697.45,0.0072059159025599,1,-0.0013003033273956133,21607.09,21538.465,21633.7025,21204.606,125.5,50.90441136768597,97.42692687870294,132.33997400888512,0.009651433549206511
2024-02-02,21812.75,22126.8,21805.55,21853.8,-0.0037567837172481,0,0.007205915902559923,21707.329999999998,21577.62,21643.4625,21246.014,391.5499999999993,49.24173349956272,110.24958191396581,127.92189558990125,0.009673822404252989
2024-02-05,21921.05,21964.3,21726.95,21771.7,0.0072433480160024,1,-0.003756783717248191,21714.15,21592.55,21646.5075,21285.211,149.29999999999927,43.65319045299564,112.49012837277041,124.83554214647509,0.009707731167603845
2024-02-06,21825.2,21951.4,21737.55,21929.4,5.016097111633445e-05,1,0.007243348016002349,21795.61,21628.31,21667.327500000003,21327.759,357.6000000000022,48.06491650368592,125.54366046017822,124.97716580921573,0.009571343877575125
2024-02-07,22045.05,22053.3,21860.15,21930.5,-0.0096919814869701,0,5.0160971116319786e-05,21836.57,21697.48,21686.61,21370.475,691.7000000000007,58.1505307903889,134.42783904193857,126.86730045576032,0.009572928762056463
2024-02-08,22009.65,22011.05,21665.3,21717.95,0.002972195810378,1,-0.009691981486970147,21840.670000000002,21723.88,21691.5725,21407.04,264.0,55.552901320361364,122.90088107560223,126.0740165797287,0.009838668343757295
2024-02-09,21727.0,21804.45,21629.9,21782.5,-0.0076414552966831,0,0.0029721958103781088,21826.41,21766.870000000003,21698.3375,21440.757999999998,429.90000000000146,53.62742432481417,117.61849655980404,124.38291257574379,0.009854835202044216
2024-02-12,21800.8,21831.7,21574.75,21616.05,0.0058845163663111,1,-0.007641455296683142,21795.280000000002,21754.715,21684.4125,21470.416,-121.54999999999927,50.952575721697194,98.8614318074251,119.27861642208006,0.009647831474591863
2024-02-13,21664.3,21766.8,21543.35,21743.25,0.0044519563542708,1,0.005884516366311265,21758.05,21776.829999999998,21666.702500000003,21499.923,221.15000000000146,61.91510971490659,93.18610834835636,114.06011480733534,0.009494259987354774
2024-02-14,21578.15,21870.85,21530.2,21840.05,0.0032371720760712,1,0.0044519563542708696,21739.96,21788.265000000003,21657.09,21522.987999999998,114.34999999999854,59.65974480860642,95.39961722403314,110.3280152906749,0.00954872823026957
2024-02-15,21906.55,21953.85,21794.8,21910.75,0.0059308786782743,1,0.0032371720760713263,21778.52,21809.595,21674.030000000002,21544.101000000002,213.29999999999927,64.18172116777198,101.68655873946045,108.59972398043202,0.00825968639955412
2024-02-16,22020.3,22068.65,21968.95,22040.7,0.0036999732313401,1,0.005930878678274354,21830.16,21828.285,21702.952500000003,21566.161,186.90000000000146,58.84808500700614,115.81978575309404,110.04373633496444,0.008212909643773969
2024-02-19,22103.45,22186.65,22021.05,22122.25,0.003376690888133,1,0.0036999732313400813,21931.4,21863.34,21727.945,21590.583,350.5499999999993,69.00592203185869,132.0783563677287,114.45066034151729,0.008108280782462316
2024-02-20,22099.2,22215.6,22045.85,22196.95,-0.0063927701778848,0,0.0033766908881329716,22022.14,21890.095,21759.2025,21615.134,267.5499999999993,66.25056036415052,149.27036062286425,121.41460039778669,0.008078567835243399
2024-02-21,22248.85,22249.4,21997.95,22055.05,0.0073633929644231,1,-0.006392770177884866,22065.14,21902.55,21800.015000000003,21636.292999999998,124.54999999999927,61.4351496546431,149.71913477577255,127.07550727338386,0.007298406657220345
2024-02-22,22081.55,22252.5,21875.25,22217.45,-0.0002137959126722,0,0.007363392964423232,22126.480000000003,21952.5,21838.19,21662.514,499.5,61.58379256522158,161.3195232457074,133.92431046784856,0.007159352350607413
2024-02-23,22290.0,22297.5,22186.1,22212.7,-0.0040809987079464,0,-0.0002137959126722322,22160.879999999997,21995.519999999997,21881.195,21688.241,430.2000000000007,64.77584936004823,168.1908301865842,140.7776144115957,0.007013433945052547
2024-02-26,22169.2,22202.15,22075.15,22122.05,0.0034490474436139,1,-0.004080998707946426,22160.84,22046.120000000003,21900.4175,21707.028,506.0,56.75846342746877,164.42628912674263,145.5073493546251,0.006026785356787028
2024-02-27,22090.2,22218.25,22085.65,22198.35,-0.0111359628080464,0,0.0034490474436139618,22161.120000000003,22091.629999999997,21934.230000000003,21721.862,455.09999999999854,58.92565563664227,165.6896681923754,149.54381312217515,0.005481588900337269
2024-02-28,22214.1,22229.15,21915.85,21951.15,0.0014418378991532,1,-0.011135962808046407,22140.34,22102.74,21945.5025,21732.512,111.10000000000218,57.595596378086135,145.07163562906499,148.6493776235531,0.005842551503006017
2024-02-29,21935.2,22060.55,21860.65,21982.8,0.0161922048146733,1,0.0014418378991531977,22093.41,22109.945,21959.77,21743.106,72.04999999999927,56.66688856344026,129.7894547247197,144.8773930437864,0.00582943612595497
2024-03-01,22048.3,22353.3,22047.75,22338.75,0.0017749426445079,1,0.016192204814673428,22118.620000000003,22139.75,21984.0175,21766.877999999997,298.0499999999993,71.36017024295089,144.7320257572137,144.8483195864719,0.006648518425418669
2024-03-02,22406.95,22419.55,22367.05,22378.4,0.0012154577628426,1,0.0017749426445079486,22169.89,22165.364999999998,22014.3525,21789.345,256.15000000000146,69.79708880092264,157.95276345210368,147.46920835959827,0.006549328402638608
2024-03-04,22403.5,22440.9,22358.3,22405.6,-0.0022003427714499,0,0.0012154577628427088,22211.340000000004,22186.23,22038.1625,21810.468999999997,208.64999999999782,68.42722622267112,168.6806603532059,151.7114987583198,0.006403122099359407
2024-03-05,22371.25,22416.9,22269.15,22356.3,0.0052669717260906,1,-0.0022003427714499812,22292.370000000003,22216.355,22059.4525,21828.767999999996,301.25,64.7225985526881,171.23065752241018,155.61533051113787,0.006442090684074444
2024-03-06,22327.5,22497.2,22224.35,22474.05,0.000867667376374,1,0.005266971726090697,22390.62,22242.015,22097.2575,21845.154,256.59999999999854,64.43585729038273,180.67033442110187,160.62633129313068,0.005990164019133195
2024-03-07,22505.3,22525.65,22430.0,22493.55,-0.0071531616841271,0,0.000867667376374115,22421.579999999998,22270.1,22132.81,21859.451,280.84999999999854,62.902216971297506,187.56272704063304,166.01361044263115,0.00598566993892385
2024-03-11,22517.5,22526.6,22307.25,22332.65,0.0001365713428544,1,-0.007153161684127163,22412.43,22291.159999999996,22168.64,21871.476000000002,210.60000000000218,54.44888859746906,177.9899551380986,168.40887938172463,0.005946756174569998
2024-03-12,22334.45,22452.55,22256.0,22335.7,-0.0151327247411095,0,0.0001365713428544968,22398.45,22304.895,22198.2625,21883.352,137.35000000000218,60.12263300270525,168.7048494578994,168.4680733969596,0.005869670863104462
2024-03-13,22432.2,22446.75,21905.65,21997.7,0.0067711624397096,1,-0.015132724741109493,22326.730000000003,22309.55,22206.144999999997,21889.99,46.54999999999927,42.965073470563716,132.54466866049916,161.28339244966753,0.006874567116946014
2024-03-14,21982.55,22204.6,21917.5,22146.65,-0.0055674334493028,0,0.006771162439709544,22261.25,22325.935,22217.94,21902.576,163.85000000000218,48.064241962427836,114.58561340715096,151.9438366411642,0.006996155500570949
2024-03-15,22064.85,22120.9,21931.7,22023.35,0.0014688955131713,1,-0.005567433449302883,22167.21,22294.395,22217.0725,21909.870999999996,-315.40000000000146,47.161672513947174,89.37341212994215,139.4297517389198,0.007003907895746728
2024-03-18,21990.1,22123.7,21916.55,22055.7,-0.0108021962576567,0,0.0014688955131714199,22111.82,22262.125,22213.745,21916.769000000004,-322.7000000000007,45.7914146629297,71.18238933862449,125.78027925886074,0.006959231201435375
2024-03-19,21946.45,21978.3,21793.1,21817.45,0.0009923249508992,1,-0.010802196257656771,22008.170000000002,22203.31,22194.77,21922.858000000004,-588.1499999999978,46.03452366828803,37.11327017917574,108.04687744292376,0.007297445462767625
2024-03-20,21843.9,21930.9,21710.2,21839.1,0.0079147034447391,1,0.0009923249508994036,21976.45,22151.59,22183.972499999996,21928.743,-517.2000000000007,45.71249552452558,11.72506263055402,88.78251448044982,0.007187518011030015
2024-03-21,21989.9,22080.95,21941.3,22011.95,0.0038524528721898,1,0.007914703444739102,21949.510000000002,22105.379999999997,22173.697500000002,21936.608000000004,-462.09999999999854,39.053393180143395,5.48900187160325,72.12381195868052,0.007220114184799247
2024-03-22,21932.2,22180.7,21883.3,22096.75,-0.0041657709844207,0,0.0038524528721899376,21964.19,22065.7,22167.9,21945.599000000002,-396.7999999999993,40.842734987157336,7.305318919468846,59.16011335083819,0.007283781875303972
2024-03-26,21947.9,22073.2,21947.55,22004.7,0.0054056633355601,1,-0.004165770984420725,21953.99,22032.905,22162.0325,21947.802000000003,-327.9500000000007,37.49298059524559,1.3020879009091004,47.58850826085238,0.007286161153013059
2024-03-27,22053.95,22193.6,22052.85,22123.65,0.0091870012407536,1,0.00540566333556014,22015.23,22011.7,22158.2975,21948.326,-212.04999999999927,43.0442192124855,6.072752055591991,39.2853570198003,0.007351155946839268
2024-03-28,22163.6,22516.0,22163.6,22326.9,0.0060509967796693,1,0.009187001240753778,22112.79,22044.620000000003,22177.085,21954.218000000004,329.2000000000007,45.814489290895196,25.954921953925805,36.6192700066254,0.007153564799811485
2024-04-01,22455.0,22529.95,22427.75,22462.0,-0.0003873208084765,0,0.00605099677966936,22202.8,22076.155,22201.045,21972.019000000004,315.34999999999854,49.15797058902027,52.013545983059885,39.6981252019123,0.007246484752260082
2024-04-02,22458.8,22497.6,22388.15,22453.3,-0.0008306128720498,0,-0.0003873208084765878,22274.11,22119.15,22206.7725,21991.84,429.9500000000007,53.50472040668112,71.14308280379555,45.987116722288945,0.006318467979523046
2024-04-03,22385.7,22521.1,22346.5,22434.65,0.003565912550452,1,-0.0008306128720498851,22360.100000000002,22157.045000000002,22209.585,22008.085,378.9500000000007,52.848547658116715,83.83211498182573,53.55611637419631,0.006312767938894679
2024-04-04,22592.1,22619.0,22303.8,22514.65,-4.2194748752511256e-05,0,0.0035659125504521327,22438.3,22226.765,22215.0375,22026.941999999995,697.2000000000007,67.47810798931603,99.20007905313832,62.68490890998471,0.006355488931632086
2024-04-05,22486.4,22537.6,22427.6,22513.7,0.0067780951154185,1,-4.2194748752555356e-05,22475.660000000003,22294.225,22222.9075,22052.44,674.6000000000022,63.79005898485926,110.03423803718033,72.15477473542384,0.006329749766395273
2024-04-08,22578.35,22697.3,22550.35,22666.3,-0.0010389873953843,0,0.006778095115418603,22516.52,22359.66,22232.52,22076.686999999998,654.3499999999985,73.63526081682174,129.44180717810013,83.61218122395911,0.006399910571893008
2024-04-09,22765.1,22768.4,22612.25,22642.75,0.0049044396109129,1,-0.0010389873953843276,22554.41,22414.260000000002,22239.980000000003,22102.49,546.0,71.72087172087177,141.2934148277891,95.14842794472511,0.006407487265686274
2024-04-10,22720.25,22775.7,22673.7,22753.8,-0.0103015760004921,0,0.004904439610913025,22618.239999999998,22489.170000000002,22261.0375,22122.814,749.0999999999985,88.24490462770098,157.82737050970536,107.68421645772118,0.006229108638513315
2024-04-12,22677.4,22726.45,22503.75,22519.4,-0.0109638800323277,0,-0.010301576000492085,22619.190000000002,22528.745000000003,22270.222499999996,22142.76,395.75,73.67248938687472,150.28414638004324,116.20420244218559,0.006719125468492392
2024-04-15,22339.05,22427.45,22259.55,22272.5,-0.0055943427994162,0,-0.010963880032327733,22570.95,22523.305,22283.9625,22153.695999999996,-54.400000000001455,58.622058969522506,122.9658466046094,117.55653127467036,0.006259855025889364
2024-04-16,22125.3,22213.75,22079.45,22147.9,-0.0068652106971768,0,-0.005594342799416285,22467.27,22491.894999999997,22284.025,22162.705,-314.09999999999854,51.649201999032776,90.22169895600018,112.08956481093634,0.006232977709177795
2024-04-18,22212.35,22326.5,21961.7,21995.85,0.0068717508075387,1,-0.006865210697176827,22337.890000000003,22446.15,22282.65,22165.545999999995,-457.4500000000007,49.72528325314288,51.409939983939694,99.95363984553703,0.006300610288466504
2024-04-19,21861.5,22179.55,21777.65,22147.0,0.0085519483451483,1,0.006871750807538657,22216.53,22417.385000000002,22287.215000000004,22173.051999999996,-287.65000000000146,50.7106120088864,32.47354831085613,86.45762153860086,0.006482083768881592
2024-04-22,22336.9,22375.65,22198.15,22336.4,0.0014147311115487,1,0.008551948345148386,22179.93,22399.56,22313.1625,22181.192000000003,-178.25,50.29157203363821,32.3761069907996,75.64131862904061,0.006186913938109751
2024-04-23,22447.05,22447.55,22349.45,22368.0,0.0015379113018598,1,0.0014147311115488836,22199.03,22384.989999999998,22339.607500000002,22189.942000000003,-145.70000000000073,46.91924488725747,34.45160331279112,67.40337556579072,0.006186909260401142
2024-04-24,22421.55,22476.45,22384.0,22402.4,0.0074969646109344,1,0.0015379113018598733,22249.93,22358.6,22359.13,22203.631,-263.8999999999978,48.359440469283896,38.42925309995917,61.608551072624415,0.005984493657835601
2024-04-25,22316.9,22625.95,22305.25,22570.35,-0.0066636095585579,0,0.007496964610934409,22364.829999999998,22351.36,22382.81,22219.388000000003,-72.40000000000146,53.98976831706448,54.50542597481035,60.18792605306161,0.006132884218765397
2024-04-26,22620.4,22620.4,22385.55,22419.95,0.0099665699522077,1,-0.006663609558557937,22419.42,22317.975,22403.572500000002,22235.466,-333.84999999999854,47.326369282890994,54.481852859953506,59.04671141443999,0.006269224785374205
2024-04-29,22475.55,22655.8,22441.9,22643.4,-0.0017024828426827,0,0.009966569952207793,22480.82,22330.375,22429.56,22253.468999999997,124.0,53.25307248557815,71.66757930432505,61.57088499241701,0.006517710625634514
2024-04-30,22679.65,22783.35,22568.4,22604.85,0.0019177300446586,1,-0.0017024828426828176,22528.19,22363.61,22443.4575,22268.765,332.34999999999854,48.36521322727392,81.24024156924133,65.50475630778188,0.00626368017854237
2024-05-02,22567.85,22710.5,22567.85,22648.2,-0.0076098762815588,0,0.001917730044658672,22577.35,22413.640000000003,22452.7675,22283.514,500.2999999999993,50.1434776885613,91.27249557656978,70.65830416153946,0.006142683170378518
2024-05-03,22766.35,22794.7,22348.05,22475.85,-0.0014749164102802,0,-0.007609876281558847,22558.45,22461.64,22453.895,22292.217,480.0,42.911427915635926,84.34366329654586,73.39537598854075,0.006400219336130172
2024-05-06,22561.6,22588.8,22409.45,22442.7,-0.0062470201891929,0,-0.0014749164102803025,22563.0,22491.21,22454.2975,22298.626,295.7000000000007,47.82015574376172,75.30946520482757,73.77819383179812,0.006406607679905435
2024-05-07,22489.75,22499.05,22232.05,22302.5,0.0,0,-0.006247020189192987,22494.82,22487.82,22443.69,22300.737,-33.900000000001455,50.9076606559361,56.18911666909844,70.26037839925819,0.006497277282312107
2024-05-08,22231.2,22368.65,22185.2,22302.5,-0.0154691178119044,0,0.0,22434.35,22481.27,22433.129999999997,22305.686,-65.5,55.05890052356013,40.56845480584525,64.3219936805756,0.006497424612470108
2024-05-09,22224.8,22307.75,21932.4,21957.5,0.004449504725037,1,-0.01546911781190452,22296.21,22436.78,22397.69,22300.487,-444.90000000000146,48.885789825387185,0.3463584194651048,51.5268666283535,0.007073476064834231
2024-05-10,21990.95,22131.3,21950.3,22055.2,0.0022148971671079,1,0.0044495047250370234,22212.079999999998,22385.265000000003,22368.3125,22297.336999999996,-515.1499999999978,47.24737631184411,-23.376894970653666,36.54611430855207,0.007200225074070593
2024-05-13,22027.95,22131.65,21821.05,22104.05,0.0051483777859713,1,0.0022148971671078765,22144.35,22353.675,22335.825,22296.977000000003,-315.90000000000146,42.39169586430459,-37.80022004871353,21.67684743709895,0.007102921455205203
2024-05-14,22112.9,22270.05,22081.25,22217.85,-0.000778653200017,0,0.005148377785971325,22127.420000000002,22311.120000000003,22320.747499999998,22297.367000000002,-425.5500000000029,45.33449336606279,-39.59171154806245,9.423135640066668,0.006924452094159204
2024-05-15,22255.6,22297.55,22151.75,22200.55,0.0091574307843724,1,-0.000778653200017021,22107.03,22270.69,22317.15,22302.355,-404.2999999999993,43.66068904871071,-41.92417113817646,-0.8463257155819583,0.006486774520274533
2024-05-16,22319.2,22432.25,22054.55,22403.85,0.0027785402955295,1,0.009157430784372478,22196.3,22246.255,22329.947500000002,22310.776,-244.35000000000218,44.88447830895909,-27.05616459324665,-6.0882934911148965,0.006670238903137366
2024-05-17,22415.25,22502.15,22345.65,22466.1,0.0015979631533733,1,0.002778540295529597,22278.48,22245.28,22353.46,22313.323000000004,-9.75,51.499106707812174,-10.13329719088506,-6.89729423106893,0.006447342720111779
2024-05-18,22512.85,22520.25,22470.05,22502.0,0.0012021153675228,1,0.0015979631533733496,22358.07,22251.21,22371.21,22315.795,59.29999999999927,44.76954945624025,6.10465643992211,-4.296904096870722,0.006304170988801233
2024-05-21,22404.55,22591.1,22404.55,22529.05,0.0030516155807723,1,0.0012021153675227936,22420.309999999998,22273.864999999998,22380.8425,22318.264,226.54999999999927,47.17206387106405,20.914965906340512,0.7454699037715251,0.0060379837964557315
2024-05-22,22576.6,22629.5,22483.15,22597.8,0.0163666374602838,1,0.003051615580772271,22499.760000000002,22303.394999999997,22392.3325,22323.093999999997,295.2999999999993,48.15465729349731,37.76446801357088,8.149269525731395,0.006062836528795757
2024-05-23,22614.1,22993.6,22577.45,22967.65,-0.0004593417262977,0,0.016366637460283773,22612.52,22404.409999999996,22420.594999999998,22332.966,1010.1500000000015,65.73155908131288,80.0389842740733,22.52721247539978,0.0070233783692276435
2024-05-24,22930.75,23026.4,22908.0,22957.1,-0.0010737418924863,0,-0.0004593417262978017,22710.719999999998,22494.6,22439.932500000003,22342.236999999997,901.8999999999978,66.69587796170063,111.40632340382217,40.30303466108426,0.006875898216849991
2024-05-27,23038.95,23110.8,22871.2,22932.45,-0.0019317604529825,0,-0.001073741892486324,22796.81,22577.44,22465.5575,22354.232999999997,828.4000000000015,72.10428436085478,132.7459045065698,58.79160863018137,0.006663791243455138
2024-05-28,22977.15,22998.55,22858.5,22888.15,-0.0080150645639774,0,-0.0019317604529824894,22868.63,22644.469999999998,22477.795,22365.282000000003,670.3000000000029,69.93023651522891,144.41827255565659,75.91694141527643,0.006359601524352903
2024-05-29,22762.75,22825.5,22685.45,22704.7,-0.009515650944518,0,-0.008015064563977492,22890.010000000002,22694.885000000002,22482.7875,22379.422000000002,504.15000000000146,78.56924371033114,137.28330994390853,88.19021512100285,0.006628595820726698
2024-05-30,22617.45,22705.75,22417.0,22488.65,0.0018698321153114,1,-0.009515650944518117,22794.21,22703.364999999998,22474.809999999998,22386.262,84.80000000000291,65.19757371761162,112.89399952223903,93.13097200125009,0.006961087917378461
2024-05-31,22568.1,22653.75,22465.1,22530.7,0.0325422645545855,1,0.0018698321153114428,22708.93,22709.825,22477.552499999998,22396.409000000003,64.60000000000218,65.03082614056726,95.85344008050379,93.67546561710083,0.006759146690578682
2024-06-03,23337.9,23338.7,23062.3,23263.9,-0.059293583620975,0,0.03254226455458564,22775.22,22786.015,22518.6125,22420.572999999997,761.9000000000015,75.65545826895254,139.89911641441358,102.92019577656339,0.009886811670627308
2024-06-04,23179.5,23179.5,21281.45,21884.5,0.0336242546094266,1,-0.05929358362097503,22574.489999999998,22721.56,22497.7125,22421.914,-644.5499999999993,45.35323090494745,62.775938426282664,94.89134430650725,0.016841242163407953
2024-06-05,22128.35,22670.4,21791.95,22620.35,0.0088880145532674,1,0.03362425460942675,22557.620000000003,22723.815000000002,22513.605,22437.539000000004,22.549999999999272,52.75214196730481,60.336685718473746,87.98041258890055,0.018520701742940165
2024-06-06,22798.6,22910.15,22642.6,22821.4,0.0205399318183809,1,0.008888014553267487,22624.170000000002,22709.19,22556.8,22453.728,-146.25,54.362613884727814,73.77616937226048,85.13956394557255,0.01818734050387085
2024-06-07,22821.85,23320.2,22789.05,23290.15,-0.0013288879633665,0,0.020539931818380985,22776.06,22742.495000000003,22618.5475,22477.595999999998,333.0500000000029,58.74759986237362,120.85808768366041,92.28326869319012,0.018647219787334746
2024-06-10,23319.15,23411.9,23227.15,23259.2,0.0002429146316295,1,-0.0013288879633664985,22775.120000000003,22775.170000000002,22676.305,22502.686,326.75,58.09685396497999,153.899384506738,104.60649185589969,0.018670851287779896
2024-06-11,23283.75,23389.45,23206.65,23264.85,0.0024973296625597,1,0.00024291463162962046,23051.190000000002,22812.840000000004,22728.655000000002,22525.51,376.6999999999971,57.502108755553046,178.48331353329195,119.38185619137815,0.018669471634196463
2024-06-12,23344.45,23441.95,23295.95,23322.95,0.0032564491198583,1,0.0024973296625596664,23191.71,22874.665,22784.775,22545.430999999997,618.25,54.2972907595549,200.3449865480179,135.5744822627061,0.01865380363164524
2024-06-13,23480.95,23481.05,23353.9,23398.9,0.0028505613511745,1,0.00325644911985834,23307.21,22965.69,22834.5275,22564.168999999998,910.25,55.26027527742062,221.24863365017882,152.70931254020067,0.01859180706513769
2024-06-14,23464.95,23490.4,23334.25,23465.6,0.003933417428065,1,0.002850561351174452,23342.3,23059.18,22884.502500000002,22584.415,934.8999999999978,56.2849968760683,240.42558071140957,170.25256617444245,0.01859190304530886
2024-06-18,23570.8,23579.05,23499.7,23557.9,-0.0017785965642099,0,0.003933417428064967,23402.04,23088.579999999998,22937.2975,22606.88,294.0,57.80694494632178,260.0733246401651,188.216717867587,0.01859429431226125
2024-06-19,23629.85,23664.0,23412.9,23516.0,0.0021687361796223,1,-0.0017785965642099777,23452.27,23251.73,22986.645,22626.907000000003,1631.5,59.7796475324863,269.16060749443204,204.405495792956,0.01861685870703102
2024-06-20,23586.15,23624.0,23442.6,23567.0,-0.0027962829380065,0,0.0021687361796223215,23501.079999999998,23346.394999999997,23035.105,22647.973,946.6500000000015,63.53741667398969,277.2812922663543,218.98065508763568,0.018616062676282404
2024-06-21,23661.15,23667.1,23398.2,23501.1,0.001563756590117,1,-0.0027962829380066,23521.52,23414.364999999998,23061.777500000004,22664.668999999998,679.6999999999971,62.10971622532253,275.2267713068468,230.22987833147792,0.018343445632276696
2024-06-24,23382.3,23558.1,23350.0,23537.85,0.0077938299377386,1,0.0015637565901169825,23535.969999999998,23439.135000000002,23090.815,22682.571,247.6999999999971,54.137904992070034,273.41224039775625,238.8663507447336,0.018338746620258858
2024-06-25,23577.1,23754.15,23562.05,23721.3,0.0062180403266262,1,0.007793829937738694,23568.65,23485.344999999998,23130.2575,22701.921000000002,462.09999999999854,93.43754434091646,283.5089783989242,247.79487627557174,0.01838262426255334
2024-06-26,23723.1,23889.9,23670.45,23868.8,0.007361073870492,1,0.006218040326626317,23639.21,23545.739999999998,23179.29,22728.909000000003,603.9500000000007,90.90730364690829,299.9550383326132,258.22690868698004,0.01838458003779413
2024-06-27,23881.55,24087.45,23805.4,24044.5,-0.0014098858366778,0,0.007361073870492119,23734.71,23617.895,23246.28,22764.349000000002,721.5499999999993,90.75369852059156,323.4377914050783,271.26908523059967,0.018253177657674997
2024-06-28,24085.9,24174.0,23985.8,24010.6,0.0054705005289331,1,-0.0014098858366778932,23836.609999999997,23679.065,23322.3775,22801.603,611.6999999999971,83.80014074595319,335.445785505668,284.10442528561333,0.018048757261908372
2024-07-01,23992.95,24164.0,23992.7,24141.95,-0.0007497323124272,0,0.005470500528933053,23957.43,23746.7,23402.940000000002,22844.525,676.3500000000022,87.8489045148563,351.50907677529904,297.5853555835505,0.018050258581773025
2024-07-02,24228.75,24236.35,24056.4,24123.85,0.0067422903060664,1,-0.0007497323124272537,24037.94,23803.295000000002,23445.9375,22884.062,565.9499999999971,86.44154081113145,358.6446003993624,309.79720454671286,0.01672913816249863
2024-07-03,24291.75,24309.15,24207.1,24286.5,0.0006443909167645,1,0.006742290306066545,24121.48,23880.345,23566.0375,22923.064,770.5,87.54627284417215,373.12292118289406,322.4623478739491,0.008495285224542197
2024-07-04,24369.95,24401.0,24281.0,24302.15,0.000892925111564,1,0.0006443909167646034,24173.01,23953.86,23650.127500000002,22961.746999999996,735.1500000000015,86.93216665985159,381.4626548887027,334.2624092768998,0.005297698475799208
2024-07-05,24213.35,24363.0,24168.85,24323.85,-0.0001356693122182,0,0.0008929251115641357,24235.66,24036.135000000002,23725.25,23000.176,822.75,86.43290741605428,385.3805356566336,344.4860345528466,0.005178406002309447
2024-07-08,24329.45,24344.6,24240.55,24320.55,0.0046318853808816,1,-0.00013566931221820067,24271.38,24114.405,23776.769999999997,23035.18,782.7000000000007,85.02089360334257,383.79505152145794,352.3478379465689,0.003234798118760119
2024-07-09,24351.0,24443.6,24331.9,24433.2,-0.0044509110554491,0,0.004631885380881551,24333.25,24185.595,23835.47,23075.445,711.9000000000015,89.54812004139329,387.1654551019201,359.3113613776392,0.0031692139932781044
2024-07-10,24459.85,24461.05,24141.8,24324.45,-0.0003494426389908,0,-0.004450911055449147,24340.84,24231.159999999996,23888.45,23109.066000000003,455.65000000000146,81.11060910995172,376.71872907405486,362.79283491692235,0.003499405666999225
2024-07-11,24396.55,24402.65,24193.75,24315.95,0.0076575252046496,1,-0.00034944263899083783,24343.6,24258.305,23938.1,23143.287999999997,271.4500000000007,85.12435880856918,363.5628186069298,362.9468316549238,0.0035457717692213846
2024-07-12,24387.95,24592.2,24331.15,24502.15,0.003450717590089,1,0.007657525204649573,24379.260000000002,24307.46,23993.2625,23180.367000000002,491.5500000000029,86.82220864518087,363.96587657591226,363.1506406391215,0.003752335953055566
2024-07-15,24587.6,24635.05,24522.75,24586.7,0.001069684016155,1,0.0034507175900890807,24432.489999999998,24351.935,24049.317499999997,23222.584,444.75,85.74555968607999,366.8786328014612,363.8962390715895,0.00375925518936483
2024-07-16,24615.9,24661.25,24587.65,24613.0,0.0076321456141063,1,0.001069684016155037,24468.45,24400.85,24102.072500000002,23265.99,489.15000000000146,84.15955200587516,367.07775938499253,364.5325431342701,0.0037500136116300304
2024-07-18,24543.8,24837.75,24504.45,24800.85,-0.0108847075805868,0,0.0076321456141064115,24563.730000000003,24452.285,24166.315,23315.957000000002,514.3499999999985,84.33428662217966,378.03573309704734,367.23318112682557,0.0038144129158534895
2024-07-19,24853.8,24854.8,24508.15,24530.9,-0.0008825603626447,0,-0.010884707580586794,24606.72,24475.16,24214.510000000002,23360.525,228.75,69.45046728971974,360.77846767946176,365.9422384373528,0.0048742700666475885
2024-07-22,24445.75,24595.2,24362.3,24509.25,-0.0012321878474453,0,-0.0008825603626446687,24608.14,24493.7,24264.9175,23411.56,185.40000000000146,64.9576478253787,341.4193170795952,361.03765416580126,0.004792900362778392
2024-07-23,24568.9,24582.55,24074.2,24479.05,-0.0026777999963233,0,-0.0012321878474453873,24586.61,24509.55,24311.9775,23460.037,158.5,64.32373578514401,319.9519561585621,352.8205145643534,0.004850205472571018
2024-07-24,24444.95,24504.25,24307.25,24413.5,-0.0003031109836771,0,-0.002677799996323338,24546.71,24507.579999999998,24346.5875,23506.226000000002,-19.700000000000728,55.55652782639134,294.25756277417895,341.1079242063185,0.004753064809016062
2024-07-25,24230.95,24426.15,24210.8,24406.1,0.0175673294791056,1,-0.00030311098367707956,24467.76,24515.745000000003,24373.452500000003,23549.990999999995,81.64999999999782,54.58111145388028,270.18295185736497,326.9229297365278,0.004630861434901788
2024-07-26,24423.35,24861.15,24410.9,24834.85,5.0332496471692e-05,1,0.017567329479105664,24528.55,24567.635000000002,24412.97,23602.677000000003,518.8999999999978,66.57368967306695,282.4443484113435,318.027213471491,0.005775306848719375
2024-07-29,24943.3,24999.75,24774.6,24836.1,0.0008535961765333,1,5.0332496471794386e-05,24593.920000000002,24601.03,24454.245,23651.322,333.9499999999971,66.74352895326555,288.9318317694597,312.20813713108475,0.005743943584672408
2024-07-30,24839.4,24971.75,24798.65,24857.3,0.0037755508442188,1,0.0008535961765334665,24669.57,24628.09,24490.012499999997,23699.145999999997,270.59999999999854,64.6433257371728,292.4131155198993,308.24913280884766,0.005677124484915585
2024-07-31,24886.7,24984.6,24856.5,24951.15,0.0023946792031629,1,0.003775550844218989,24777.1,24661.905,24531.3775,23748.129,338.15000000000146,71.86366173597546,299.2948835235802,306.4582829517942,0.005673911740181864
2024-08-01,25030.95,25078.3,24956.4,25010.9,-0.0117228888204743,0,0.0023946792031630526,24898.059999999998,24682.909999999996,24567.5975,23797.766,210.0500000000029,73.4076594024723,306.0421959649357,306.3750655544225,0.0055526552025259995
2024-08-02,24789.0,24851.9,24686.85,24717.7,-0.0267864728514385,0,-0.011722888820474342,24874.629999999997,24701.59,24588.375,23840.164,186.79999999999927,56.77212604857203,284.4517177242342,301.9903959883849,0.006290792128661824
2024-08-05,24302.85,24350.05,23893.7,24055.6,-0.0026210113237665,0,-0.026786472851438536,24718.53,24656.225,24574.9625,23861.923,-453.65000000000146,37.75703088981094,211.4773918350911,283.88779515772615,0.008820745981810074
2024-08-06,24189.85,24382.6,23960.4,23992.55,0.0127101954565063,1,-0.0026210113237665755,24545.58,24607.575,24558.5625,23882.632,-486.5,35.93562280403492,146.86414628849525,256.48306538388,0.00883258817992384
2024-08-07,24289.4,24337.7,24184.9,24297.5,-0.007428747813561,0,0.012710195456506312,24414.85,24595.975,24551.7775,23909.933000000005,-116.0,39.16524958563839,118.89406335269086,228.96526497764216,0.009260760421807245
2024-08-08,24248.55,24340.5,24079.7,24117.0,0.0103868640378156,1,-0.007428747813561065,24236.07,24567.065,24541.405,23934.51,-289.09999999999854,40.733858690785354,81.22640221093025,199.41749242429978,0.009355521933555622
2024-08-09,24386.85,24419.75,24311.2,24367.5,-0.0008412844977941,0,0.010386864037815746,24166.03,24520.329999999998,24543.982500000002,23967.766,-467.34999999999854,47.12153518123669,70.77195086384745,173.68838411220932,0.0096607931836114
2024-08-12,24320.05,24472.8,24212.1,24347.0,-0.0085431469996303,0,-0.0008412844977941925,24224.31,24471.420000000002,24536.225,24004.933000000005,-489.09999999999854,47.307904018266726,60.13929580998956,150.97856645176537,0.009498763236126993
2024-08-13,24342.35,24359.95,24116.5,24139.0,0.0001967769998757,1,-0.008543146999630324,24253.6,24399.59,24513.84,24037.099,-718.2999999999993,44.710982658959544,34.53092736825056,127.68903863506242,0.009628916379516737
2024-08-14,24184.4,24196.5,24099.7,24143.75,0.0164597463111571,1,0.00019677699987563635,24222.85,24318.85,24490.3775,24054.696,-807.4000000000015,44.93991937817043,14.452793376935006,105.04178958343694,0.009621617192454305
2024-08-16,24334.85,24563.9,24204.5,24541.15,0.0012835584314508,1,0.016459746311157097,24307.68,24271.875,24477.3925,24107.828999999998,-469.75,44.265911753221474,30.258781920751062,90.08518805089976,0.010218446801867308
2024-08-19,24636.35,24638.8,24522.95,24572.65,0.0051357912150295,1,0.001283558431450782,24348.71,24257.370000000003,24479.48,24146.875,-145.04999999999927,44.916546068499834,44.81038226795499,81.0302268943108,0.009924129896548459
2024-08-20,24648.9,24734.3,24607.2,24698.85,0.0028887984663254,1,0.005135791215029606,24419.079999999998,24321.695,24488.96,24184.424,643.25,47.06165971256374,65.76778559105514,77.97773863365967,0.009982818519259008
2024-08-21,24680.55,24787.95,24654.5,24770.2,0.001667326061154,1,0.002888798466325504,24545.32,24399.46,24503.517499999998,24214.025,777.6500000000015,46.616175783076194,87.12965103689203,79.80812111430615,0.009989169225478442
2024-08-22,24863.4,24867.35,24784.45,24811.5,0.0004695403341193,1,0.0016673260611541618,24678.870000000003,24450.86,24523.4175,24245.070999999996,514.0,46.2452453583399,106.16781170201284,85.08005923184749,0.009960446410801327
2024-08-23,24845.4,24858.4,24771.65,24823.15,0.0075514187361393,1,0.0004695403341192783,24735.27,24521.475,24544.27,24276.237,706.1500000000015,52.22116903633493,120.80320468235368,92.22468832194873,0.009957211152330383
2024-08-26,24906.1,25043.8,24874.7,25010.6,0.0002858787873942,1,0.007551418736139404,24822.859999999997,24585.785,24553.057500000003,24309.99,643.0999999999985,75.14348902111529,145.84628232014802,102.9490071215886,0.00930505513185543
2024-08-27,25024.8,25073.1,24973.65,25017.75,0.0013830180571793,1,0.0002858787873942781,24886.640000000003,24652.86,24562.140000000003,24342.367,670.75,77.81032986111111,164.37523166804385,115.23425203087965,0.00930474627955086
2024-08-28,25030.8,25129.6,24964.65,25052.35,0.0039756749366826,1,0.0013830180571794415,24943.07,24744.195,24571.8925,24374.102000000003,913.3499999999985,73.99624884763325,179.7791067221733,128.14322296913838,0.009306840081117625
2024-08-29,25035.3,25192.9,24998.5,25151.95,0.003337713378088,1,0.003975674936682605,25011.16,24845.015,24581.932500000003,24405.982999999997,1008.2000000000007,84.6844733402594,197.74420419509988,142.06341921433068,0.009310730535696733
2024-08-30,25249.7,25268.35,25199.4,25235.9,0.0016959965763059,1,0.0033377133780880808,25093.71,24914.49,24593.1825,24440.381,694.75,82.7599215331221,216.26279390528362,156.90329415252128,0.009323517391282106
2024-09-02,25333.6,25333.65,25235.5,25278.7,4.549284575543114e-05,1,0.0016959965763059248,25147.33,24985.094999999998,24621.2325,24474.615,706.0499999999993,84.56629813756771,231.72137223770187,171.86690976955742,0.00887024328337991
2024-09-03,25313.4,25321.7,25235.8,25279.85,-0.0032100665154262,0,4.5492845755390476e-05,25199.75,25043.195,24682.445,24510.19,581.0,100.0,241.2838325011362,185.7502943158732,0.005978741638846689
2024-09-04,25089.95,25216.0,25083.8,25198.7,-0.0021270938580165,0,-0.003210066515426213,25229.02,25086.045000000002,24742.7525,24543.407000000003,428.5,93.3333333333335,239.55261096962568,196.51075764662372,0.0060066926099027525
2024-09-05,25250.5,25275.45,25127.75,25145.1,-0.0116503811875871,0,-0.002127093858016571,25227.65,25119.405,24785.1325,24571.882999999998,333.59999999999854,84.57267158967308,231.19051306351685,203.44670873000234,0.005576577766440616
2024-09-06,25093.7,25168.75,24801.3,24852.15,0.0033900487482974,1,-0.0116503811875871,25150.9,25122.305,24821.89,24591.55,29.0,62.313860252004645,198.63513136427355,202.4843932568566,0.006004965479963199
2024-09-09,24823.4,24957.5,24753.15,24936.4,0.0041986814455974,1,0.003390048748297403,25082.44,25114.885000000002,24850.335,24609.388,-74.19999999999709,60.86737728166904,177.5859276812298,197.50470014173126,0.005654782648765866
2024-09-10,24999.4,25130.5,24896.8,25041.1,-0.0048979477738596,0,0.00419868144559743,25034.690000000002,25117.22,24885.04,24629.998000000003,23.349999999998545,62.02610316967059,167.42275183062156,191.48831047950935,0.005672718506217908
2024-09-11,25034.0,25113.7,24885.15,24918.45,0.018879585206945,1,-0.004897947773859657,24978.64,25103.829999999998,24924.0125,24645.528000000002,-133.89999999999782,54.428021363805804,147.76815249661013,182.7442788829295,0.005387070712972546
2024-09-12,25059.65,25433.35,24941.45,25388.9,-0.0012761482380095,0,0.018879585206944993,25027.4,25127.525,24986.27,24670.828999999998,236.95000000000073,66.97470671187264,168.21405726344528,179.83823455903268,0.00661100892184656
2024-09-13,25430.45,25430.5,25292.45,25356.5,0.0010746751326089,1,-0.001276148238009589,25128.27,25139.585,25027.0375,24692.229,120.59999999999854,61.44303294958326,179.73134382135686,179.81685641149753,0.005782973556391514
2024-09-16,25406.65,25445.7,25336.2,25383.75,0.0013709558280395,1,0.0010746751326089488,25217.74,25150.090000000004,25067.592500000002,24713.861,105.04999999999927,61.94906953966706,188.88042766221042,181.62957066164012,0.005783861299882079
2024-09-17,25416.9,25441.65,25352.25,25418.55,-0.0016129952337957,0,0.0013709558280394774,25293.23,25163.96,25103.5775,24735.755,138.70000000000073,61.954037996996874,196.67209816245668,184.63807616180344,0.005725096579522025
2024-09-18,25402.4,25482.2,25285.55,25377.55,0.0015072376963103,1,-0.0016129952337957665,25385.05,25181.844999999998,25133.945,24756.895,178.84999999999854,57.65732129522775,197.26475056962954,187.16341104336865,0.005754084646094153
2024-09-19,25487.05,25611.95,25376.05,25415.8,0.0147605033089653,1,0.0015072376963103373,25390.43,25208.915,25164.16,24776.547000000002,270.7000000000007,56.30166736724111,198.5323300844284,189.4371948515806,0.005753552033120924
2024-09-20,25525.95,25849.25,25426.6,25790.95,0.0057423243424534,1,0.014760503308965278,25477.32,25302.795,25212.55,24805.877,938.7999999999993,64.55462423639727,227.18946696827334,196.98764927491916,0.006495126807580715
2024-09-23,25872.55,25956.0,25847.35,25939.05,5.2045082607195824e-05,1,0.005742324342453475,25588.38,25403.06,25258.9725,24838.339000000004,1002.6499999999978,67.28641107672951,258.8668310001376,209.3634856199629,0.006424998379113983
2024-09-24,25921.45,26011.55,25886.85,25940.4,0.0024575565527131,1,5.204508260714391e-05,25692.75,25492.989999999998,25305.105,24867.104,899.3000000000029,70.2994143083913,280.8429215550168,223.6593728069737,0.006428194253970586
2024-09-25,25899.45,26032.8,25871.35,26004.15,0.0081486993422202,1,0.0024575565527131804,25818.07,25601.56,25352.695,24895.452999999998,1085.7000000000007,73.38123622111551,299.9456372711793,238.91662569981483,0.006428734931735967
2024-09-26,26005.4,26250.9,25998.4,26216.05,-0.0014151636116042,0,0.0081486993422204,25978.120000000003,25684.275,25405.9,24927.514,827.1499999999978,88.8354214123007,328.39767223659146,256.8128350071702,0.006566383854870109
2024-09-27,26248.25,26277.35,26151.4,26178.95,-0.014060915353748,0,-0.0014151636116043198,26055.72,25766.52,25453.0525,24955.075999999997,822.4500000000007,86.3563215027651,343.9871848478215,274.24770497530045,0.006604909367145552
2024-09-30,26061.3,26134.7,25794.1,25810.85,-0.0005404703835788,0,-0.014060915353747983,26030.079999999998,25809.230000000003,25479.66,24980.675,427.09999999999854,69.5145138800862,322.91700601220145,283.9815651826807,0.007503691636939884
2024-10-01,25788.45,25907.6,25739.2,25796.9,-0.0211963452973032,0,-0.0005404703835788505,26001.38,25847.065,25505.5125,25006.428,378.3500000000022,73.56926296584479,301.6162447476854,287.50850109568165,0.007509039694520901
2024-10-03,25452.85,25639.45,25230.3,25250.1,-0.0093266957358584,0,-0.0211963452973033,25850.57,25834.32,25508.0825,25021.849,-127.45000000000073,46.422496004948634,237.87101874560176,277.5810046256657,0.00897812718791249
2024-10-04,25181.9,25485.05,24966.8,25014.6,-0.0087488906478615,0,-0.009326695735858426,25610.28,25794.2,25501.5575,25033.871,-401.2000000000007,42.02286514232381,166.43107223404513,255.3510181473416,0.009215030575226804
2024-10-07,25084.1,25143.0,24694.35,24795.75,0.0087676315497616,1,-0.008748890647861551,25333.64,25694.68,25498.7375,25041.664000000004,-995.2000000000007,37.40683628887175,91.10483411548557,222.5017813409704,0.009046909584353094
2024-10-08,24832.2,25044.0,24756.8,25013.15,-0.0012473438971101,0,0.008767631549761568,25174.1,25602.09,25502.575,25045.23,-925.8999999999978,41.94740187509937,48.39276910390254,187.67997889355684,0.009233294767100851
2024-10-09,25065.8,25234.05,24947.7,24981.95,0.000660476864296,1,-0.0012473438971101203,25011.109999999997,25506.245000000003,25499.6175,25048.146999999997,-958.4500000000007,42.111350402807716,11.888527068003896,152.52168852844625,0.009189182159494765
2024-10-10,25067.05,25134.05,24979.4,24998.45,-0.0013680848212589,0,0.0006604768642959336,24960.780000000002,25405.675,25503.6175,25050.97,-1005.7000000000007,41.60481161869132,-15.53090503497151,118.9111698157627,0.009119527630532344
2024-10-11,24985.3,25028.65,24920.05,24964.25,0.0065573770491803,1,-0.0013680848212589414,24950.71,25280.495000000003,25482.385000000002,25051.231999999996,-1251.7999999999993,30.726908192287965,-39.564580841750285,87.21601968426012,0.007990707903374087
2024-10-14,25023.45,25159.75,25017.5,25127.95,-0.0028096203629823,0,0.006557377049180246,25017.15,25175.395,25470.957499999997,25053.573000000004,-1051.0,31.2271443780957,-44.8848159514273,60.79585255712264,0.008157042477117023
2024-10-15,25186.3,25212.05,25008.15,25057.35,-0.0034341221238478,0,-0.002809620362982379,25025.99,25100.045000000002,25454.6375,25060.366,-753.5,30.19667645937517,-54.17349228007515,37.80198358968308,0.008165797006701737
2024-10-16,25008.55,25093.4,24908.45,24971.3,-0.0088681806714108,0,-0.0034341221238478603,25023.859999999997,25017.485,25432.275,25078.68,-825.6000000000022,27.066634100850393,-67.69797097312039,16.701992677122387,0.008174970591444352
2024-10-17,25027.4,25029.5,24728.9,24749.85,0.0042101265260193,1,-0.008868180671410819,24974.14,24967.46,25400.89,25093.826,-500.25,17.582028831697244,-95.18811273008032,-5.676028404318153,0.008369029468877777
2024-10-18,24664.95,24886.2,24567.65,24854.05,-0.0029351353199981,0,0.0042101265260194864,24952.1,24951.405,25372.8025,25104.957,-160.54999999999927,21.550354305346843,-107.32895755128993,-26.006614233712508,0.008436903032829336
2024-10-21,24956.15,24978.3,24679.6,24781.1,-0.0124691801413173,0,-0.0029351353199982277,24882.73,24949.94,25322.31,25118.238999999998,-14.650000000001455,24.67848624191612,-121.437266655641,-45.09274471809821,0.007571428134749042
2024-10-22,24798.65,24882.0,24445.8,24472.1,-0.0014955806816741,0,-0.01246918014131737,24765.68,24895.835,25248.9625,25120.331000000002,-541.0500000000029,21.55127984882327,-155.7564573595555,-67.22548724638966,0.0076895564511822966
2024-10-23,24378.15,24604.25,24378.1,24435.5,-0.0014773587608192,0,-0.0014955806816742134,24658.52,24841.189999999995,25173.7175,25122.101000000002,-546.4500000000007,27.59872401275996,-183.78936794114634,-90.538263385341,0.007666267487492774
2024-10-24,24412.7,24480.65,24341.2,24399.4,-0.0089592367025419,0,-0.0014773587608192251,24588.43,24781.285,25093.48,25127.308999999997,-599.0499999999993,30.998270323696687,-206.53778087041064,-113.73816688235493,0.007569917991713118
2024-10-25,24418.05,24440.25,24073.9,24180.8,0.0065485840005294,1,-0.00895923670254195,24453.780000000002,24702.94,24991.7175,25128.05,-783.4500000000007,31.00305829291655,-239.44508124666754,-138.87954975521745,0.007182356355720147
2024-10-28,24251.1,24492.6,24134.9,24339.15,0.0052466910307055,1,0.006548584000529489,24365.39,24624.059999999998,24899.7275,25124.01,-788.7999999999993,28.39050977877534,-249.86652648451854,-161.07694510107768,0.007545244570515885
2024-10-29,24328.85,24484.5,24140.85,24466.85,-0.0051498251716097,0,0.00524669103070563,24364.340000000004,24565.010000000002,24832.5275,25121.894,-590.5,34.44746376811591,-244.99710008699913,-177.86097609826197,0.007370817904142408
2024-10-30,24371.45,24498.2,24307.3,24340.85,-0.0055667735514577,0,-0.005149825171609779,24345.41,24501.965,24759.725,25114.734,-630.4500000000007,31.376380628717058,-248.44131473182279,-191.97704382497415,0.0073736362534822
2024-10-31,24349.85,24372.45,24172.6,24205.35,0.0040900048956119,1,-0.005566773551457738,24306.6,24447.515,24707.4875,25103.437,-544.5,29.673773301907005,-259.1176502543276,-205.40516511084485,0.006036691465808614
2024-11-01,24302.75,24368.25,24280.2,24304.35,-0.0127137734603064,0,0.004090004895611843,24331.309999999998,24392.545,24671.975,25093.294000000005,-549.7000000000007,27.14888186005213,-256.63195699983044,-215.650523488642,0.005935180280381558
2024-11-04,24315.75,24316.75,23816.15,23995.35,0.0090830098331552,1,-0.012713773460306443,24262.55,24313.969999999998,24631.955,25076.737999999998,-785.75,23.97696642979662,-276.40946847280793,-227.80231248547517,0.006250610050422431
2024-11-05,23916.5,24229.05,23842.75,24213.3,0.0111818711204172,1,0.009083009833155131,24211.839999999997,24288.089999999997,24591.9625,25060.792,-258.7999999999993,32.55385748480943,-271.36837953028953,-236.51552589443807,0.006278532226020897
2024-11-06,24308.75,24537.6,24204.05,24484.05,-0.0116279782143885,0,0.011181871120417242,24240.48,24292.945,24567.067499999997,25050.118000000002,48.54999999999927,44.018094252149275,-242.72800067755088,-237.75802085106065,0.006900147609373299
2024-11-07,24489.6,24503.35,24179.05,24199.35,-0.0021136931363858,0,-0.011627978214388546,24239.28,24272.94,24527.112499999996,25033.057999999997,-200.0500000000029,36.3729081675131,-240.23393746611328,-238.2532041740712,0.007282575505195273
2024-11-08,24207.7,24276.15,24066.65,24148.2,-0.0002857355827764,0,-0.0021136931363857636,24208.05,24269.68,24486.309999999998,25012.983000000004,-32.599999999998545,36.70601579566463,-239.6225325287669,-238.52706984501035,0.007283245753716023
2024-11-11,24087.25,24336.8,24004.6,24141.3,-0.0106808663990753,0,-0.0002857355827764474,24237.239999999998,24249.895,24436.9775,24991.090999999997,-197.85000000000218,42.04157243901266,-236.96319780544218,-238.21429543709672,0.007034613133566876
2024-11-12,24225.8,24242.0,23839.15,23883.45,-0.0135826273004947,0,-0.010680866399075395,24171.269999999997,24191.555,24378.282499999998,24963.186,-583.3999999999978,37.99656454523712,-252.7484689161647,-241.12113013291034,0.0072988514439792825
2024-11-13,23822.45,23873.6,23509.6,23559.05,-0.0011184661520731,0,-0.013582627300494754,23986.27,24113.375,24307.67,24928.77,-781.7999999999993,33.76354889193729,-288.1135848129852,-250.51962106892535,0.007717427494787592
2024-11-14,23542.15,23675.9,23484.15,23532.7,-0.0033527814487925,0,-0.0011184661520731165,23852.94,24046.109999999997,24246.8125,24895.45,-672.6499999999978,36.47311738186678,-314.63994530407945,-263.34368591595614,0.007594423963064521
2024-11-18,23605.3,23606.8,23350.4,23453.8,0.0027586148086877,1,-0.0033527814487925856,23714.06,23961.055,24176.799999999996,24861.624,-850.5499999999993,30.887464110700876,-338.1310830642942,-278.30116534562376,0.007429709178713512
2024-11-19,23529.55,23780.65,23464.8,23518.5,-0.0071688245423814,0,0.002758614808687776,23589.5,23913.370000000003,24113.67,24834.950999999997,-476.84999999999854,28.955018529614136,-347.52122138851337,-292.1451765542017,0.0075353729765638595
2024-11-21,23488.45,23507.3,23263.15,23349.9,0.0238694812397482,1,-0.007168824542381436,23482.79,23827.030000000002,24057.56,24803.221,-863.3999999999978,28.417728411194673,-364.3673842192984,-306.5896180872211,0.0072575076080100475
2024-11-22,23411.8,23956.1,23359.0,23907.25,0.0131612795281766,1,0.02386948123974819,23552.43,23769.35,24031.1475,24780.543999999998,-576.7999999999993,44.51538121872243,-328.9526413178464,-311.0622227333462,0.009329517857625626
2024-11-25,24253.55,24351.55,24135.45,24221.9,-0.0011312077087264,0,0.013161279528176584,23690.27,23771.605,24022.2725,24766.612999999998,22.55000000000291,48.594562345521226,-272.3570149270454,-303.321181172086,0.00985380055822526
2024-11-26,24343.3,24343.3,24125.4,24194.5,0.0033230692926078,1,-0.0011312077087264338,23838.41,23776.235,24022.9575,24742.725,46.29999999999927,53.7552090207984,-227.09768353907566,-288.07648164548397,0.009645815102290109
2024-11-27,24204.8,24354.55,24145.65,24274.9,-0.0148610292936325,0,0.0033230692926078387,23989.69,23789.594999999998,24019.745,24721.093000000004,133.60000000000218,51.225090489638475,-182.63641041699884,-266.98846739978694,0.009558403845412507
2024-11-28,24274.15,24345.75,23873.35,23914.15,0.0090720347576642,1,-0.014861029293632533,24102.54,23792.665,23992.11,24691.701,30.700000000000728,39.05763987558087,-174.4985307866882,-248.4904800771672,0.010014276075995601
2024-11-29,23927.15,24188.45,23927.15,24131.1,0.006006771344862,1,0.009072034757664271,24147.31,23849.87,23981.6225,24665.952,572.0499999999993,48.65456265893903,-148.82755921551507,-228.55789590483678,0.01021408509314235
2024-12-02,24140.85,24301.7,24008.65,24276.05,0.0074600274756396,1,0.006006771344862161,24158.14,23924.205,23985.157499999998,24643.922,743.3499999999985,52.43046974507155,-115.4559711273796,-205.93751094934538,0.01023278671811462
2024-12-03,24367.5,24481.35,24280.0,24457.15,0.0004211447368151,1,0.0074600274756395635,24210.670000000002,24024.54,23992.7975,24624.749,1003.3500000000022,55.63142974307775,-73.54767879477004,-179.45954451843033,0.010327600169723363
2024-12-04,24488.75,24573.2,24366.3,24467.45,0.0098477773531774,1,0.00042114473681520437,24249.18,24119.435,24016.4025,24598.279,948.9500000000007,61.42052565707133,-39.05374401800145,-151.37838441834455,0.009859211736377889
2024-12-05,24539.15,24857.75,24295.55,24708.4,-0.0012384452251057,0,0.009847777353177323,24408.03,24255.285,24041.157499999998,24573.665999999997,1358.5,73.23468170699661,7.637558089361846,-119.57519591680328,0.009893549917046772
2024-12-06,24729.45,24751.05,24620.5,24677.8,-0.0023827083451522,0,-0.0012384452251057443,24517.370000000003,24332.34,24050.845,24548.414,770.5499999999993,73.10905715208258,41.690999249378365,-87.32195688356695,0.009610453129177592
2024-12-09,24633.9,24705.0,24580.05,24619.0,-0.0003635403550103,0,-0.002382708345152307,24585.96,24372.05,24071.827500000003,24520.711,397.09999999999854,73.70701932858594,63.205336349117715,-57.21649823703002,0.00921369557509026
2024-12-10,24652.65,24677.8,24510.65,24610.05,0.0012901233439184,1,-0.0003635403550104055,24616.54,24413.605000000003,24094.920000000002,24488.591,415.5499999999993,72.72405537628808,78.6270496170182,-30.047788666220377,0.009191849665743854
2024-12-11,24620.5,24691.75,24583.85,24641.8,-0.0037781330909267,0,0.0012901233439184256,24651.409999999996,24450.295000000002,24119.945,24457.848,366.8999999999978,78.52002295907093,92.3463172814154,-5.568967476693224,0.009187112155555692
2024-12-12,24604.45,24675.25,24527.95,24548.7,0.0089454838749098,1,-0.003778133090926783,24619.47,24513.75,24153.2075,24432.605,634.5499999999993,67.81162358037372,94.61587095259165,14.468000209163751,0.008845888580734458
2024-12-13,24498.35,24792.3,24180.8,24768.3,-0.0040394375068131,0,0.008945483874909899,24637.57,24577.47,24213.670000000002,24412.033000000003,637.2000000000007,66.01782363977478,112.83371646758678,34.14114346084836,0.008250360925437066
2024-12-16,24753.4,24781.25,24601.75,24668.25,-0.0134687300477334,0,-0.004039437506813126,24647.420000000002,24616.69,24270.447500000002,24400.396,392.2000000000007,63.320680444257,117.83990635576993,50.88089603983268,0.008343819599031348
2024-12-17,24584.8,24624.1,24303.45,24336.0,-0.0056356837606838,0,-0.013468730047733413,24592.609999999997,24604.575,24314.557500000003,24386.824,-121.15000000000146,51.50485197773505,93.91495648063938,59.48770812799402,0.00899183988032969
2024-12-18,24297.95,24394.45,24149.85,24198.85,-0.0102132952598986,0,-0.005635683760683796,24504.02,24577.715,24348.575,24374.885999999995,-268.6000000000022,57.87987821754766,63.15934097755235,60.22203469790569,0.009143604929541868
2024-12-19,23877.15,24004.9,23870.3,23951.7,-0.015205601272561,0,-0.01021329525989867,24384.62,24502.045,24378.665,24353.657000000003,-756.7000000000007,45.11624108455388,18.627626939774927,51.90315314627954,0.009318600221842348
2024-12-20,23960.7,24065.8,23537.35,23587.5,0.0070355060943296,1,-0.015205601272561098,24148.46,24393.015,24362.677499999998,24325.768000000004,-1090.2999999999993,33.25469977382721,-45.52716470737141,32.417089575549355,0.00839082753890471
2024-12-23,23738.2,23869.55,23647.2,23753.45,-0.001086158010731,0,0.00703550609432968,23965.5,24306.46,24339.254999999997,24300.868000000002,-865.5499999999993,32.759212073696574,-82.03388563083354,9.526894534272778,0.007961359430216674
2024-12-24,23769.1,23867.65,23685.15,23727.65,0.0009503680305466,1,-0.0010861580107310864,23843.829999999998,24218.219999999998,24315.9125,24276.136000000002,-882.3999999999978,32.011379662500616,-111.75927797108307,-14.730339966798393,0.007961310583309475
2024-12-26,23775.8,23854.5,23653.6,23750.2,0.0026610302229034,1,0.000950368030546711,23754.1,24129.06,24289.677499999998,24248.580999999995,-891.5999999999985,23.932205234234672,-131.97593261975635,-38.17945849738999,0.00791191073939005
2024-12-27,23801.4,23938.85,23800.6,23813.4,-0.0070758480519371,0,0.0026610302229033156,23726.440000000002,24055.53,24284.64,24223.702,-735.2999999999993,26.893878642074327,-141.2695972861584,-58.79748625514367,0.00724558338184648
2024-12-30,23796.9,23915.35,23599.3,23644.9,-4.22924182391056e-06,0,-0.0070758480519371725,23737.920000000002,23943.19,24260.33,24197.174,-1123.3999999999978,25.403999596000418,-160.38264399303807,-79.11451780272256,0.0070568735371509496
2024-12-31,23560.6,23689.85,23460.45,23644.8,0.0041489037758831,1,-4.229241823860974e-06,23716.19,23840.845,24228.7675,24175.072999999997,-1023.4500000000007,25.518046009080052,-173.53750800563284,-97.99911584330462,0.006868534131680676
2025-01-01,23637.65,23822.8,23562.8,23742.9,0.0187740335005412,1,0.004148903775883062,23719.24,23781.535,24193.055,24152.85,-593.0999999999985,27.943269372331613,-174.04074894990845,-113.20744246462539,0.006683846879779868
2025-01-02,23783.0,24226.7,23751.55,24188.65,-0.0076027393012839,0,0.0187740335005413,23806.93,23780.515,24179.114999999998,24141.001,-10.19999999999709,42.46867613529401,-136.89325112619554,-117.94460419693942,0.008071465995530352
2025-01-03,24196.4,24196.45,23976.0,24004.75,-0.0161926285422677,0,-0.007602739301283967,23845.2,23785.82,24143.932500000003,24131.654,53.04999999999927,33.78633767226556,-120.89913458480805,-118.53551027451316,0.007828778601791491
2025-01-06,24045.8,24089.95,23551.9,23616.05,0.003889304096155,1,-0.016192628542267662,23839.43,23788.675000000003,24090.844999999998,24115.265,28.549999999999272,30.096848636174514,-137.99777108845228,-122.42796243730099,0.008496710714818083
2025-01-07,23679.9,23795.2,23637.8,23707.9,-0.0007993116218644,0,0.003889304096154955,23852.05,23784.120000000003,24045.29,24101.435,-45.54999999999927,36.930375795913356,-142.49444902050163,-126.44125975394113,0.008603219985428165
2025-01-08,23746.65,23751.85,23496.15,23688.95,-0.0068576277124988,0,-0.0007993116218644181,23841.260000000002,23780.25,23999.235,24091.597999999998,-38.70000000000073,38.84098568739888,-145.90529983312445,-130.3340677697778,0.008599812204507212
2025-01-09,23674.75,23689.5,23503.05,23526.5,-0.0040379997024631,0,-0.0068576277124988705,23708.829999999998,23757.879999999997,23943.47,24075.345,-223.70000000000073,40.336363636363664,-159.87385474520124,-136.24202516486247,0.008635129137228813
2025-01-10,23551.9,23596.6,23344.35,23431.5,-0.0147472419606085,0,-0.004037999702463213,23594.18,23719.690000000002,23887.61,24054.638,-381.90000000000146,45.960223741454335,-176.57430255671352,-144.30848064323268,0.008637700740408497
2025-01-13,23195.4,23340.95,23047.25,23085.95,0.0039028066854514,1,-0.014747241960608504,23488.16,23663.795000000002,23803.4925,24029.54,-558.9500000000007,34.18546247156944,-215.21169839129652,-158.48912419284545,0.008640274086326356
2025-01-14,23165.9,23264.95,23134.15,23176.05,0.0016029478707545,1,0.0039028066854513987,23381.79,23616.920000000002,23728.8825,24008.953999999998,-468.75,37.3177909596726,-235.84314300937694,-173.95992795615174,0.008794130026259922
2025-01-15,23250.45,23293.65,23146.45,23213.2,0.0042475832715867,1,0.0016029478707546563,23286.64,23563.95,23672.7425,23987.130999999998,-529.7000000000007,37.73580596537712,-246.3561763368234,-188.4391776322861,0.008497652040152534
2025-01-16,23377.25,23391.65,23272.05,23311.8,-0.0046585849226571,0,0.004247583271586697,23243.7,23476.265000000003,23628.390000000003,23973.46,-876.8500000000022,38.72656987458983,-243.91987850121222,-199.53531780607133,0.008581925712334775
2025-01-17,23277.1,23292.1,23100.35,23203.2,0.0061004516618397,1,-0.0046585849226571385,23198.04,23396.11,23590.965000000004,23953.257999999998,-801.5499999999993,39.798133776792326,-247.89463229381363,-209.20718070361983,0.008383956190946073
2025-01-20,23290.4,23391.1,23170.65,23344.75,-0.0137118624101778,0,0.006100451661839701,23249.8,23368.98,23578.827500000003,23930.471999999998,-271.2999999999993,43.494850948509516,-236.89200768922456,-214.7441461007408,0.007897362974966519
2025-01-21,23421.65,23426.3,22976.85,23024.65,0.005676524941747,1,-0.013711862410177855,23219.52,23300.655,23542.3875,23906.978000000003,-683.25,35.79551072876495,-251.10713647264492,-222.01674417512163,0.008213484250950899
2025-01-22,23099.15,23169.55,22981.3,23155.35,0.0021593281898135,1,0.005676524941747196,23207.95,23247.295,23513.7725,23887.120999999996,-533.6000000000022,26.65597325140058,-248.95651501837347,-227.40469834377203,0.008370203009454891
2025-01-23,23128.3,23270.8,23090.65,23205.35,-0.0048760307429104,0,0.0021593281898135697,23186.66,23215.18,23486.530000000002,23868.402000000002,-321.15000000000146,30.777184629442516,-240.44583991866602,-230.01292665875084,0.008390788966269686
2025-01-24,23183.9,23347.3,23050.0,23092.2,-0.0113912922978321,0,-0.004876030742910431,23164.46,23181.25,23450.47,23852.576999999997,-339.2999999999993,35.47886347886346,-240.06401937138799,-232.02314520127828,0.008380988290415638
2025-01-27,22940.15,23007.45,22786.9,22829.15,0.0056112470240897,1,-0.01139129229783209,23061.34,23155.57,23409.6825,23837.979000000003,-256.7999999999993,27.752601331679173,-258.0131455024748,-237.2211452615176,0.008585078572551773
2025-01-28,22960.45,23137.95,22857.65,22957.25,0.008966666303673,1,0.005611247024089661,23047.86,23133.690000000002,23375.305,23826.47,-218.79999999999927,32.44565999712094,-258.9167269954669,-241.56026160830746,0.008734631617339218
2025-01-29,23026.75,23183.35,22976.5,23163.1,0.0037300706727511,1,0.008966666303673154,23049.409999999996,23128.68,23346.315,23820.656000000003,-50.10000000000218,41.459459459459374,-240.252960621081,-241.29880141086218,0.008960339807478315
2025-01-30,23169.5,23322.05,23139.2,23249.5,0.0111357233488892,1,0.003730070672751218,23058.24,23122.45,23299.357500000002,23815.276,-62.29999999999927,45.705318797489234,-216.0001184688299,-236.23906482245573,0.007744530318878766
2025-01-31,23296.75,23546.8,23277.4,23508.4,-0.0011166221435742,0,0.011135723348889348,23141.48,23152.97,23274.54,23818.446,305.2000000000007,60.39365235576339,-173.88407269747404,-223.7680663974594,0.008147591455533348
2025-02-01,23528.6,23632.45,23318.3,23482.15,-0.0051571086974575,0,-0.0011166221435742196,23272.079999999998,23166.71,23267.845,23809.944,137.40000000000146,57.775350538508526,-140.99960295983328,-207.2143737099342,0.0073251255157913055
2025-02-03,23319.35,23381.6,23222.0,23361.05,0.0161893408044587,1,-0.0051571086974575575,23352.84,23200.35,23250.5025,23792.727000000003,336.3999999999978,53.6019684751626,-123.28898304618633,-190.42929557718463,0.007334806982911008
2025-02-04,23509.9,23762.75,23423.15,23739.25,-0.0018092399717767,0,0.016189340804458663,23468.07,23258.739999999998,23253.017499999998,23783.622000000003,583.9000000000015,59.165076438174104,-77.83833800790308,-167.9111040633283,0.008250588640209932
2025-02-05,23801.75,23807.3,23680.45,23696.3,-0.0039225533100104,0,-0.0018092399717767327,23557.43,23307.835,23261.5075,23772.05,490.9500000000007,60.87896571504213,-44.76802251628396,-143.28248775391944,0.008101158040721219
2025-02-06,23761.95,23773.55,23556.25,23603.35,-0.0018387220458112,0,-0.003922553310010457,23576.420000000002,23358.95,23270.1,23765.834,511.1499999999978,55.83036479235241,-25.762869096732175,-119.77856402248199,0.008097876738673756
2025-02-07,23649.5,23694.5,23443.2,23559.95,-0.0075700500213286,0,-0.0018387220458111475,23591.980000000003,23432.03,23293.8,23754.410999999996,730.7999999999993,63.789283874291606,-14.041305943563202,-98.63111240669824,0.007302723239779948
2025-02-10,23543.8,23568.6,23316.3,23381.6,-0.0132497348342285,0,-0.007570050021328711,23596.09,23474.465,23304.0775,23736.522,424.34999999999854,55.68853242149196,-18.92508061337503,-82.68990604803359,0.007513735526861997
2025-02-11,23383.55,23390.05,22986.65,23071.8,-0.0011507554677138,0,-0.013249734834228644,23462.6,23465.335,23297.0075,23708.815,-91.29999999999927,47.03017634370346,-47.249119678173884,-75.60174877406166,0.008106325840596377
2025-02-12,23050.8,23144.7,22798.35,23045.25,-0.0006009915275381,0,-0.0011507554677138154,23332.39,23444.909999999996,23283.68,23680.371,-204.25,48.91412447672131,-71.01981558730768,-74.68536213671086,0.008037419425698024
2025-02-13,23055.75,23235.5,22992.2,23031.4,-0.0044352492683901,0,-0.0006009915275381195,23218.0,23397.21,23275.09,23646.831000000002,-477.0,55.28716701958017,-89.93908086555166,-77.73610588247902,0.007979096523276035
2025-02-14,23096.45,23133.7,22774.85,22929.25,0.0013192755977626,1,-0.004435249268390229,23091.859999999997,23341.920000000002,23254.315,23611.86,-552.9000000000015,49.25796364021837,-111.88563821044227,-84.56601234807167,0.007878579427133426
2025-02-17,22809.9,22974.2,22725.45,22959.5,-0.0006184803676038,0,0.0013192755977626813,23007.440000000002,23301.765000000003,23251.057500000003,23578.67,-401.5499999999993,44.05061071825148,-125.39207899962275,-92.73122567838189,0.007283336607790512
2025-02-18,22963.65,22992.5,22801.5,22945.3,-0.0005404156842576,0,-0.0006184803676038131,22982.14,23222.370000000003,23240.555,23545.375,-793.9500000000007,40.719384953322354,-135.67784225041032,-101.32054899278758,0.007154697511877297
2025-02-19,22847.25,23049.95,22814.85,22932.9,-0.0008612081332932,0,-0.0005404156842576668,22959.670000000002,23146.03,23226.932500000003,23511.196999999996,-763.3999999999978,29.33424303361106,-143.17947622466454,-109.69233443916298,0.007128669234057652
2025-02-20,22821.1,22923.85,22812.75,22913.15,-0.0051171488861199,0,-0.0008612081332932675,22936.02,23077.010000000002,23217.98,23478.486,-690.1999999999971,29.471823363879082,-149.0006484127589,-117.55399723388217,0.007057088243593108
2025-02-21,22857.2,22921.0,22720.3,22795.9,-0.0106400712408811,0,-0.0051171488861200265,22909.350000000002,23000.605000000003,23216.3175,23439.037999999997,-764.0499999999993,29.553923519409636,-161.21665911952732,-126.2865296110112,0.006670000731465722
2025-02-24,22609.35,22668.05,22518.8,22553.35,-0.0002571680038663,0,-0.010640071240881177,22828.12,22917.78,23196.1225,23396.74,-828.25,2.426989730423628,-188.2990987431258,-138.68904343743412,0.006928679812435714
2025-02-25,22516.45,22625.3,22513.9,22547.55,-0.0001108767914917,0,-0.000257168003866326,22748.57,22865.355000000003,23165.344999999998,23360.971,-524.25,2.5015505478602478,-207.8343537332039,-152.51810549658808,0.006535695725985874
2025-02-27,22568.95,22613.3,22508.4,22545.05,-0.0186448910071167,0,-0.00011087679149179852,22671.0,22815.335,23130.1225,23327.895,-500.2000000000007,2.7037897747586754,-220.97070047775924,-166.2086244928223,0.0064349763776642204
2025-02-28,22433.4,22450.35,22104.85,22124.7,-0.0002440711060489,0,-0.01864489100711675,22513.31,22724.665,23060.9375,23291.355,-906.7000000000007,2.022396790907564,-262.27671914681923,-185.4222434236217,0.006788777836875875
2025-03-03,22194.55,22261.55,22004.7,22119.3,-0.0016569240437083,0,-0.00024407110604895976,22377.989999999998,22643.670000000002,22992.795000000002,23261.990999999995,-809.9500000000007,2.2868158451769034,-292.0808452362944,-206.75396378615625,0.006804348944939013
2025-03-04,21974.45,22105.05,21964.6,22082.65,0.0115316775839855,1,-0.0016569240437083188,22283.85,22555.985,22928.875,23228.575,-876.8499999999985,2.881913018625255,-315.0267463578348,-228.40852030049197,0.006789943513877722
2025-03-05,22073.05,22394.9,22067.8,22337.3,0.0092849180518684,1,0.011531677583985545,22241.8,22495.185,22858.7775,23200.768000000004,-608.0,22.29700645666199,-309.1002957110868,-244.54687538261095,0.006154982433636985
2025-03-06,22476.35,22556.45,22245.85,22544.7,0.000345979321082,1,0.009284918051868374,22241.73,22456.364999999998,22801.197500000002,23176.658000000003,-388.2000000000007,33.46020526065381,-284.3898253102343,-252.51546536813564,0.006741868169176093
2025-03-07,22508.65,22633.8,22464.75,22552.5,-0.004088238554484,0,0.0003459793210820461,22327.29,22420.3,22748.655,23151.44,-360.65000000000146,36.319401575946806,-261.16663824050556,-254.24569994260963,0.006760874561956604
2025-03-10,22521.85,22676.75,22429.05,22460.3,0.0016740649056335,1,-0.004088238554484036,22395.489999999998,22386.739999999998,22693.672499999997,23127.748000000003,-335.6000000000022,32.65341580373892,-247.3505613255802,-252.86667221920374,0.006772326334320613
2025-03-11,22345.95,22522.1,22314.7,22497.9,-0.0012178914476462,0,0.0016740649056334878,22478.54,22381.195,22649.4875,23104.81,-55.44999999999709,34.70218149490536,-230.707759624991,-248.4348897003612,0.006713601990661224
2025-03-12,22536.35,22577.4,22329.55,22470.5,-0.003262054693932,0,-0.0012178914476462799,22505.18,22373.489999999998,22619.4225,23079.362,-77.04999999999927,34.34982738780205,-217.22513425131183,-242.19293861055132,0.006159544044944235
2025-03-13,22541.5,22558.05,22377.35,22397.2,0.0049805332809458,1,-0.003262054693932037,22475.68,22358.705,22587.02,23043.533,-147.84999999999854,33.1482509716824,-210.03361711522302,-235.7610743114857,0.0061748989739098415
2025-03-17,22353.15,22577.0,22353.15,22508.75,0.0144632642861109,1,0.004980533280945831,22466.93,22397.11,22560.8875,23013.612999999998,384.0499999999993,40.58617185194895,-193.1071165998801,-227.2302827691646,0.006337238728007456
2025-03-18,22662.25,22857.8,22599.2,22834.3,0.0032100830767748,1,0.014463264286110888,22541.73,22468.61,22556.14,22997.978,715.0,58.73519261262945,-151.67516187589717,-212.11925859051115,0.007172094708293992
2025-03-19,22874.95,22940.7,22807.95,22907.6,0.0123561612739878,1,0.003210083076774728,22623.670000000002,22551.105000000003,22553.545,22981.972,824.9499999999971,60.743592038910265,-111.63844336706461,-192.02309554582186,0.007205324343868226
2025-03-20,23036.6,23216.7,22973.95,23190.65,0.0068885520673202,1,0.012356161273987754,22767.7,22636.44,22565.8125,22972.006,853.3500000000022,66.5013802269707,-56.41892381322759,-164.902261199303,0.007720742825881703
2025-03-21,23168.25,23402.7,23132.8,23350.4,0.0131882109085924,1,0.006888552067320308,22958.34,22717.010000000002,22586.6875,22968.484,805.7000000000007,86.1435480066053,0.23077297468626057,-131.87565436450515,0.007842742046624432
2025-03-24,23515.4,23708.75,23433.5,23658.35,0.0004353642582852,1,0.013188210908592346,23188.26,22827.595,22623.947500000002,22973.021,1105.8499999999985,88.51187348297178,69.17762062362453,-91.66499936687921,0.00829013591206864
2025-03-25,23751.5,23869.6,23601.4,23668.65,-0.0076810464475161,0,0.0004353642582852757,23355.13,22948.43,22667.585,22984.675,1208.3500000000022,90.21706055380864,123.22910957223576,-48.68617757905622,0.008143824363804906
2025-03-26,23700.95,23736.5,23451.7,23486.85,0.004474844434226,1,-0.0076810464475161044,23470.98,23047.325,22714.260000000002,22990.891,988.9499999999971,80.26804286579411,149.67025778471725,-9.014890506301526,0.007927802131023879
2025-03-27,23433.95,23646.45,23412.2,23591.95,-0.0030773208658038,0,0.004474844434225966,23551.24,23159.47,22766.480000000003,22998.466,1121.4500000000007,79.14451896585297,177.06465871717592,28.201019338393966,0.007925626506286178
2025-03-28,23600.4,23649.2,23450.2,23519.35,-0.0150365550068347,0,-0.003077320865803923,23585.03,23271.684999999998,22815.195,23002.617000000002,1122.1499999999978,75.97034569824578,190.71822459055693,60.70446038882656,0.008000451824893246
2025-04-01,23341.1,23565.15,23136.4,23165.7,0.0071938253538635,1,-0.015036555006834651,23486.5,23337.379999999997,22867.245000000003,23001.867000000002,656.9500000000007,66.61406566489234,171.03063973818644,82.76969625869854,0.007533960061810222
2025-04-02,23192.6,23350.0,23158.45,23332.35,-0.0035251485598321,0,0.007193825353863481,23419.239999999998,23387.185,22927.8975,23001.619000000002,498.0499999999993,68.52727636048748,166.95084374572252,99.60592575610335,0.00758370141995356
2025-04-03,23150.3,23306.5,23145.8,23250.1,-0.0148666027242892,0,-0.003525148559832214,23371.890000000003,23421.434999999998,22986.27,23006.127999999997,342.5,66.89786717530774,155.29059510495063,110.7428596258728,0.007651400226328965
2025-04-04,23190.4,23214.7,22857.45,22904.45,-0.0324325622313568,0,-0.014866602724289302,23234.39,23392.815,23014.627500000002,23001.11,-286.2000000000007,59.83366613031425,116.81215990087003,111.95671968087225,0.008281768164005074
2025-04-07,21758.4,22254.0,21743.65,22161.6,0.0168873186051548,1,-0.03243256223135693,22962.84,23273.935,22995.4725,22980.235,-1188.800000000003,44.59343705711036,26.075355568322266,94.78044685836225,0.010976517288698619
2025-04-08,22446.75,22697.2,22270.85,22535.85,-0.006065890569914,0,0.0168873186051548,22836.870000000003,23161.685,22994.64,22969.108000000004,-1122.5,45.42135219305647,-15.457187490719662,72.73291998854587,0.011668678428805281
2025-04-09,22460.3,22468.7,22353.25,22399.15,0.0191703703042301,1,-0.006065890569914023,22650.23,23034.735,22991.5825,22960.507999999998,-1269.5,42.34849738905364,-58.72562222369743,46.441211546097215,0.011713690923424709
2025-04-11,22695.4,22923.9,22695.4,22828.55,0.0219023985316632,1,0.0191703703042303,22565.92,22968.905,23008.114999999998,22957.933999999997,-658.2999999999993,44.78076623713566,-57.70202411165883,25.612564414546007,0.012479176509564639
2025-04-15,23368.35,23368.35,23207.0,23328.55,0.0046573833350123,1,0.021902398531663314,22650.739999999998,22942.565,23051.017499999998,22961.243000000002,-263.40000000000146,49.71319060682826,-16.356446968471573,17.218762137942495,0.013324267684349324
2025-04-16,23344.1,23452.2,23273.05,23437.2,0.0176834263478572,1,0.004657383335012311,22905.86,22934.35,23103.017499999998,22964.997000000003,-82.14999999999782,46.93685333185593,24.890446200333827,18.753098950420764,0.013278501139657797
2025-04-17,23401.85,23872.35,23298.55,23851.65,0.011483482274811,1,0.017683426347857356,23169.02,23002.945,23170.1625,22971.861999999997,685.9500000000007,52.279521674140504,89.98427479469319,32.99933411927525,0.013707514003504687
2025-04-21,23949.15,24189.55,23903.65,24125.55,0.0017284580040662,1,0.011483482274811108,23514.3,23082.265,23234.725,22984.73,793.2000000000007,57.777453057645964,161.80782398064548,58.761032091549296,0.01359196768585494
2025-04-22,24185.4,24242.6,24072.0,24167.25,0.0066908729789281,1,0.0017284580040661801,23782.04,23173.98,23297.7075,23000.854,917.1500000000015,57.1152942340515,219.56236737156723,90.9212991475529,0.013593895279373235
2025-04-23,24357.6,24359.3,24119.95,24328.95,-0.0033807459836943,0,0.00669087297892812,23982.120000000003,23316.43,23354.6225,23012.647999999997,1424.5,59.79718282588707,275.2086635625019,127.77877203054271,0.01344176475524903
2025-04-24,24277.9,24347.85,24216.15,24246.7,-0.0085516791975816,0,-0.003380745983694311,24144.02,23524.94,23399.4375,23023.655999999995,2085.100000000002,64.00113977826135,309.1086544407299,164.04474851258016,0.013460824054533634
2025-04-25,24289.0,24365.45,23847.85,24039.35,0.0120281954378966,1,-0.008551679197581596,24181.56,23675.29,23418.4875,23032.376,1503.5,59.06154674322627,315.60512986451795,194.35682478296772,0.01338493583015114
2025-04-28,24070.25,24355.1,24054.05,24328.5,0.0003062252091169,1,0.012028195437896683,24222.15,23868.225,23451.48,23047.747000000003,1929.3499999999985,63.12560856864656,340.1644182465243,223.51834347567905,0.013613526460590086
2025-04-29,24370.7,24457.65,24290.75,24335.95,-7.191007542339626e-05,0,0.00030622520911682827,24255.890000000003,24018.965000000004,23493.935,23066.834,1507.4000000000015,68.98641837763275,356.12381036066654,250.03943685267654,0.01344726596809346
2025-04-30,24342.05,24396.15,24198.75,24334.2,0.000513680334673,1,-7.191007542339811e-05,24256.94,24119.53,23531.0475,23092.082,1005.6500000000015,85.86687357612179,364.4296154602307,272.9174725741874,0.01343922667012874
2025-05-02,24311.9,24589.15,24238.5,24346.7,0.0047008424139616,1,0.0005136803346730279,24276.94,24210.480000000003,23572.415,23118.111,909.5,83.94983033052742,367.78111956432986,291.8902019722159,0.013396860645734076
2025-05-05,24419.5,24526.4,24400.65,24461.15,-0.0033338579747887,0,0.004700842413961626,24361.3,24271.43,23637.1875,23146.706000000002,609.5,88.98362763262367,375.3456185682335,308.5812852914194,0.012803962919953466
2025-05-06,24500.75,24509.65,24331.8,24379.6,0.0014274229273656,1,-0.00333385797478869,24371.52,24296.835,23689.55,23175.713000000003,254.04999999999927,83.7647212486665,370.48936429986134,320.9629010931078,0.012830308380881318
2025-05-07,24233.3,24449.6,24220.0,24414.4,-0.0057588963890164,0,0.0014274229273656402,24387.21,24321.55,23747.765,23204.811,247.15000000000146,79.64130701826208,365.23857404059163,329.81803568260455,0.012760048057155492
2025-05-08,24431.5,24447.25,24150.2,24273.8,-0.0109500778617274,0,-0.005758896389016388,24375.129999999997,24316.034999999996,23816.2325,23231.381,-55.150000000001455,72.44580382056216,345.74648966036693,333.00372647815703,0.012259446164085646
2025-05-09,23935.75,24164.25,23935.75,24008.0,0.0381831056314562,1,-0.010950077861727414,24307.39,24292.165,23908.552499999998,23252.883,-238.70000000000073,54.55844193708264,305.33136383927194,327.46925395038005,0.009658762745393202
2025-05-12,24420.1,24944.8,24378.85,24924.7,-0.0138958543131914,0,0.038183105631456105,24400.1,24380.7,24027.995000000003,23293.113999999998,885.3500000000022,66.94730145265606,343.31459729750713,330.6383226198055,0.012030654180037204
2025-05-13,24864.05,24973.8,24547.5,24578.35,0.0036027642213575,1,-0.013895854313191403,24439.85,24405.685,24136.954999999998,23328.763000000003,249.84999999999854,57.720477764423,341.5320639978636,332.81707089541715,0.012530762541971175
2025-05-14,24613.8,24767.55,24535.55,24666.9,0.0160214700671749,1,0.003602764221357635,24490.35,24438.780000000002,24228.8725,23371.034,330.9500000000007,56.52602104856615,343.30720669474977,334.9150980552837,0.012061038810921867
2025-05-15,24694.45,25116.25,24494.45,25062.1,-0.0016878074862042,0,0.016021470067175025,24648.010000000002,24511.57,24315.55,23421.325,727.8999999999978,64.0479636138101,372.3115810960735,342.3943946634417,0.01166548339240082
2025-05-16,25064.65,25070.0,24953.05,25019.8,-0.0029716464560067,0,-0.0016878074862042292,24850.370000000003,24578.879999999997,24394.68,23470.82,673.0999999999985,67.91005242679422,387.4185800589803,351.39923174254943,0.011722906821765336
2025-05-19,25005.35,25062.95,24916.65,24945.45,-0.0104848780038042,0,-0.0029716464560067823,24854.519999999997,24627.31,24449.37,23527.235,484.2999999999993,62.22966677899575,388.9084672229801,358.9010788386356,0.011294502592604356
2025-05-20,24996.2,25010.35,24669.7,24683.9,0.0052483602672186,1,-0.010484878003804265,24875.629999999997,24657.739999999998,24477.2875,23578.527000000002,304.3000000000029,56.266095193502494,364.7793649472151,360.07673606035155,0.011422325632064134
2025-05-21,24744.25,24946.2,24685.35,24813.45,-0.0082112725155107,0,0.005248360267218644,24904.940000000002,24697.645,24509.5975,23633.142999999996,399.0499999999993,58.250839287251424,352.05224077164894,358.47183700261104,0.011457864874104213
2025-05-22,24733.95,24737.5,24462.4,24609.7,0.0098924407855439,1,-0.008211272515510792,24814.46,24731.235,24523.635000000002,23678.590999999997,335.90000000000146,54.24810208366983,321.8152945854199,351.14052851917285,0.01157835355998879
2025-05-23,24639.5,24909.05,24614.05,24853.15,0.0059549795498759,1,0.009892440785543855,24781.129999999997,24815.75,24553.957499999997,23724.76,845.1500000000015,56.07846177701968,313.8784815382496,343.6881191229882,0.011715549464642025
2025-05-26,24919.35,25079.2,24900.5,25001.15,-0.0069976781068071,0,0.005954979549875894,24792.27,24823.395,24602.0475,23773.732999999997,76.45000000000073,59.44332183715951,315.8894857715168,338.12839245269396,0.011520940583203817
2025-05-27,24956.65,25062.9,24704.1,24826.2,-0.0029706519725129,0,-0.00699767810680707,24820.730000000003,24848.18,24626.932500000003,23821.050999999996,247.85000000000218,56.000990935851455,299.9090533528906,330.48452463273327,0.011436737324341705
2025-05-28,24832.5,24864.25,24737.05,24752.45,0.0032784633440325,1,-0.0029706519725128944,24808.53,24856.735,24647.7575,23866.142000000003,85.54999999999927,57.1137697852419,278.08781367045594,320.00518244027785,0.011471739913083135
2025-05-29,24825.1,24892.6,24677.3,24833.6,-0.0033382191869079,0,0.0032784633440325894,24853.31,24833.885000000002,24672.7275,23913.404,-228.5,62.98276512768901,264.2958131936721,308.8633085909567,0.011481097067320267
2025-05-30,24812.6,24863.95,24717.4,24750.7,-0.0013777388114276,0,-0.0033382191869080202,24832.82,24806.975,24692.9275,23960.474,-269.09999999999854,46.29124392531332,243.86509130225022,295.8636651332154,0.011523292740706004
2025-06-02,24669.7,24754.4,24526.15,24716.6,-0.0070438490730925,0,-0.0013777388114276645,24775.91,24784.09,24705.7,24004.631,-228.85000000000218,53.39922795111997,222.35879818159083,281.1626917428905,0.011497497641810421
2025-06-03,24786.3,24845.1,24502.15,24542.5,0.0031659366405215,1,-0.007043849073092523,24719.170000000002,24769.95,24713.845,24038.795,-141.40000000000146,47.064791656835396,189.08681584282385,262.7475165628772,0.011593520118097469
2025-06-04,24560.45,24644.25,24530.45,24620.2,0.0053086489955402,1,0.0031659366405216716,24692.719999999998,24750.625,24724.135000000002,24073.047,-193.25,37.73590142095917,167.06247850227737,243.61050895075724,0.011608168594345299
2025-06-05,24691.2,24899.85,24613.1,24750.9,0.0101875083330302,1,0.005308648995540288,24676.18,24764.745000000003,24747.99,24104.252,141.20000000000073,42.886243386243436,158.32930846621093,226.554268853848,0.011558647333811413
2025-06-06,24748.7,25029.5,24671.45,25003.05,0.004005511327618,1,0.010187508333030282,24726.65,24779.734999999997,24797.7425,24137.305,149.89999999999782,51.392784601992425,169.79728854090354,215.2028727912591,0.011369799956443915
2025-06-09,25160.1,25160.1,25077.15,25103.2,4.1827336753851e-05,1,0.004005511327618061,24803.97,24789.94,24806.6675,24166.202,102.04999999999927,60.997167436005036,184.83633516875489,209.12956526675825,0.007605210119930546
2025-06-10,25196.05,25199.3,25055.45,25104.25,0.0014798291126005,1,4.182733675395234e-05,24916.32,24817.745000000003,24832.9625,24194.914000000004,278.0499999999993,58.178187749592205,194.59642771002473,206.22293775541158,0.006826519690515773
2025-06-11,25134.15,25222.4,25081.3,25141.4,-0.0100710382078961,0,0.0014798291126005836,25020.56,24856.64,24856.6875,24228.005,388.9500000000007,66.49910010550491,202.98913351631927,205.57617690759312,0.006801707846370598
2025-06-12,25164.45,25196.2,24825.9,24888.2,-0.0068144743292002,0,-0.010071038207896121,25048.019999999997,24862.1,24847.9925,24253.93,54.60000000000218,51.081089417352935,187.05305819627756,201.87155316533003,0.006243237741009843
2025-06-13,24473.0,24754.35,24473.0,24718.6,0.0092197778191322,1,-0.0068144743292002374,24991.13,24858.890000000003,24832.9325,24277.915,-32.10000000000218,41.399567771588515,158.9065255871683,193.2785476496977,0.006405086121690985
2025-06-16,24732.35,24967.1,24703.6,24946.5,-0.003731986451005,0,0.009219777819132302,24959.79,24881.88,24832.985,24313.531000000003,229.90000000000146,53.54741684359516,153.2235553026876,185.2675491802957,0.0067375825524921655
2025-06-17,24977.85,24982.05,24813.7,24853.4,-0.0016637562667482,0,-0.0037319864510051426,24909.620000000003,24912.97,24841.46,24343.951999999997,310.90000000000146,52.943234496632584,139.59816769743702,176.133672883724,0.0063407645028856876
2025-06-18,24788.35,24947.55,24750.45,24812.05,-0.0007576963612438,0,-0.0016637562667483063,24843.75,24932.155,24841.39,24375.191000000003,191.84999999999854,49.35677402023702,124.03356865973183,165.71365203892555,0.006248071202695229
2025-06-19,24803.25,24863.1,24733.4,24793.25,0.0128724552045416,1,-0.000757696361243787,24824.760000000002,24936.39,24850.567499999997,24412.967,42.349999999998545,51.32056733186429,108.92587917253331,154.3560974656471,0.005946545056487411
2025-06-20,24787.65,25136.2,24783.65,25112.4,-0.0055948455742979,0,0.01287245520454161,24903.52,24947.325,24863.530000000002,24471.982999999997,109.35000000000218,60.43721322715051,121.30730901392599,147.74633977530289,0.006227897474875298
2025-06-23,24939.75,25057.0,24824.85,24971.9,0.0029012610173834,1,-0.005594845574297902,24908.6,24934.195,24862.067499999997,24520.703999999998,-131.29999999999927,61.527516778523484,118.41746277554557,141.88056437535144,0.006234587743330158
2025-06-24,25179.9,25317.7,24999.7,25044.35,0.0080018047982878,1,0.0029012610173835274,24946.79,24928.204999999998,24872.975,24573.607999999997,-59.900000000001455,61.418764302059415,120.58333865401437,137.62111923108404,0.006043159858607552
2025-06-25,25150.35,25266.8,25125.05,25244.75,0.0120520108141296,1,0.008001804798287937,25033.329999999998,24938.54,24897.590000000004,24621.931999999997,103.34999999999854,62.81429201587996,136.89240563966086,137.47537651279941,0.006211528347197337
2025-06-26,25268.95,25565.3,25259.9,25549.0,0.0034756741946846,1,0.012052010814129765,25184.48,25004.620000000003,24933.36,24666.340999999997,660.7999999999993,63.793234127485384,172.3807925299625,144.45645971623202,0.00667329512681861
2025-06-27,25576.65,25654.2,25523.55,25637.8,-0.0047098424981862,0,0.0034756741946846414,25289.56,25096.54,24977.715,24710.353,919.2000000000007,63.584387864003595,205.30439146076606,156.62604606513884,0.006589810098179288
2025-06-30,25661.65,25669.35,25473.3,25517.05,0.0009699397069802,1,-0.00470984249818629,25398.59,25153.594999999998,25017.7375,24743.661,570.5499999999993,59.88789882150039,219.12710411070293,169.12625767425166,0.006714857397423602
2025-07-01,25551.35,25593.4,25501.8,25541.8,-0.0034609933520737,0,0.0009699397069802274,25498.08,25222.435,25067.7025,24771.986,688.3999999999978,59.648192771084275,229.4340487326117,181.18781588592367,0.006402739721419894
2025-07-02,25588.3,25608.1,25378.75,25453.4,-0.0018897278948982,0,-0.003460993352073727,25539.809999999998,25286.57,25109.3625,24797.709,641.3500000000022,64.79426238090255,227.84280535966172,190.51881378067128,0.006510711921447431
2025-07-03,25505.1,25587.5,25384.35,25405.3,0.0021924559048702,1,-0.0018897278948981633,25511.07,25347.775,25142.082499999997,24819.236,612.0499999999993,69.19550511544699,220.16256846792385,196.4475647181218,0.006498839581054775
2025-07-04,25428.85,25470.25,25331.65,25461.0,1.1782726522888828e-05,1,0.002192455904870272,25475.71,25382.635,25164.98,24843.522,348.59999999999854,65.91401175378905,216.0796185559593,200.37397548568933,0.006162220930657906
2025-07-07,25450.45,25489.8,25407.25,25461.3,0.0024036478891494,1,1.1782726522913123e-05,25464.56,25431.575,25182.885000000002,24871.961,489.3999999999978,69.94815252346254,210.44221200321408,202.38762278919427,0.00612174964078159
2025-07-08,25427.85,25548.05,25424.15,25522.5,-0.0018180037222059,0,0.002403647889149374,25460.7,25479.390000000003,25203.797499999997,24895.841,478.15000000000146,73.01350782287588,208.5092899233896,203.61195621603335,0.006130626318933929
2025-07-09,25514.6,25548.7,25424.35,25476.1,-0.004743661706462,0,-0.0018180037222059742,25465.239999999998,25502.525,25220.5325,24918.644,231.34999999999854,71.73089775005562,200.91729353693881,203.07302368021445,0.006156927090405419
2025-07-10,25511.65,25524.05,25340.45,25355.25,-0.0081008864041964,0,-0.004743661706462121,25455.23,25483.15,25243.885000000002,24939.065,-193.75,58.84473904650904,183.03903661265576,199.06622626670273,0.0057704586383205475
2025-07-11,25255.5,25322.45,25129.0,25149.85,-0.0026859007111374,0,-0.008100886404196372,25393.0,25434.355,25265.447500000002,24955.127999999997,-487.9500000000007,56.18848895844191,150.56075512938696,189.3651320392396,0.00586785882474842
2025-07-14,25149.5,25151.1,25001.95,25082.3,0.0045251033597397,1,-0.00268590071113739,25317.2,25390.879999999997,25272.2375,24967.551,-434.75,51.32428377010855,118.010412028485,175.0941880370887,0.005573976591067196
2025-07-15,25089.5,25245.2,25088.45,25195.8,0.0006449487613014,1,0.004525103359739768,25251.859999999997,25356.28,25289.3575,24983.875,-346.0,48.181581782384164,100.21728951890691,160.11880833345236,0.005566482449281109
2025-07-16,25196.6,25255.3,25121.05,25212.05,-0.0039901555010401,0,0.0006449487613013893,25199.05,25332.144999999997,25309.357500000002,24999.827999999998,-241.35000000000218,34.07533437308,86.43102784309303,145.38125223538052,0.00553877441861822
2025-07-17,25230.75,25238.35,25101.0,25111.45,-0.0056966045369741,0,-0.0039901555010400935,25150.29,25302.760000000002,25325.267499999998,25016.581000000002,-293.84999999999854,25.398457583547625,66.61978547209583,129.6289588827236,0.005633418796778991
2025-07-18,25108.55,25144.6,24918.65,24968.4,0.0048981913138206,1,-0.005696604536974181,25114.0,25253.5,25318.067499999997,25035.789,-492.59999999999854,24.879813195366594,38.927560988009645,111.48867930378081,0.0050090927136937176
2025-07-21,24999.0,25111.4,24882.3,25090.7,-0.0011876910568457,0,0.004898191313820632,25115.68,25216.44,25324.0075,25039.109,-370.59999999999854,31.03984532616009,26.543880141645786,94.49971947135381,0.004972015003817944
2025-07-22,25166.65,25182.0,25035.55,25060.9,0.0063445446891372,1,-0.0011876910568456855,25088.7,25170.28,25324.835,25048.76,-461.59999999999854,32.64809902740937,14.161863750428893,78.43214832716883,0.004941189788282622
2025-07-23,25139.35,25233.5,25085.5,25219.9,-0.0062569637468825,0,0.006344544689137255,25090.27,25144.66,25323.5925,25059.82,-256.1999999999971,42.535630888155325,16.983225680378382,66.14236379781075,0.004812957612116214
2025-07-24,25243.3,25246.25,25018.7,25062.1,-0.0089816894833233,0,-0.00625696374688256,25080.4,25115.345,25299.247499999998,25059.82,-293.15000000000146,35.159970238095184,6.412119207489013,54.1963148797464,0.004077301852609604
2025-07-25,25010.35,25010.35,24806.35,24837.0,-0.0062849780569311,0,-0.00898168948332334,25054.120000000003,25084.06,25259.2075,25056.164000000004,-312.84999999999854,30.102626211116785,-19.89985445882121,39.37708101203289,0.004309922479600468
2025-07-28,24782.45,24889.2,24646.6,24680.9,0.0056805059783069,1,-0.006284978056931179,24972.16,25043.92,25217.4,25050.873,-401.3999999999978,24.706978421590435,-52.74029132605938,20.953606544414434,0.0043839470581620715
2025-07-29,24609.65,24847.15,24598.6,24821.1,0.0013677878901418,1,0.005680505978306938,24924.2,25006.45,25181.365,25053.617000000002,-374.7000000000007,31.36557610241813,-66.68490378527349,3.42590447847685,0.004650828114168525
2025-07-30,24890.4,24902.3,24771.95,24855.05,-0.0034882247269669,0,0.0013677878901419138,24851.23,24970.75,25151.447500000002,25054.449,-357.0,35.02933077936065,-74.14196592528606,-12.087669602275732,0.004664604664329609
2025-07-31,24642.25,24956.5,24635.0,24768.35,-0.0081959436135229,0,-0.003488224726966971,24792.48,24936.44,25119.6,25057.622000000003,-343.1000000000022,37.70861524582765,-86.05571015549503,-26.881277712919594,0.0046910544932210795
2025-08-01,24734.9,24784.15,24535.05,24565.35,0.0064073990397043,1,-0.008195943613522938,24738.149999999998,24896.135000000002,25074.817499999997,25051.866,-403.0500000000029,34.68160132752534,-110.60288059049708,-43.6255982884351,0.00486091452434477
2025-08-04,24596.05,24736.25,24554.0,24722.75,-0.0029608356675531,0,0.006407399039704442,24746.519999999997,24859.34,25037.89,25046.298000000003,-367.9500000000007,36.33790613718411,-116.01843713540438,-58.10416605782896,0.005184439444116378
2025-08-05,24720.25,24733.1,24590.3,24649.55,-0.0030568509364267,0,-0.00296083566755323,24712.21,24818.204999999998,24994.2425,25042.765,-411.3500000000022,34.27189352421428,-124.77856334995886,-71.43904551625495,0.005112409597023681
2025-08-06,24641.35,24671.4,24539.2,24574.2,0.0008932132073475,1,-0.003056850936426825,24656.04,24753.635000000002,24949.1475,25039.2,-645.7000000000007,34.7627556084971,-136.23075838016302,-84.39738808903657,0.005121078676714057
2025-08-07,24464.2,24634.2,24344.15,24596.15,-0.0094669287673071,0,0.0008932132073475874,24621.6,24707.04,24911.192499999997,25034.451,-465.9499999999971,38.66370253068184,-141.89979142798984,-95.89786875682722,0.005104945040888993
2025-08-08,24544.25,24585.5,24337.5,24363.3,0.0091018047637224,1,-0.009466928767307148,24581.190000000002,24659.670000000002,24871.864999999998,25026.703,-473.7000000000007,29.24560602602142,-163.29917867140466,-109.37813073974272,0.005205961577387659
2025-08-11,24371.5,24600.85,24347.45,24585.05,-0.0039719260282162,0,0.009101804763722576,24553.65,24650.085,24847.0025,25024.072,-95.85000000000218,37.76326278704962,-160.51466236728447,-119.60543706525107,0.005715817016320309
2025-08-12,24563.35,24702.6,24465.65,24487.4,0.0053884855068319,1,-0.003971926028216277,24521.22,24616.715,24811.5825,25022.97,-333.6999999999971,30.54965480616039,-164.29357794249154,-128.54306524069918,0.005599287411111362
2025-08-13,24586.2,24664.55,24535.25,24619.35,0.000485390556615,1,0.005388485506832019,24530.25,24593.145,24781.9475,25022.953,-235.70000000000073,38.07985353902481,-154.85604937102107,-133.80566206676357,0.0057881916662316235
2025-08-14,24607.25,24673.65,24596.9,24631.3,0.0099730830285044,1,0.0004853905566151173,24537.28,24579.44,24757.940000000002,25020.560999999998,-137.04999999999927,43.74391727493913,-144.74395662275856,-135.99332097796258,0.005759984720329614
2025-08-18,24938.2,25022.0,24852.85,24876.95,0.0041685174428537,1,0.009973083028504526,24640.010000000002,24610.6,24753.3675,25018.039000000004,311.6000000000022,55.65458163883359,-115.5758616590465,-131.90982911417936,0.006133807555801012
2025-08-19,24891.35,25012.65,24873.95,24980.65,0.0027981657803138,1,0.004168517442853847,24719.13,24636.39,24747.864999999998,25015.588,257.90000000000146,54.7008043369377,-83.13389709591866,-122.15464271052723,0.006104201767388738
2025-08-20,24965.8,25088.7,24929.7,25050.55,0.0013253202025504,1,0.002798165780313777,24831.76,24676.49,24747.3475,25014.514,401.0,55.64050778995961,-51.19294027755677,-107.96230222393315,0.00613531571010296
2025-08-21,25142.0,25153.65,25054.9,25083.75,-0.0085174664872677,0,0.001325320202550495,24924.640000000003,24727.445,24740.54,25013.361,509.5499999999993,59.389699315272445,-22.93614573009836,-90.95707092516619,0.005962230445572653
2025-08-22,25064.15,25084.85,24859.15,24870.1,0.0039264015826233,1,-0.0085174664872677,24972.4,24754.84,24730.94,25012.999,273.9499999999971,59.01547199952666,-17.579555748696293,-76.2815678898722,0.006101814493840716
2025-08-25,24949.15,25021.55,24894.35,24967.75,-0.0102412111623995,0,0.003926401582623473,24990.56,24815.284999999996,24737.4775,25017.981999999996,604.4500000000007,57.51349362119725,-5.39271680886668,-62.1037976736711,0.005818726165558372
2025-08-26,24899.5,24919.65,24689.6,24712.05,-0.0085444145669824,0,-0.01024121116239951,24936.84,24827.985,24739.035,25013.292999999998,127.0,51.723757515582776,-16.180888957904244,-52.91921593051774,0.006113391490549459
2025-08-28,24695.8,24702.65,24481.6,24500.9,-0.0030223379549323,0,-0.008544414566982406,24826.909999999996,24829.335,24723.024999999998,25006.243000000002,13.5,48.11925899317496,-41.29263763355266,-50.593900271124724,0.006253498953073958
2025-08-29,24466.7,24572.45,24404.7,24426.85,0.0081140220699763,1,-0.0030223379549323415,24695.53,24810.085,24701.614999999998,24998.539,-192.5,45.76919232307071,-66.40363573973082,-53.75584736484595,0.006256716743605836
2025-09-01,24432.7,24635.6,24432.7,24625.05,-0.0018456815316111,0,0.008114022069976246,24646.52,24809.46,24694.45,24995.175,-6.25,56.65640973476082,-69.50993185437983,-56.90666426275273,0.006531077669793624
2025-09-02,24653.0,24756.1,24522.35,24579.6,0.0055106673827076,1,-0.001845681531611132,24568.89,24779.725,24695.1625,24984.519000000004,-297.3500000000022,49.84775260496688,-74.7771446866027,-60.480760347522725,0.006274794879297457
2025-09-03,24616.5,24737.05,24533.2,24715.05,0.0007788776474253,1,0.005510667382707668,24569.489999999998,24753.165,24694.777500000004,24979.381999999998,-265.6000000000022,56.22794298689567,-67.24658898892812,-61.83392607580381,0.006230003854825081
2025-09-04,24980.75,24980.75,24708.2,24734.3,0.0002708789009594,1,0.0007788776474253467,24616.170000000002,24721.539999999997,24699.015,24973.181,-316.25,53.35140966208928,-59.04462553361009,-61.27606596736507,0.006192378037825716
2025-09-05,24818.85,24832.35,24621.6,24741.0,0.0012994624307829,1,0.0002708789009593371,24679.0,24687.264999999996,24707.355000000003,24963.106,-342.75,53.20816517517694,-51.41123962948768,-59.303100699789596,0.006145075628346874
2025-09-08,24802.6,24885.5,24751.55,24773.15,0.0038529617751475,1,0.0012994624307829383,24708.620000000003,24677.57,24716.204999999998,24947.589000000004,-96.94999999999709,46.53121240475877,-42.28011119030634,-55.898502797892945,0.006147614894752487
2025-09-09,24864.1,24891.8,24814.0,24868.6,0.0042020861648826,1,0.00385296177514749,24766.420000000002,24667.655,24741.47,24932.205,-99.15000000000146,46.234752511845066,-27.030023539206013,-50.124806946155566,0.005732595865536176
2025-09-10,24991.0,25035.7,24915.05,24973.1,0.001297395998094,1,0.004202086164882601,24818.03,24693.76,24760.8725,24921.326,261.0499999999993,47.45656957078584,-6.437732376216445,-41.387392032167746,0.005468672367332432
2025-09-11,24945.5,25037.3,24940.15,25005.5,0.0043390454100097,1,0.0012973959980939753,24872.27,24744.219999999998,24786.7775,24910.6,504.59999999999854,47.42894693609333,12.353808932406537,-30.639151839252893,0.005352494152927308
2025-09-12,25074.45,25139.45,25038.05,25114.0,-0.0017838655729871,0,0.004339045410009845,24946.870000000003,24812.934999999998,24811.510000000002,24903.812,687.1500000000015,58.608640406607385,35.591012989789306,-17.393118873444454,0.005312835141747645
2025-09-15,25118.9,25138.45,25048.75,25069.2,0.0067772405980245,1,-0.0017838655729871533,25006.079999999998,24857.35,24833.405,24897.09,444.15000000000146,53.71952337305227,49.81741488101761,-3.951012122552042,0.0053487065714021755
2025-09-16,25073.6,25261.4,25070.45,25239.1,0.0036114599965926,1,0.0067772405980246475,25080.18,24923.3,24851.5125,24892.652000000002,659.5,70.62091631127974,73.94901277436293,11.628992856830953,0.00510543405150145
2025-09-17,25276.6,25346.5,25275.35,25330.25,0.0036853169629197,1,0.0036114599965926253,25151.61,24984.82,24868.9925,24890.031000000003,615.2000000000007,85.81113174143941,99.2840366192977,29.160001609324304,0.00508720522269897
2025-09-18,25441.05,25448.95,25329.75,25423.6,-0.003797652574773,0,0.003685316962919849,25235.23,25053.75,24887.645,24888.053,689.2999999999993,92.33382883839457,125.44869590955204,48.41774046936985,0.005110210259987737
2025-09-19,25410.2,25431.4,25286.3,25327.05,-0.0049235896008418,0,-0.003797652574773047,25277.84,25112.355000000003,24899.81,24885.072,586.0499999999993,82.63294905169212,136.81646377616926,66.09748513072974,0.005207419614645229
2025-09-22,25238.1,25331.7,25151.05,25202.35,-0.0013034498766979,0,-0.004923589600841827,25304.47,25155.275,24916.422499999997,24882.014000000003,429.1999999999971,76.96237606615581,134.21609428390366,79.72120696136453,0.004934908872784288
2025-09-23,25209.0,25261.9,25084.65,25169.5,-0.0044736685273842,0,-0.0013034498766979485,25290.55,25185.365,24926.51,24882.407000000003,300.90000000000146,71.59420289855083,128.02872679812572,89.38271092871678,0.004891948082328048
2025-09-24,25108.75,25149.85,25027.45,25056.9,-0.0066269171365972,0,-0.004473668527384289,25235.879999999997,25193.745000000003,24943.7525,24881.898999999998,83.80000000000291,64.07995810055881,112.73972119760947,94.05411298249533,0.004373280857929008
2025-09-25,25034.5,25092.7,24878.3,24890.85,-0.0094874220848222,0,-0.0066269171365972435,25129.329999999998,25182.28,24963.25,24875.8,-114.65000000000146,55.741599294992106,86.23021856247215,92.48933409849069,0.0041764894363055015
2025-09-26,24818.55,24868.6,24629.45,24654.7,-0.0008030923109994,0,-0.009487422084822228,24994.86,25136.35,24974.642499999998,24864.653000000002,-459.2999999999993,46.07508532423205,45.639808024257945,83.11942888364415,0.004704559559074301
2025-09-29,24728.55,24791.3,24606.2,24634.9,-0.0009661090566636,0,-0.0008030923109995092,24881.370000000003,25092.92,24975.135000000002,24855.121999999996,-434.2999999999993,41.84748482522857,11.73860537438668,68.84326418179266,0.004351801336873146
2025-09-30,24691.95,24731.8,24587.7,24611.1,0.0091503427315317,1,-0.000966109056663611,24769.690000000002,25030.12,24976.71,24847.976000000002,-628.0,36.61836463108087,-16.854514711689262,51.703708403096286,0.004336275667856247
2025-10-01,24620.55,24867.95,24605.95,24836.3,0.00233327830635,1,0.009150342731531813,24725.57,24980.725,24982.7725,24842.888000000003,-493.9500000000007,44.525689141969686,-21.0997852667424,37.14300966912855,0.0046420852011851465
2025-10-03,24759.55,24904.8,24747.55,24894.25,0.0073671630999126,1,0.002333278306350106,24726.25,24927.79,24990.769999999997,24839.555,-529.3499999999985,42.64976419038699,-19.562606524785224,25.801886430345796,0.004664277676698372
2025-10-06,24916.55,25095.95,24881.65,25077.65,0.0012222038348887,1,0.007367163099912588,24810.84,24902.85,25007.6025,24836.71,-249.39999999999782,50.25865499403106,-3.5051290884948685,19.940483326577667,0.004922111424006552
2025-10-07,25085.3,25220.9,25076.3,25108.3,-0.0024752770996044,0,0.001222203834888802,24905.52,24893.445,25024.36,24837.634,-94.04999999999927,45.62307589345472,11.560474362599052,18.264481533781943,0.004921636164420486
2025-10-08,25079.75,25192.5,25008.5,25046.15,0.0054160020601967,1,-0.0024752770996043783,24992.53,24881.11,25033.2375,24841.816999999995,-123.34999999999854,40.305077805077836,18.27443177456371,18.266471581938298,0.004910565028330399
2025-10-09,25074.3,25199.25,25024.3,25181.8,0.0041120968318388,1,0.005416002060196767,25061.63,24893.6,25043.6725,24851.835,124.89999999999782,41.98009950248756,34.14748180645256,21.442673626841152,0.004967630168955879
2025-10-10,25167.65,25330.75,25156.85,25285.35,-0.0022938183572701,0,0.004112096831838885,25139.85,24933.05,25057.665,24861.12,394.5,48.62330802244963,54.45488588492299,28.04511607845752,0.005032999954725814
2025-10-13,25177.3,25267.3,25152.3,25227.35,-0.0032444945664129,0,-0.002293818357270161,25169.79,24990.315,25063.3325,24868.566000000003,572.6499999999978,50.86337891974029,65.11789607876563,35.45967207851914,0.004989825712093044
2025-10-14,25277.55,25310.35,25060.55,25145.5,0.0070807898033445,1,-0.0032444945664129587,25177.23,25041.375,25067.1475,24876.109,510.59999999999854,49.19828968466061,66.20067732945245,41.607873128705805,0.0050314752591387
2025-10-15,25181.95,25365.15,25159.35,25323.55,0.01033622853036,1,0.007080789803344478,25232.71,25112.620000000003,25071.370000000003,24891.272999999997,712.4500000000007,58.53416546647458,80.4980053483232,49.385899572629285,0.00505288639239117
2025-10-16,25394.9,25625.4,25376.85,25585.3,0.0048680296889229,1,0.010336228530360092,25313.409999999996,25187.52,25084.1225,24908.523999999998,749.0,70.94303205766167,111.66260131355011,61.84123992081345,0.005497491363422814
2025-10-17,25546.85,25781.5,25508.6,25709.85,0.005184783264002,1,0.00486802968892297,25398.309999999998,25269.08,25098.434999999998,24929.73,815.5999999999985,84.11743783748832,144.7424118126437,78.42147429917951,0.005539584317860748
2025-10-20,25824.6,25926.2,25788.5,25843.15,0.0009847870712353,1,0.0051847832640019575,25521.47,25345.629999999997,25124.239999999998,24955.109,765.5,86.39636111696844,179.64377431977118,98.66593430329785,0.005530571026201295
2025-10-21,25901.2,25934.35,25825.8,25868.6,0.0008813774228216,1,0.0009847870712353934,25666.09,25421.66,25157.552499999998,24980.557999999997,760.2999999999993,87.84231116461046,206.971123585241,120.32697215968649,0.0053510621688449365
2025-10-23,26057.2,26104.2,25862.45,25891.4,-0.0037174505820465,0,0.000881377422821572,25779.659999999996,25506.185,25193.6475,25011.12,845.25,86.15584949626502,227.84159809710764,141.82989734717074,0.0053168982788937445
2025-10-24,25935.1,25944.15,25718.2,25795.15,0.0066252764570083,1,-0.003717450582046533,25821.63,25567.519999999997,25230.56,25035.321999999996,613.3500000000022,80.08214238012572,233.91856134033878,160.24763014580435,0.005275243275458393
2025-10-27,25843.2,26005.95,25827.0,25966.05,-0.0011495780066663,0,0.006625276457008278,25872.870000000003,25635.59,25284.32,25064.895,680.7000000000007,79.91447235504086,249.64702472075805,178.1275090607951,0.0050318674975584855
2025-10-28,25939.95,26041.7,25810.05,25936.2,0.004538058774994,1,-0.001149578006666374,25891.480000000003,25706.475,25348.395,25091.231999999996,708.8500000000022,77.89232531500595,256.7437179707049,193.85075084277707,0.004312835020916879
2025-10-29,25982.0,26097.85,25960.3,26053.9,-0.0067571457632063,0,0.004538058774994136,25928.54,25797.315000000002,25419.344999999998,25119.684000000005,908.4000000000015,82.72659370636195,268.7671247281178,208.83402561984522,0.004259601176733889
2025-10-30,25984.4,26032.05,25845.25,25877.85,-0.0060186607465457,0,-0.006757145763206407,25925.83,25852.745,25482.682500000003,25139.701999999997,554.2999999999993,72.02620170247775,261.0804248972854,219.2833054753333,0.00470366825969834
2025-10-31,25863.8,25953.75,25711.2,25722.1,0.001603679326338,1,-0.006018660746545779,25911.22,25866.425,25526.9725,25154.531000000003,136.79999999999927,63.3787716342472,239.6583048030734,223.35830534088134,0.004800782804858015
2025-11-03,25696.85,25803.1,25645.5,25763.35,-0.0064316170063286,0,0.0016036793263380922,25870.68,25871.775,25570.427499999998,25168.786999999997,53.5,66.58929124110182,223.43404199645738,223.37345267199657,0.004799006478034342
2025-11-04,25744.75,25787.4,25578.4,25597.65,-0.0034358622764199,0,-0.00643161700632866,25802.97,25847.225,25596.427499999998,25179.065,-245.5,63.30361608850448,194.95823447564908,217.69040903272708,0.004935602468937824
2025-11-06,25593.35,25679.15,25491.55,25509.7,-0.0006820934781671,0,-0.0034358622764198987,25694.13,25811.335,25616.4975,25191.857000000004,-358.8999999999978,55.78375019418988,163.41042819039285,206.83441286426026,0.005035361021681635
2025-11-07,25433.8,25551.25,25318.45,25492.3,0.0032186189555277,1,-0.0006820934781671673,25617.02,25771.425,25638.805,25202.348,-399.1000000000022,46.59315700783941,135.443224654191,192.55617522224642,0.004989628788980589
2025-11-10,25503.5,25653.45,25503.5,25574.35,0.0047156623726508,1,0.0032186189555276634,25587.469999999998,25749.345,25658.4325,25219.593999999997,-220.8000000000029,44.87673926194799,118.53338456566416,177.75161709092998,0.004908370507496196
2025-11-11,25617.0,25715.8,25449.25,25694.95,0.0070383480022338,1,0.004715662372650753,25573.79,25722.234999999997,25678.9125,25243.475,-271.09999999999854,44.342215774604846,113.55463937305103,164.9122215473542,0.0049317022636972815
2025-11-12,25834.3,25934.55,25781.15,25875.8,0.0001294645962637,1,0.007038348002233796,25629.42,25716.195,25711.335,25272.453999999998,-60.400000000001455,50.24571701590338,122.7866237449598,156.48710198687533,0.005061811447180388
2025-11-13,25906.1,26010.7,25808.4,25879.15,0.0011940113952737,1,0.00012946459626372864,25703.309999999998,25698.719999999998,25748.017499999998,25297.536,-174.75,49.576315152353615,128.88761863753462,150.9672053170072,0.004958178773414839
2025-11-14,25767.9,25940.2,25740.8,25910.05,0.0039907294659794,1,0.001194011395273753,25786.86,25701.94,25777.3425,25324.145,32.20000000000073,54.16213866550743,134.66375288513518,147.70651483063278,0.004777808904782515
2025-11-17,25948.2,26024.2,25906.35,26013.45,-0.0039748668477269,0,0.003990729465979559,25874.68,25731.075,25798.75,25350.113,291.3500000000022,51.80530164533826,145.90301757615816,147.34581537973787,0.004325391879440413
2025-11-18,26021.8,26029.85,25876.5,25910.05,0.0055036559172985,1,-0.0039748668477268545,25917.7,25745.745,25808.760000000002,25373.628000000004,146.70000000000073,49.05687596927178,144.79756378621096,146.8361650610325,0.004343791980324312
2025-11-19,25918.1,26074.65,25856.2,26052.65,0.0053545416685058,1,0.005503655917298511,25953.07,25791.245000000003,25819.235,25399.861,455.0,49.95571302037201,153.6568514005121,148.20030232892842,0.0043628341083847095
2025-11-20,26132.1,26246.65,26063.2,26192.15,-0.0047342428933859,0,0.005354541668505908,26015.670000000002,25859.489999999998,25835.4125,25428.240999999995,682.4500000000007,61.43158507310693,169.97501860372722,152.55524558388817,0.0045002388170992036
2025-11-21,26109.55,26179.2,26052.2,26068.15,-0.0041679213906626,0,-0.004734242893385976,26047.29,25917.075,25844.25,25452.232000000004,575.8500000000022,62.883949514129405,170.93113229737355,156.23042292658525,0.004656295540734907
2025-11-24,26122.8,26142.8,25912.15,25959.5,-0.0028775592750245,0,-0.004167921390662577,26036.5,25955.59,25852.4675,25471.96,385.15000000000146,56.953947601659195,161.06505462376663,157.19734926602152,0.004678047628431984
2025-11-25,25998.5,26032.6,25857.5,25884.8,0.0123817839040672,1,-0.0028775592750245327,26031.45,25974.575,25848.405,25489.546000000002,189.84999999999854,60.88225262439821,145.5407481316397,154.86602903914516,0.004483321392258088
2025-11-26,25842.95,26215.15,25842.95,26205.3,0.0003911422498502,1,0.01238178390406719,26061.98,26007.525,25861.859999999997,25511.371999999996,329.5,72.41123783748935,157.2861974824591,155.35006272780794,0.0052751521657214626
2025-11-27,26261.25,26310.45,26141.9,26215.55,-0.0004806307706684,0,0.00039114224985015156,26066.66,26041.165,25869.9425,25534.299,336.3999999999978,73.40993688299066,165.51370113359008,157.38279040896438,0.005190109742920025
2025-11-28,26237.45,26280.75,26172.4,26202.95,-0.0010380510591364,0,-0.0004806307706685109,26093.62,26070.455,25886.1975,25553.575999999997,292.90000000000146,71.30414153053614,169.06842677326495,159.71991768182448,0.0049223800195944065
2025-12-01,26325.8,26325.8,26124.2,26175.75,-0.0054840835506145,0,-0.0010380510591364578,26136.87,26086.685,25908.879999999997,25570.485999999997,162.29999999999927,67.3963383747014,167.75696194083503,161.3273265336266,0.004688424685695745
2025-12-02,26087.95,26154.6,25997.85,26032.2,-0.0017747251480858,0,-0.005484083550614582,26166.35,26098.9,25922.322500000002,25582.658000000003,122.15000000000146,55.815856016659254,153.36641870242966,159.73514496738724,0.0048945794142805565
2025-12-03,26004.9,26066.45,25891.0,25986.0,0.0018375278996382,1,-0.001774725148085854,26122.49,26092.234999999997,25941.739999999998,25595.837000000003,-66.65000000000146,53.85058921042193,136.65854102330923,155.11982417857163,0.004650633365159422
2025-12-04,25981.85,26098.25,25938.95,26033.75,0.0058654631007826,1,0.0018375278996383138,26086.129999999997,26076.395,25967.942499999997,25612.465,-158.40000000000146,54.404329559211,125.82007798669292,149.25987494019589,0.004548388837615252
2025-12-05,25999.8,26202.6,25985.35,26186.45,-0.0086265988707901,0,0.00586546310078262,26082.83,26088.225,26002.65,25632.804,118.29999999999927,55.95074298293888,128.07575420602006,145.0230507933607,0.004653319811529249
2025-12-08,26159.8,26178.7,25892.25,25960.55,-0.0046570662023723,0,-0.008626598870790092,26039.79,26088.329999999998,26021.96,25650.877,1.0499999999992724,51.60205570712518,110.36295632423207,138.09103189953498,0.005132686358515918
2025-12-09,25867.1,25923.65,25728.0,25839.65,-0.0031598725214931,0,-0.004657066202372384,26001.28,26083.815000000002,26029.195,25669.853,-45.14999999999782,43.14848172928462,85.583266173835,127.58947875439499,0.005180381859065897
2025-12-10,25864.05,25947.65,25734.55,25758.0,0.0054565571861169,1,-0.00315987252149319,25955.68,26039.085,26023.305,25691.918999999998,-447.2999999999993,35.49497176840063,58.68028082894671,113.80763916930533,0.004979559959879318
2025-12-11,25771.4,25922.8,25693.25,25898.55,0.0057300505240641,1,0.005456557186116928,25928.64,26007.385000000002,26024.275,25717.192000000003,-317.0,44.39561165818512,48.145687970940344,100.67524892963233,0.005138952800580437
2025-12-12,25971.2,26057.6,25938.45,26046.95,-0.0007544069459188,0,0.0057300505240640565,25900.739999999998,25991.785,26031.120000000003,25745.909,-156.0,52.815790321022654,51.18159740730698,90.77651862516727,0.0052899776365329925
2025-12-15,25930.05,26047.15,25904.75,26027.3,-0.0064240240055634,0,-0.000754406945918884,25914.09,25976.94,26031.8125,25769.729,-148.45000000000073,54.75697689945252,51.40937149668389,82.9030891994706,0.005220594970900171
2025-12-16,25951.5,25980.75,25834.35,25860.1,-0.0016067223251263,0,-0.006424024005563411,25918.18,25959.730000000003,26029.315,25789.045999999995,-172.10000000000218,37.162513945704724,37.66407345848711,73.85528605127391,0.005346911940534347
2025-12-17,25902.4,25929.15,25770.35,25818.55,-0.0001161955260849,0,-0.0016067223251263751,25930.29,25942.984999999997,26017.61,25803.863999999998,-167.45000000000073,35.572030818432935,23.15121518401793,63.71447187782271,0.005189990898546332
2025-12-18,25764.7,25902.35,25726.3,25815.55,0.0058433773442751,1,-0.00011619552608488348,25913.69,25921.165,25998.780000000002,25818.009,-218.20000000000073,35.821987995901026,11.277594425569987,53.22709638737217,0.005009637241871837
2025-12-19,25911.5,25993.35,25880.45,25966.4,0.0079333292254605,1,0.005843377344275202,25897.579999999998,25899.16,25993.692499999997,25836.414,-220.04999999999927,42.974124911903964,13.879998738171707,45.357676857532084,0.0051197893843042425
2025-12-22,26055.85,26180.7,26047.8,26172.4,0.0001814888967003,1,0.007933329225460639,25926.6,25920.344999999998,26004.3375,25856.226000000002,211.85000000000218,54.51587966243639,32.19379130516245,42.72489974705816,0.0053346344914664
2025-12-23,26205.2,26233.55,26119.05,26177.15,-0.0013389540114184,0,0.00018148889670044355,25990.010000000002,25954.094999999998,26018.955,25874.061999999998,337.5,56.325909256378885,46.55424085132472,43.490767967911474,0.005278612551859802
2025-12-24,26170.65,26236.4,26123.0,26142.1,-0.0038175969030796,0,-0.0013389540114184806,26054.72,25992.504999999997,26015.795000000002,25892.357000000004,384.09999999999854,53.61612655608577,54.478761255282734,45.68836662538573,0.004497128483606034
2025-12-26,26121.25,26144.2,26008.6,26042.3,-0.0038475864266981,0,-0.003817596903079701,26100.07,26006.879999999997,26007.1325,25910.293,143.75,45.01297353399063,52.10533694208425,46.97176068872544,0.004570265217895243
2025-12-29,26063.35,26106.8,25920.3,25942.1,-0.0001252789866664,0,-0.0038475864266981352,26095.21,25996.394999999997,25994.090000000004,25922.664,-104.85000000000218,49.30089803342046,41.65886106202743,45.909180763385834,0.004637943740969896
2025-12-30,25940.9,25976.75,25878.0,25938.85,0.0073538341136943,1,-0.0001252789866664772,26048.5,25987.55,25982.245000000003,25929.735,-88.45000000000073,54.12679923454515,32.74029607267585,43.27540382524384,0.004636756750786804
2025-12-31,25971.05,26187.95,25969.0,26129.6,0.0006486896087196,1,0.00735383411369428,26038.989999999998,26014.5,25987.114999999998,25938.13,269.5,64.17238749046516,40.59623180953713,42.739569422102505,0.004788477093150257
2026-01-01,26173.3,26197.55,26113.4,26146.55,0.0069607653782238,1,0.0006486896087196659,26039.879999999997,26047.3,25995.1425,25944.197999999997,328.0,60.442984672393386,47.640668847707275,43.71978930722346,0.0047665521437682415
2026-01-02,26155.1,26340.0,26118.4,26328.55,-0.0029720588486642,0,0.0069607653782239876,26097.129999999997,26098.6,26009.8825,25953.397,513.0,61.53153153153141,67.13541958875066,48.4029153635289,0.004985120761938704
2026-01-05,26333.7,26373.2,26210.05,26250.3,-0.0027275878751861,0,-0.0029720588486642496,26158.769999999997,26126.989999999998,26013.075,25960.575,283.8999999999978,58.71366051891212,75.40184345038142,53.8027009808994,0.004882104958477525
2026-01-06,26189.7,26273.95,26124.75,26178.7,-0.0014496518161711,0,-0.0027275878751861216,26206.74,26127.620000000003,26023.982500000002,25968.246,6.299999999999272,63.454391891891945,75.30742518298939,58.10364582131741,0.0044872654949464396
2026-01-07,26143.1,26187.15,26067.9,26140.75,-0.0100953492153056,0,-0.0014496518161711824,26208.97,26123.98,26039.0375,25971.74,-36.400000000001455,63.647915960691265,71.34789605403785,60.7524958678615,0.004351216077053833
2026-01-08,26106.5,26133.2,25858.45,25876.85,-0.0074796584592019,0,-0.010095349215305638,26155.03,26097.454999999998,26044.98,25970.553000000004,-265.25,52.12655241795597,46.380767579168605,57.87815021012292,0.004906582916638791
2026-01-09,25840.4,25940.6,25623.0,25683.3,0.004164184509,1,-0.007479658459201954,26025.980000000003,26061.555,26034.2175,25963.140999999996,-359.0,40.461590296495906,10.851185240404448,48.47275721617923,0.005033949016397855
2026-01-12,25669.05,25813.15,25473.4,25790.25,-0.0022469731778482,0,0.004164184509000135,25933.97,26046.370000000003,26021.3825,25961.389,-151.84999999999854,36.20347304956857,-8.577418418062734,37.06272208933084,0.004944894564837288
2026-01-13,25897.35,25899.8,25603.3,25732.3,-0.0025920729977499,0,-0.002246973177848277,25844.689999999995,26025.715,26006.6325,25961.592999999997,-206.54999999999927,34.53394986614745,-28.324302555967733,23.98531716027113,0.004960437223316992
2026-01-14,25648.55,25791.75,25603.95,25665.6,0.0011201764229162,1,-0.0025920729977498835,25749.659999999996,25979.315,25996.9075,25959.638000000003,-464.0,33.790311607021394,-48.79352172320796,9.42954938357531,0.0047931233016019845
2026-01-16,25696.05,25873.5,25662.4,25694.35,-0.0042363398957357,0,0.0011201764229162858,25713.159999999996,25934.095,25990.6975,25961.571999999996,-452.2000000000007,37.562109025916,-61.981160424344125,-4.8525925780085775,0.0047947715493828124
2026-01-19,25653.1,25653.3,25494.35,25585.5,-0.0137968771374411,0,-0.004236339895735797,25693.6,25859.79,25979.195,25963.088,-743.0499999999993,37.331249111837494,-80.29020886056605,-19.94011583452007,0.004877416234988127
2026-01-20,25580.3,25585.0,25171.35,25232.5,-0.0029723570791637,0,-0.013796877137441155,25582.05,25758.01,25942.5,25957.891999999996,-1017.7999999999993,29.90069146060388,-121.8794609532124,-40.32798485825854,0.0054857886390845875
2026-01-21,25141.0,25300.95,24919.8,25157.5,0.0052628440822816,1,-0.0029723570791637677,25467.090000000004,25655.889999999996,25891.754999999997,25949.555,-1021.2000000000007,20.388083343487338,-159.05759907761603,-64.07390770213004,0.00503044308312679
2026-01-22,25344.15,25435.75,25168.5,25289.9,-0.0095393813340503,0,0.005262844082281726,25391.95,25570.805,25847.392499999998,25941.453999999998,-850.8499999999985,25.619717107322856,-175.8113243992666,-86.42139104155736,0.0052672246412943215
2026-01-23,25344.6,25347.95,25025.3,25048.65,0.0050601529423741,1,-0.0095393813340503,25262.809999999998,25487.985,25792.72,25924.911,-828.1999999999971,14.762402951379428,-206.17892886039772,-110.37289860532545,0.005548535151031897
2026-01-27,25063.35,25246.65,24932.55,25175.4,0.006647362107454,1,0.005060152942374163,25180.79,25437.195,25749.375,25910.836,-507.8999999999978,21.176123565376045,-217.51048302384152,-131.80041548902867,0.005756736259178365
2026-01-28,25258.85,25372.1,25187.65,25342.75,0.003004804135305,1,0.006647362107454091,25202.840000000004,25392.445,25719.407499999998,25899.49,-447.5,28.678552299334314,-210.55987180689772,-147.55230675260248,0.00602060350188577
2026-01-29,25345.0,25458.15,25159.8,25418.9,-0.0038652341368037,0,0.003004804135305017,25255.120000000003,25361.105,25693.41,25887.599,-313.3999999999978,31.940656976307892,-196.64004966476932,-157.36985533503585,0.006088959003492884
2026-01-30,25247.55,25370.7,25213.65,25320.65,-0.0195571598675389,0,-0.00386523413680373,25261.27,25326.61,25652.9625,25875.810999999998,-344.9499999999971,34.82732282175796,-191.33090069683385,-164.16206440739546,0.005788787370872072
2026-02-01,25333.75,25440.9,24571.75,24825.45,0.0105919530159574,1,-0.01955715986753892,25216.63,25239.719999999998,25586.907499999998,25851.267000000003,-868.8999999999978,29.905600712093943,-224.49403582797822,-176.22845869151203,0.007016857896790807
2026-02-02,24796.5,25108.1,24679.4,25088.4,0.0254759171569329,1,0.0105919530159575,25199.230000000003,25190.010000000002,25524.9,25829.192000000003,-497.09999999999854,34.679443801707066,-226.94214414066664,-186.37119578134295,0.007316884983809548
2026-02-03,26308.05,26341.2,25641.3,25727.55,0.0018831952517826,1,0.02547591715693298,25276.190000000002,25239.515000000003,25498.7625,25822.38,495.0499999999993,49.91729781492121,-175.28761767179458,-184.1544801594333,0.009604170994984876
2026-02-04,25675.05,25818.55,25563.95,25776.0,-0.0051675977653631,0,0.001883195251782599,25347.610000000004,25301.365,25478.6275,25818.71,618.5,51.93446644471704,-128.95501012299792,-173.11458615214622,0.00961488085666472
2026-02-05,25755.9,25757.65,25579.5,25642.8,0.0019849626405853,1,-0.00516759776536313,25412.04,25336.655,25453.73,25813.87,352.8999999999978,49.12861948308797,-101.81060238393547,-158.8537893985041,0.009665316053852168
2026-02-06,25605.8,25703.95,25491.9,25693.7,0.0067565200807979,1,0.0019849626405852305,25585.690000000002,25401.16,25444.572500000002,25803.638000000003,645.0499999999993,51.86551724137932,-75.32298261818505,-142.1476280424403,0.009436293404474648
2026-02-09,25888.7,25922.25,25780.9,25867.3,0.0026230027873029,1,0.0067565200807979675,25741.469999999998,25470.35,25453.7725,25796.673000000003,691.8999999999978,61.66654414467394,-39.8637593530766,-121.69085430456757,0.009404114461680161
2026-02-10,25922.65,25989.45,25870.45,25935.15,0.0007210291824029,1,0.002623002787302875,25782.989999999998,25529.590000000004,25461.0175,25791.317000000003,592.4000000000015,64.32954356999392,-6.215493155592412,-98.59578207477254,0.009377915050650883
2026-02-11,25997.45,26009.4,25899.8,25953.85,-0.0056504141004127,0,0.0007210291824029103,25818.56,25583.085,25472.095,25786.879000000004,534.9499999999971,62.769497067025625,21.709678288658324,-74.53469000208638,0.009358589056242797
2026-02-12,25906.7,25906.7,25752.4,25807.2,-0.0130234973185778,0,-0.005650414100412782,25851.440000000002,25631.739999999998,25479.175,25782.379,486.5499999999993,65.13981198730616,31.64239462487967,-53.299273076693176,0.009435926856026408
2026-02-13,25571.15,25630.35,25444.3,25471.1,0.0083094173396516,1,-0.013023497318577881,25806.92,25696.305,25468.0125,25772.080999999995,645.6499999999978,55.446675262479225,12.25244423730328,-40.18892961389389,0.009891592586695938
2026-02-16,25423.6,25697.0,25372.7,25682.75,0.0016606477110123,1,0.008309417339651626,25770.010000000002,25755.739999999998,25472.875,25765.060999999998,594.3499999999985,56.162099463534865,13.805019355444529,-29.39013982002621,0.010031635709653996
2026-02-17,25637.95,25764.4,25570.3,25725.4,0.0036520326214557,1,0.0016606477110123752,25728.059999999998,25755.525,25497.52,25755.84,-2.149999999997817,55.623234139360804,18.266381406920118,-19.858835574636945,0.00947339081855265
2026-02-18,25752.65,25828.05,25645.15,25819.35,-0.014136684308474,0,0.0036520326214557475,25701.16,25759.86,25530.6125,25753.015999999996,43.349999999998545,59.16391032708558,29.0481735394751,-10.077433751814535,0.00944257016414579
2026-02-19,25873.35,25885.3,25388.75,25454.35,0.0045925352641101,1,-0.014136684308474035,25630.590000000004,25741.015000000003,25538.835,25745.31,-188.45000000000073,62.13717770572792,8.047604144303477,-6.452426172590933,0.009998583424467447
2026-02-20,25406.55,25663.55,25379.75,25571.25,0.005543334799824,1,0.004592535264110076,25650.620000000003,25728.77,25564.965000000004,25741.575,-122.45000000000073,59.87524286736882,0.827812120802264,-4.996378513912293,0.009757766954988987
2026-02-23,25678.4,25771.45,25609.35,25713.0,-0.011214171819702,0,0.00554333479982394,25656.670000000002,25713.340000000004,25591.845,25737.863999999998,-154.29999999999927,49.626415385010425,6.469538459987234,-2.703195119132388,0.009768736815145023
2026-02-24,25641.8,25641.8,25327.6,25424.65,0.002275350889786,1,-0.011214171819702079,25596.52,25662.29,25595.94,25725.417999999998,-510.5,41.96822493999318,-12.186311712561292,-4.599818437818169,0.010047603618534733
2026-02-25,25512.6,25652.6,25428.2,25482.5,0.0005513587756303,1,0.002275350889786143,25529.15,25615.155000000002,25599.12,25714.521999999997,-471.34999999999854,46.20483924428241,-22.049028380934033,-8.089660426441341,0.010038241212528838
2026-02-26,25556.3,25572.95,25400.95,25496.55,-0.0124683535615602,0,0.000551358775630284,25537.59,25584.09,25607.915,25707.251,-310.65000000000146,45.24951205995031,-28.404159350393456,-12.152560211231766,0.009993213746462637
2026-02-27,25459.85,25476.4,25141.3,25178.65,-0.012429181072059,0,-0.012468353561560175,25459.07,25554.844999999998,25625.575,25694.453,-292.4499999999971,34.485322279045675,-58.419100601669925,-21.4058682893194,0.009353599813057204
2026-03-02,24659.25,24989.35,24603.5,24865.7,-0.0154912188275415,0,-0.012429181072059148,25289.610000000004,25473.14,25614.44,25675.456000000002,-817.0499999999993,28.30246099535387,-106.23400784296973,-38.37149620004947,0.009493887393868878
2026-03-04,24388.8,24602.45,24305.4,24480.5,0.0116582586139989,1,-0.015491218827541564,25100.78,25348.65,25552.0875,25645.738,-1244.9000000000015,23.97781663399212,-173.2133909198492,-65.33987514400943,0.007902572207394279
2026-03-05,24615.95,24854.2,24529.4,24765.9,-0.0127372718132593,0,0.01165825861399905,24957.46,25243.305,25501.5825,25617.607999999997,-1053.449999999997,32.467926053136694,-200.9492222089175,-92.46174455699105,0.008466895898171737
2026-03-06,24656.4,24700.8,24415.75,24450.45,-0.0172757556609388,0,-0.012737271813259343,24748.239999999998,25142.915,25441.965,25583.074,-1003.8999999999978,32.69527474949564,-245.55365729626646,-123.08012710484613,0.00878106286248071
2026-03-09,23868.05,24078.15,23697.8,24028.05,0.0097198898787042,1,-0.017275755660938863,24518.120000000003,24988.595,25358.682500000003,25540.792999999998,-1543.2000000000007,23.816380783593885,-311.39754624166017,-160.74361093220892,0.00932120935859893
2026-03-10,24280.8,24303.8,24079.95,24261.6,-0.0162705674811224,0,0.009719889878704313,24397.3,24843.455,25278.3975,25505.179,-1451.4000000000015,28.156803056077777,-340.8051795038227,-196.7559246465317,0.009511166308450105
2026-03-11,24231.85,24299.0,23834.3,23866.85,-0.0095404295078737,0,-0.016270567481122433,24274.57,24687.675,25174.9825,25463.674,-1557.800000000003,23.264411885526485,-391.45155679464733,-235.69505107615484,0.00983958345302448
2026-03-12,23674.85,23833.15,23556.3,23639.15,-0.0206458354044034,0,-0.009540429507873815,24049.22,24503.34,25059.2475,25417.68,-1843.3499999999985,24.173353821637946,-444.83488308466985,-277.5230174778578,0.00984246469607746
2026-03-13,23462.5,23492.4,23112.0,23151.1,0.0111312205467559,1,-0.020645835404403456,23789.35,24268.795000000002,24926.442499999997,25358.11,-2345.4500000000007,18.85544416847901,-520.5228466100743,-326.1229833043011,0.010476335468281448
2026-03-16,23116.1,23502.0,22955.25,23408.8,0.007362615768429,1,0.011131220546755971,23665.5,24091.81,24823.327500000003,25303.355,-1769.8500000000022,21.206857771224335,-553.3333838837098,-371.56506342018287,0.010929310084566721
2026-03-17,23493.2,23656.8,23346.6,23581.15,0.0083392879482127,1,0.007362615768429004,23529.409999999996,23963.355,24718.2475,25248.407000000003,-1284.5499999999993,26.275963246081403,-558.9851337831824,-409.04907749278277,0.010874388188538383
2026-03-18,23632.9,23862.25,23618.45,23777.8,-0.032620763905828,0,0.008339287948212704,23511.6,23893.085,24620.8675,25198.957,-702.7000000000007,28.818866330359583,-541.3557625217072,-435.5104144985677,0.011162653776799765
2026-03-19,23197.75,23378.7,22930.35,23002.15,0.0048843260303927,1,-0.03262076390582802,23384.2,23716.71,24480.0075,25135.426,-1763.75,23.939026683661766,-583.2494942966587,-465.0582304581859,0.012715078395853696
2026-03-20,23110.15,23345.15,23067.6,23114.5,-0.0260377685002919,0,0.004884326030392794,23376.879999999997,23583.114999999998,24363.015,25074.901,-1335.9500000000007,27.466349355370454,-600.4631075756479,-492.1392058816783,0.012760749707876036
2026-03-23,22824.35,22851.7,22471.25,22512.65,0.0177566834646298,1,-0.026037768500291936,23197.65,23431.575,24210.085,25007.617,-1515.3999999999978,25.836662182561284,-655.1174985198595,-524.7348644093146,0.013404614577149997
2026-03-24,22878.45,23057.3,22624.2,22912.4,0.0171981110664967,1,0.017756683464629885,23063.9,23296.655,24070.055,24952.199000000004,-1349.199999999997,33.945245310836285,-658.5832749175206,-551.5045465109558,0.014223950216662715
2026-03-25,23064.4,23465.35,23063.2,23306.45,-0.0208890671895549,0,0.017198111066496713,22969.63,23240.614999999998,23964.145,24902.523,-560.3999999999978,35.38284340728126,-622.3592162556633,-565.6754804598974,0.015034970437312648
2026-03-27,23173.55,23186.1,22804.55,22819.6,-0.0213938894634435,0,-0.020889067189554966,22933.12,23158.66,23831.0,24844.269,-819.5500000000029,34.20836036524548,-625.7231678310636,-577.6850179341307,0.01539521293410306
2026-03-30,22549.65,22714.1,22283.85,22331.4,0.0155834385663236,1,-0.02139388946344356,22776.500000000004,23076.69,23672.7425,24777.585,-819.6999999999971,33.77793075753665,-660.1727234205537,-594.1825590314153,0.015727907300283613
2026-04-01,22899.0,22941.3,22618.6,22679.4,0.0014859299628736,1,0.015583438566323604,22809.85,23003.75,23547.780000000002,24717.286,-729.3999999999978,35.19620501880651,-651.879096336299,-605.721866492392,0.0164027982923393
2026-04-02,22383.4,22782.3,22182.55,22713.1,0.0112336052762503,1,0.0014859299628737777,22769.99,22916.945,23440.15,24659.838000000003,-868.0500000000029,38.42279017028406,-635.2640996596201,-611.6303131258376,0.01636996568682458
2026-04-06,22780.3,22998.35,22542.95,22968.25,0.0067658615697757,1,0.01123360527625028,22702.35,22835.989999999998,23364.5375,24614.553000000004,-809.5499999999993,43.30479212821586,-594.6533290478656,-608.2349163102432,0.01650620772452901
2026-04-07,22838.7,23153.85,22719.3,23123.65,0.0377838273801928,1,0.006765861569775655,22763.16,22848.14,23282.425,24573.876,121.5,49.706583433989316,-543.6625164141769,-595.32043633103,0.016311823445004623
2026-04-08,23855.15,24025.15,23828.5,23997.35,-0.0092614392839209,0,0.037783827380192925,23096.35,22936.425,23259.77,24548.025,882.8499999999985,55.5590188244406,-427.81999920642556,-561.8203489061091,0.01853358985612565
2026-04-09,23909.05,23990.75,23682.8,23775.1,0.0115877535741174,1,-0.00926143928392098,23315.489999999998,23062.670000000002,23247.122499999998,24522.554,1262.449999999997,51.81480476462275,-349.914095420223,-519.4390982089319,0.01824231875787196
2026-04-10,23880.55,24074.05,23856.35,24050.6,-0.0086463539371157,0,0.011587753574117565,23582.989999999998,23176.489999999998,23236.572500000002,24500.057999999997,1138.199999999997,52.51549129536736,-262.9118734176991,-468.13365325068537,0.018301383355226554
2026-04-13,23589.6,23907.4,23555.6,23842.65,0.0163006209460776,1,-0.00864635393711577,23757.87,23230.11,23235.3625,24470.055999999997,536.2000000000007,58.65655962263376,-208.340196653131,-416.1749619311745,0.01802808173144928
2026-04-15,24163.8,24280.9,24145.8,24231.3,-0.0014258417831482,0,0.01630062094607765,23979.4,23371.28,23264.97,24446.304,1411.7000000000007,60.88286883648413,-132.20694338569228,-359.38135822207806,0.018225427379778752
2026-04-16,24385.2,24400.95,24102.8,24196.75,0.0064802091189932,1,-0.0014258417831481962,24019.28,23557.815,23317.252500000002,24423.826,1865.3499999999985,68.4510375353332,-73.8078766560975,-302.26666190888193,0.017494076085532766
2026-04-17,24165.9,24371.9,24096.05,24353.55,0.0004639980618841,1,0.006480209118993274,24134.97,23725.230000000003,23364.489999999998,24414.388,1674.1499999999978,66.67708152519819,-14.704244584121625,-244.7541784439299,0.017401970122606296
2026-04-20,24391.5,24480.65,24241.25,24364.85,0.0086907984247799,1,0.00046399806188412995,24197.82,23890.405,23403.675,24399.917,1651.75,63.438293550025406,32.671014100011234,-189.2691399351417,0.017360997748944833
2026-04-21,24374.55,24601.7,24354.9,24576.6,-0.0080767884898643,0,0.008690798424779933,24344.61,24051.239999999998,23443.615,24376.897999999997,1608.3499999999985,73.98372873952341,86.30780065766157,-134.15375181658106,0.017368164639058166
2026-04-22,24470.85,24515.95,24352.9,24378.1,-0.0084112379553779,0,-0.008076788489864373,24373.969999999998,24176.685,23512.4125,24348.94,1254.449999999997,80.33766156765094,111.51260151442693,-85.02048115037947,0.01558372718982437
2026-04-23,24202.35,24310.2,24134.8,24173.05,-0.0113804422693867,0,-0.008411237955377904,24369.23,24194.254999999997,23565.34,24319.545,175.70000000000073,73.11972757526512,113.63188877810899,-45.29000716468178,0.0157825171436113
2026-04-24,24100.55,24206.0,23813.65,23897.95,0.0081492345577758,1,-0.011380442269386726,24278.109999999997,24206.54,23634.605,24283.63,122.85000000000218,67.06465225469165,92.05204958266768,-17.82159581521189,0.014697494712677627
2026-04-27,23945.45,24130.7,23936.2,24092.7,-0.0040261157944107,0,0.00814923455777583,24223.68,24210.75,23693.620000000003,24248.138,42.10000000000218,66.48149505313307,89.63135449127367,3.668994246085223,0.014345774625572094
2026-04-28,24049.9,24181.8,23957.05,23995.7,0.0075826085506986,1,-0.004026115794410701,24107.5,24226.055,23728.0825,24209.349,153.04999999999927,63.00460802004269,78.97546683287874,18.730288763443927,0.01399061104173874
2026-04-29,24096.9,24334.7,24059.95,24177.65,-0.0074490283381553,0,0.0075826085506986995,24067.41,24220.69,23795.985,24173.825,-53.64999999999782,53.38769681710577,84.24136149558399,31.83250330987194,0.013000638474264862
2026-04-30,23996.95,24087.45,23796.85,23997.55,0.00507343457978,1,-0.007449028338155417,24032.31,24200.77,23879.2925,24137.631999999998,-199.20000000000073,54.246931021974476,73.04009535957812,40.074021719813175,0.011957006057478303
2026-05-04,24063.55,24290.2,24004.75,24119.3,-0.0035863395703855,0,0.005073434579780045,24076.58,24177.344999999998,23951.2875,24110.596,-234.25,51.393396073340924,73.14405955091934,46.688029286034414,0.011632483295914382
2026-05-05,24052.6,24081.7,23882.05,24032.8,0.0124059618521354,1,-0.003586339570385566,24064.6,24144.140000000003,24017.2725,24077.597,-332.0499999999993,54.05653333333329,65.49167754070368,50.44875893696827,0.011725503410303238
2026-05-06,24171.0,24356.5,23997.9,24330.95,-0.0001767296385878,0,0.012405961852135494,24131.65,24119.575,24085.4075,24049.708,-245.64999999999782,52.21125041606572,82.53392323023945,56.865791795622506,0.011772234425894597
2026-05-07,24398.5,24482.1,24284.0,24326.65,-0.0061866307115858,0,-0.00017672963858783586,24161.45,24114.43,24145.5575,24019.854000000003,-51.44999999999709,52.92172739541164,94.6025325513292,64.41313994676385,0.011756173317035089
2026-05-08,24233.65,24253.8,24126.65,24176.15,-0.0149031173284415,0,-0.006186630711585872,24197.170000000002,24114.74,24154.4975,23994.29,3.100000000002183,45.99855641268557,90.97420614988732,69.72535318738855,0.008488138045697683
2026-05-11,23970.1,23997.45,23799.1,23815.85,-0.0183197324470887,0,-0.014903117328441629,24136.48,24106.53,24156.535,23959.182,-82.10000000000218,39.30116537397203,58.35287684790819,67.45085791949248,0.00890958257502637
2026-05-12,23722.6,23757.55,23348.4,23379.55,0.0014136285771111,1,-0.018319732447088732,24005.83,24035.215,24122.9825,23912.513,-713.1500000000015,28.549413135023784,-2.674693139088049,53.425747707776374,0.009381452634839887
2026-05-13,23362.45,23582.95,23262.55,23412.6,0.0118312361719757,1,0.0014136285771111368,23822.159999999996,23976.905,24101.480000000003,23872.272,-583.1000000000022,31.608122523620878,-47.82136827831346,33.176324510558416,0.009239521112376137
2026-05-14,23530.25,23777.2,23426.55,23689.6,-0.0019460016209644,0,0.011831236171975679,23694.75,23928.1,24074.394999999997,23836.414000000004,-488.0500000000029,41.03643274311672,-60.55085599960876,14.430888408524982,0.008848154514657954
2026-05-15,23731.4,23839.3,23610.3,23643.5,0.0002728022500899,1,-0.001946001620964366,23588.219999999998,23892.695,24046.7325,23799.353000000003,-354.0499999999993,44.844493972241914,-73.51155599777849,-3.1576004727357123,0.008849950048699368
2026-05-18,23482.2,23695.65,23317.1,23649.95,-0.0013509542303472,0,0.00027280225008996517,23555.04,23845.760000000002,24011.552499999998,23768.779,-469.34999999999854,40.28822742328195,-82.31368213881797,-18.988816805952165,0.008676583106486281
2026-05-19,23675.3,23782.3,23587.2,23618.0,0.0017359640951816,1,-0.0013509542303472566,23602.73,23804.28,23974.21,23743.825,-414.7999999999993,41.47173049132948,-90.82060510244264,-33.355174465250265,0.00866522699874655
2026-05-20,23457.25,23690.9,23397.3,23659.0,-0.0001817490172872,0,0.0017359640951817301,23652.01,23737.085,23928.329999999998,23727.395,-671.9500000000007,37.49306711037159,-93.17992531494019,-45.32012463518825,0.008368374087179203
2026-05-21,23830.05,23859.9,23596.6,23654.7,0.0027309583296342,1,-0.00018174901728729154,23645.03,23669.890000000003,23892.16,23705.171000000002,-671.9500000000007,40.966458514478475,-94.30953601914734,-55.118006911980075,0.008245357671242506
2026-05-22,23671.2,23835.65,23671.0,23719.3,0.0131707090850067,1,0.0027309583296342144,23660.19,23624.204999999998,23869.4725,23690.548000000003,-456.8500000000022,39.133387666395,-88.96652975014877,-61.88771147961382,0.008127444295514617
2026-05-25,23940.25,24054.45,23922.85,24031.7,-0.0049101811357498,0,0.013170709085006838,23736.54,23645.79,23876.16,23690.621,215.85000000000218,49.97338366240809,-58.84575241972925,-61.27931966763691,0.008315560769718818
2026-05-26,24004.1,24089.8,23885.45,23913.7,-0.0002739015710659,0,-0.004910181135749814,23795.68,23699.204999999998,23867.21,23683.662999999997,534.1500000000015,38.93969516235918,-43.989351349802746,-57.82132600407008,0.008179384106130427
2026-05-27,23880.35,23983.2,23858.25,23907.15,-0.0150331595359547,0,-0.0002739015710658821,23845.31,23748.66,23862.782499999998,23684.469000000005,494.5500000000029,38.89330156208631,-32.37092485513858,-52.731245774283785,0.008133311487905467
2026-05-29,23902.15,24002.8,23484.75,23547.75,-0.0070134089244195,0,-0.015033159535954743,23823.920000000002,23734.475,23831.2875,23682.641,-141.84999999999854,35.01954801182414,-51.56935509600589,-52.49886763862821,0.008562016018630964
2026-06-01,23654.5,23733.7,23357.95,23382.6,0.0043173128736753,1,-0.007013408924419595,23756.58,23708.385000000002,23800.54,23687.271,-260.90000000000146,38.61216979892233,-79.19753428647891,-57.83860096819836,0.008546046901010218
2026-06-02,23229.15,23556.95,23229.15,23483.55,-0.0033193448179683,0,0.004317312873675316,23646.95,23691.745000000003,23768.7525,23688.766,-166.40000000000146,53.31865466845364,-91.88801616748606,-64.6484840080559,0.008518170376360693
2026-06-03,23415.95,23459.65,23151.5,23405.6,0.0004678367570154,1,-0.0033193448179683616,23545.329999999998,23670.504999999997,23737.392499999998,23685.255,-212.40000000000146,49.78285147040576,-107.00177814072595,-73.11914283458992,0.008514607368585517
2026-06-04,23282.45,23465.3,23247.3,23416.55,-0.0021288362290772,0,0.0004678367570154496,23447.21,23646.260000000002,23691.672499999997,23678.03,-242.45000000000073,39.855099386959,-116.75014688738884,-81.84534364514971,0.007900476043115149
2026-06-05,23478.95,23516.35,23282.65,23366.7,-0.0104293717127365,0,-0.0021288362290772245,23411.0,23617.46,23643.675,23685.321,-288.0,39.74434975917012,-127.03390990100888,-90.88305689632156,0.007890329290862693
2026-06-08,23080.7,23267.3,23070.15,23123.0,0.0051507157375772,1,-0.010429371712736502,23359.079999999998,23557.829999999998,23591.017499999998,23685.491,-596.2999999999993,33.3953048684418,-153.08376514073097,-103.32319854520344,0.008064455654817195
2026-06-09,23259.05,23279.4,23104.45,23242.1,-0.0011681388514806,0,0.005150715737577194,23310.79,23478.87,23562.329999999998,23700.08,-789.6000000000022,38.77173068881053,-162.24779685115936,-115.10811820639464,0.00763636519158261
2026-06-10,23233.95,23425.35,23184.6,23214.95,-0.0022980880854794,0,-0.0011681388514805935,23272.66,23408.995000000003,23554.1,23706.130999999998,-698.75,36.62540284931179,-169.74442799920507,-126.03538016495673,0.006488280226485753
2026-06-11,23104.4,23327.45,23072.05,23161.6,0.019916586073501,1,-0.0022980880854794883,23221.67,23334.44,23541.55,23703.234,-745.5500000000029,35.57427886021878,-177.93928798130582,-136.41616172822657,0.006488769252670164
2026-06-12,23412.55,23645.35,23313.9,23622.9,0.0097786469908436,1,0.019916586073501108,23272.91,23341.955,23538.215,23719.3,75.15000000000146,47.711083673663275,-145.533103773756,-138.23955013733246,0.007475542737492924
2026-06-15,23984.85,24011.4,23817.8,23853.9,0.00566993238003,1,0.009778646990843631,23419.09,23389.085,23548.735,23749.75,471.3000000000029,45.60857538035964,-100.05779587583311,-130.6031992850326,0.007777964585801024
2026-06-16,23923.9,24002.6,23888.2,23989.15,0.0040247361828159,1,0.005669932380029996,23568.500000000004,23439.644999999997,23565.695,23775.945,505.6000000000022,51.847770185879085,-52.499559820469585,-114.98247139212,0.007863852420350337
2026-06-17,24044.5,24108.2,23969.7,24085.7,0.0034169652532415,1,0.004024736182815847,23742.65,23507.655000000002,23589.079999999998,23803.396999999997,680.1000000000022,54.188070274200705,-6.938553682277416,-93.3736878501515,0.007880418350263497
2026-06-18,24073.8,24189.25,24036.95,24168.0,-0.0064093015557762,0,0.003416965253241422,23943.93,23582.8,23614.53,23827.391999999996,751.4500000000007,66.72238548434927,35.4017052998679,-67.61860922014762,0.007897510701396696
2026-06-19,23991.2,24047.2,23901.9,24013.1,0.0037396254544395,1,-0.006409301555776348,24021.97,23647.440000000002,23632.45,23845.181,646.3999999999978,67.09320609445317,55.8141394847371,-42.932059479170675,0.008071329465127777
2026-06-22,24106.6,24168.05,24073.15,24102.9,-0.0115670728418573,0,0.0037396254544395102,24071.77,23745.43,23651.629999999997,23847.291999999998,979.9000000000015,66.89305294165783,78.33426154428525,-18.67879527447949,0.008087277149002887
2026-06-23,24071.3,24135.5,23784.95,23824.1,0.008292023623138,1,-0.011567072841857318,24038.76,23803.629999999997,23641.25,23848.272,582.0,60.287610619468985,72.84507784114612,-0.3740206513543676,0.007992249276485041
2026-06-24,23795.8,24090.05,23789.25,24021.65,0.0014299600568653,1,0.008292023623138078,24025.95,23884.3,23646.6475,23847.693,806.7000000000007,63.6246960281005,83.47326636043726,16.39543675100396,0.008144193661690691
2026-06-25,24125.85,24261.6,24039.0,24056.0,-0.0045622713668107,0,0.0014299600568652426,24003.55,23973.74,23654.09,23851.96,894.4000000000015,65.62967665865486,93.58910333298627,31.83417006740042,0.008147262384463153
2026-06-29,24061.75,24120.0,23924.55,23946.25,-0.0033616954637991,0,-0.004562271366810755,23990.18,24006.075,23674.015,23846.259,323.34999999999854,69.8742244646693,91.69308838745201,43.80595373141074,0.007410364960446889
2026-06-30,24032.05,24035.55,23829.2,23865.75,0.0058703371987051,1,-0.0033616954637991636,23942.75,24007.260000000002,23698.172499999997,23839.639,11.849999999998545,65.34156601313617,82.7410186906709,51.592966723262776,0.007249255636506566
2026-07-01,23897.65,24049.9,23895.1,24005.85,0.0070753587146467,1,0.005870337198705222,23979.1,24008.93,23724.2875,23832.685,16.69999999999709,68.43160102540186,85.96043965540593,58.46646130969141,0.007294296038728748
2026-07-02,24062.2,24194.55,24058.8,24175.7,0.0039357702155469,1,0.007075358714646818,24009.91,24017.93,23762.792500000003,23828.902,90.0,72.41600353669313,101.05245961746186,66.9836609712455,0.0073311399510208606
2026-07-03,24375.65,24378.15,24252.35,24270.85,0.0065716693070082,1,0.003935770215546919,24052.879999999997,24028.215,23805.5075,23822.787,102.84999999999854,67.08864097898027,119.31541019038195,77.4500108150728,0.00734282491523729
2026-07-06,24306.85,24458.65,24287.1,24430.35,-0.0012955197121612,0,0.006571669307008143,24149.7,24069.94,23858.69,23823.832,417.25,65.79877764683299,144.98791664847522,90.9575919817533,0.007354359877208076
2026-07-07,24464.45,24530.9,24348.95,24398.7,-0.0211753085205359,0,-0.0012955197121612416,24256.29,24099.519999999997,23922.475,23828.345,295.7999999999993,61.9003341566177,160.92463348432284,104.95100028226722,0.006787018119789323
2026-07-08,24259.55,24300.0,23805.2,23882.05,0.0033812005250805,1,-0.02117530852053595,24231.530000000002,24105.315,23954.4725,23828.027,57.95000000000073,45.243711609874566,130.3625212219922,110.03330447021223,0.008599674205552263
2026-07-09,23928.95,24134.7,23925.7,23962.8,0.0101866225983608,1,0.0033812005250806187,24188.95,24099.43,23991.865,23825.429,-58.85000000000218,45.20403870424905,111.37382903671823,110.30140938351343,0.00858849046479933
2026-07-10,24124.7,24228.45,24120.35,24206.9,0.0001693731952459,1,0.010186622598360895,24176.16,24114.519999999997,24044.129999999997,23829.653000000002,150.90000000000146,54.34821628898367,114.69979579713254,111.18108666623726,0.008740954776028301
2026-07-13,24039.4,24259.8,24000.2,24211.0,-0.0065651976374375,0,0.00016937319524590322,24132.29,24140.995,24073.535,23830.32,264.75,52.522400597349225,116.32555555759609,112.20998044450903,0.007692249132113068
2026-07-14,24068.0,24157.1,24023.7,24052.05,0.0010996983625096,1,-0.00656519763743757,24062.96,24159.625,24083.442499999997,23831.41,186.29999999999927,55.63409871721991,103.59387952311954,110.48676026023114,0.007607151186706408
2026-07-15,24085.85,24220.35,24010.55,24078.5,-0.0002388022509707,0,0.0010996983625095602,24102.25,24166.890000000003,24087.909999999996,23830.593999999997,72.65000000000146,51.53495153495149,94.54833414542009,107.29907503726893,0.007509843807208961
2026-07-16,24142.1,24186.5,24050.0,24072.75,0.010864982189405,1,-0.00023880225097083763,24124.24,24156.595,24087.2625,23831.392999999996,-102.95000000000073,50.45934457699163,85.92520504157073,103.0243010381293,0.00745626525812435
2026-07-17,24127.6,24367.3,24099.05,24334.3,-0.003936829906757,0,0.010864982189404904,24149.72,24162.94,24095.577500000003,23831.46,63.45000000000073,59.82380192906507,99.05437505945156,102.23031584239376,0.007813366982692095
2026-07-20,24190.05,24266.1,24135.85,24238.5,-0.0020958392639808,0,-0.003936829906757144,24155.22,24143.754999999997,24106.847499999996,23829.696999999996,-191.84999999999854,59.36393096691537,100.56977179642854,101.89820703320073,0.007719419524348401
2026-07-21,24216.05,24262.2,24135.65,24187.7,-0.0079151800295191,0,-0.0020958392639808254,24182.35,24122.655000000002,24111.0875,23829.928,-211.0,54.782883143526,96.55853252430097,100.83027213142078,0.007700614003348731
2026-07-22,24150.45,24166.3,23961.4,23996.25,-0.0052779080064594,0,-0.007915180029519187,24165.9,24134.075,24119.695,23833.535999999996,114.20000000000073,45.33326398460456,77.04307688346671,96.07283308182998,0.007445897279849054
2026-07-23,23904.8,23990.75,23807.2,23869.6,-0.0042795019606527,0,-0.005277908006459442,24125.269999999997,24124.754999999997,24112.092500000002,23843.337000000003,-93.20000000000073,39.73338791802063,50.77207230010026,87.01268092548405,0.007304533124827429
2026-07-24,23666.35,23823.6,23606.3,23767.45,0.0096139888797494,1,-0.004279501960652743,24011.9,24080.81,24097.665,23850.433999999997,-439.4500000000007,32.52583298186424,21.46205933820238,73.90255660802772,0.007345149659179084
2026-07-27,23928.4,24011.6,23891.55,23995.95,-0.000441741210496,0,0.009613988879749513,23963.39,24059.305,24100.15,23856.560999999998,-215.04999999999927,40.38163016741098,16.481712324311957,62.41838775128457,0.0076192678659849885
2026-07-28,23971.25,24041.15,23954.6,23985.35,0.0110421569833253,1,-0.000441741210496005,23922.92,24052.635,24106.13,23863.397999999997,-66.70000000000073,53.25333837238597,11.546321218564117,52.24397444474048,0.007576668862399345
2026-07-29,24176.65,24283.55,24136.75,24250.2,0.0027608019727672,1,0.011042156983325224,23973.71,24069.805,24118.347499999996,23875.403,171.70000000000073,58.11085398205116,28.67561512467364,47.53030258072712,0.007860542361885619
2026-07-30,24249.55,24342.95,24187.1,24317.15,0.0027326393101164,1,0.0027608019727671795,24063.22,24094.245,24125.42,23889.386000000002,244.40000000000146,53.45708820670408,47.10995519214339,47.44623310301037,0.007729743391119352
2026-07-31,24361.45,24429.4,24299.7,24383.6,0.0160230646828196,1,0.002732639310116358,24186.45,24099.175,24131.057500000003,23903.877999999997,49.29999999999927,55.208521938559905,66.31680333398253,51.220347149204805,0.007704765840989874
2026-08-03,24572.7,24774.3,24515.15,24774.3,-0.0064340869368659,0,0.016023064682819665,24342.12,24152.754999999997,24148.255,23926.27,535.7999999999993,69.12080057183701,111.77610825042575,63.331499369449006,0.00837312203111247
2026-08-04,24703.9,24703.9,24427.95,24614.9,0.0003961015482492,1,-0.006434086936865979,24468.030000000002,24195.475,24159.065,23944.181999999997,427.2000000000007,63.26671943015438,133.402901467005,77.34577978896021,0.008516246166625956
2026-08-05,24669.2,24677.6,24497.95,24624.65,0.0004609202567345,1,0.00039610154824920585,24542.920000000002,24258.315,24196.195,23956.041,628.4000000000015,63.62312401263828,149.6044870188307,91.79752123493432,0.00682863983964799
2026-08-06,24641.0,24677.05,24604.15,24636.0,-0.002652622178925,0,0.0004609202567344983,24606.69,24334.955,24229.855,23970.487,766.4000000000015,58.49667680522702,161.49855561905133,105.73772811175773,0.006818733859863264
2026-08-07,24538.9,24630.4,24522.75,24570.65,0.0005351913767034,1,-0.002652622178925146,24644.100000000002,24415.275,24248.042500000003,23983.756999999998,803.2000000000007,59.51746468380189,163.7637255409427,117.34292759759472,0.006547785411159835
2026-08-10,24581.25,24620.95,24511.1,24583.8,-0.0045599134389312,0,0.0005351913767033256,24606.0,24474.059999999998,24266.682500000003,24004.478,587.8499999999985,61.60018743044572,164.7211808866923,126.81857825541425,0.006546540990241603
2026-08-11,24575.1,24576.85,24429.25,24471.7,-0.0014608711286915,0,-0.004559913438931251,24577.36,24522.695,24287.665,24026.26,486.3500000000022,64.60272121379657,154.65170936684444,132.3852044777003,0.006442580608337716
2026-08-12,24472.45,24473.3,24265.95,24435.95,-0.0016410248015731,0,-0.0014608711286915321,24539.620000000003,24541.27,24305.5375,24045.307999999997,185.75,68.42327835789354,142.14825778443628,134.3378151390475,0.006463494678887938
2026-08-13,24431.6,24431.6,24311.4,24395.85,-0.0012235687627198,0,-0.0016410248015731321,24491.590000000004,24549.140000000003,24321.6925,24065.112999999998,78.69999999999709,71.30169491525422,127.53332269526072,132.97691665029015,0.006482440295849346
2026-08-14,24361.9,24405.2,24296.8,24366.0,-0.0032155462529753,0,-0.0012235687627197844,24450.659999999996,24547.379999999997,24323.277500000004,24084.102000000003,-17.599999999998545,64.49641555999533,112.2483071958195,128.83119475939603,0.00603133944153026
2026-08-17,24343.45,24360.1,24226.95,24287.65,-0.0054657408188935,0,-0.0032155462529753764,24391.43,24498.715000000004,24325.735,24102.520999999997,-486.6499999999978,61.24544304739249,92.74354226382638,121.6136642602821,0.006008154292172605
2026-08-18,24223.85,24269.65,24154.9,24154.9,-0.0031711992183781,0,-0.005465740818893505,24328.07,24452.715,24324.095,24123.159,-460.0,46.06848184818481,65.81538122293568,110.45400765281283,0.006119735490045622
2026-08-19,24152.05,24172.85,24025.65,24078.3,0.0063771113409168,1,-0.0031711992183781623,24256.54,24398.079999999998,24328.197500000002,24139.883,-546.3500000000022,40.224286825195264,37.85724500886863,95.934655124024,0.0058863311529296
2026-08-20,24225.45,24265.15,24184.55,24231.85,0.000831550211808,1,0.006377111340916786,24223.74,24357.665,24346.31,24160.221,-404.15000000000146,44.20248328557781,27.770303587487433,82.3017848167167,0.005893743116201245
2026-08-21,24284.05,24284.05,24206.8,24252.0,-0.001358650832921,0,0.0008315502118081408,24200.940000000002,24325.8,24370.5375,24182.029,-318.65000000000146,22.1647836282241,21.15836596574809,70.07310104652298,0.005772849743068823
2026-08-24,24285.05,24313.0,24144.3,24219.05,0.0047689731843321,1,-0.0013586508329209712,24187.22,24289.325,24381.6925,24193.952,-364.75,25.617493070526393,13.10846194910846,58.68017322704007,0.005424550053778643
2026-08-25,24175.75,24334.55,24115.45,24334.55,-0.0052106983691911,0,0.004768973184332115,24223.15,24275.61,24399.1525,24203.565,-137.15000000000146,34.190735694822706,15.865848124685726,50.117308206569206,0.00550268509544766
2026-08-26,24341.95,24378.6,24207.75,24207.75,-0.0048290320248681,0,-0.00521069836919108,24249.04,24252.79,24397.03,24207.937,-228.20000000000073,29.270535843942056,7.730286317804712,41.63990382881631,0.005085019298648497
2026-08-27,24277.6,24297.45,24090.85,24090.85,0.0035200086339835,1,-0.004829032024868174,24220.84,24222.29,24385.715,24208.04,-305.0,27.87920700783758,-8.05717989918412,31.700487083216228,0.005145074436105675
2026-08-28,24122.6,24188.3,24076.85,24175.65,-0.0039399147489312,0,0.0035200086339834957,24205.57,24203.255,24375.317499999997,24208.193000000003,-190.34999999999854,32.34874367512883,-13.569785284009413,22.646432609771104,0.005173680738848782
2026-08-31,24117.55,24128.7,23993.6,24080.4,-0.0010215777146559,0,-0.003939914748931295,24177.84,24182.53,24340.6225,24209.539,-207.25,32.827174580883124,-25.332427277433453,13.050660632330192,0.0034856206238150353
2026-09-01,24077.55,24143.15,23952.55,24055.8,-0.0058759218151131,0,-0.0010215777146559413,24122.090000000004,24172.620000000003,24312.667500000003,24208.597,-99.10000000000218,33.151619908700155,-36.2218769614301,3.1961531135781343,0.0032793263860707625
2026-09-02,23858.0,23914.45,23786.8,23914.45,-0.0017144446140304,0,-0.005875921815113094,24063.43,24156.235,24277.1575,24210.404,-163.84999999999854,30.421343744916385,-55.616495637365006,-8.566376636610494,0.003421219657201434
2026-09-03,23997.95,24025.4,23873.45,23873.45,0.0010157727517388,1,-0.0017144446140304748,24019.95,24120.395,24239.03,24207.44,-358.3999999999978,30.14791826206131,-73.44855875226858,-21.542813059742112,0.0033914987336262246
2026-09-04,23910.9,24005.75,23895.85,23897.7,-0.0049607284383015,0,0.0010157727517388082,23964.36,24084.965,24205.3825,24204.274000000005,-354.2999999999993,33.5665219773274,-84.64805482517477,-34.163861412828645,0.003428598874134676
2026-09-07,23883.15,23890.0,23737.9,23779.15,-0.0060578279711429,0,-0.0049607284383015315,23904.11,24040.975,24165.15,24200.932,-439.8999999999978,33.97312859884846,-101.91491864496857,-47.71407285925663,0.003486607525538234
2026-09-08,23743.1,23758.95,23623.1,23635.1,-0.0086143066879344,0,-0.0060578279711429595,23819.969999999998,23971.03,24123.32,24196.319000000003,-699.4500000000007,32.124707590546194,-125.77283282122153,-63.325824851649614,0.0035674042473899715
2026-09-09,23522.05,23571.55,23431.5,23431.5,0.0019759725156306,1,-0.008614306687934392,23723.379999999997,23893.405,24073.0975,24184.832000000002,-776.25,18.972669121923076,-159.27321762801512,-82.51530340692273,0.0038834324957779075
2026-09-10,23446.6,23494.95,23380.1,23477.8,-0.00339469626626,0,0.0019759725156305308,23644.25,23832.1,24027.195,24170.874,-613.0499999999993,20.58287103883282,-180.01143116463936,-102.01452895846606,0.003988216491869581
2026-09-11,23270.3,23448.1,23231.4,23398.1,-0.0119454143712523,0,-0.0033946962662601,23544.329999999998,23754.345,23978.8,24153.418999999998,-777.5500000000029,19.876710820827142,-200.5657417000075,-121.72477150677436,0.003998128205209271
2026-09-15,23576.15,23592.85,23118.6,23118.6,0.0042822662271936,1,-0.011945414371252405,23412.219999999998,23658.165,23920.3475,24127.184000000005,-961.8000000000029,10.175875282481357,-236.6801930687434,-144.71585581916818,0.004571312949205856
2026-09-16,23201.6,23284.75,23116.1,23217.6,0.0022827510164702,1,0.004282266227193743,23328.72,23574.344999999998,23873.482500000002,24103.561999999998,-838.2000000000007,16.96967675217674,-254.38034507480188,-166.64875367029492,0.004749446811718122
2026-09-17,23195.25,23363.55,23193.65,23270.6,0.0032573289902281,1,0.0022827510164702414,23296.54,23509.96,23833.0975,24091.333000000002,-643.8500000000022,21.418864768807367,-261.1211439960789,-185.5432317354517,0.004832462927827926
